0 verbose cli /usr/local/bin/node /usr/local/bin/npm
1 info using npm@11.6.2
2 info using node@v24.12.0
3 silly config load:file:/usr/local/lib/node_modules/npm/npmrc
4 silly config load:file:/Users/somanathkambar/IdeaProjects/OrderManagement/.npmrc
5 silly config load:file:/Users/somanathkambar/.npmrc
6 silly config load:file:/usr/local/etc/npmrc
7 verbose title npm install
8 verbose argv "install"
9 verbose logfile logs-max:10 dir:/Users/somanathkambar/IdeaProjects/OrderManagement/.npm-cache/_logs/2026-01-05T17_15_03_489Z-
10 verbose logfile /Users/somanathkambar/IdeaProjects/OrderManagement/.npm-cache/_logs/2026-01-05T17_15_03_489Z-debug-0.log
11 silly logfile done cleaning log files
12 silly packumentCache heap:4496293888 maxSize:1124073472 maxEntrySize:562036736
13 silly idealTree buildDeps
14 silly fetch manifest react-dom@18.3.1
15 silly packumentCache full:https://registry.npmjs.org/react-dom cache-miss
16 http fetch GET 200 https://registry.npmjs.org/react-dom 499ms (cache revalidated)
17 silly packumentCache full:https://registry.npmjs.org/react-dom set size:8375290 disposed:false
18 silly fetch manifest react@18.3.1
19 silly packumentCache full:https://registry.npmjs.org/react cache-miss
20 http fetch GET 200 https://registry.npmjs.org/react 139ms (cache revalidated)
21 silly packumentCache full:https://registry.npmjs.org/react set size:6362621 disposed:false
22 silly fetch manifest @nx/eslint-plugin@22.3.3
23 silly packumentCache full:https://registry.npmjs.org/@nx%2feslint-plugin cache-miss
24 http fetch GET 200 https://registry.npmjs.org/@nx%2feslint-plugin 1536ms (cache miss)
25 silly packumentCache full:https://registry.npmjs.org/@nx%2feslint-plugin set size:undefined disposed:false
26 silly fetch manifest @typescript-eslint/parser@^6.13.2 || ^7.0.0 || ^8.0.0
27 silly packumentCache full:https://registry.npmjs.org/@typescript-eslint%2fparser cache-miss
28 http fetch GET 200 https://registry.npmjs.org/@typescript-eslint%2fparser 2214ms (cache miss)
29 silly packumentCache full:https://registry.npmjs.org/@typescript-eslint%2fparser set size:undefined disposed:false
30 silly fetch manifest eslint@^9.8.0
31 silly packumentCache full:https://registry.npmjs.org/eslint cache-miss
32 http fetch GET 200 https://registry.npmjs.org/eslint 122ms (cache revalidated)
33 silly packumentCache full:https://registry.npmjs.org/eslint set size:1900943 disposed:false
34 silly fetch manifest jiti@2.4.2
35 silly packumentCache full:https://registry.npmjs.org/jiti cache-miss
36 http fetch GET 200 https://registry.npmjs.org/jiti 143ms (cache revalidated)
37 silly packumentCache full:https://registry.npmjs.org/jiti set size:382310 disposed:false
38 silly fetch manifest typescript@~5.9.2
39 silly packumentCache full:https://registry.npmjs.org/typescript cache-miss
40 http cache https://registry.npmjs.org/typescript 18ms (cache hit)
41 silly packumentCache full:https://registry.npmjs.org/typescript set size:15092015 disposed:false
42 silly fetch manifest eslint-config-prettier@^10.0.0
43 silly packumentCache full:https://registry.npmjs.org/eslint-config-prettier cache-miss
44 http fetch GET 200 https://registry.npmjs.org/eslint-config-prettier 139ms (cache miss)
45 silly packumentCache full:https://registry.npmjs.org/eslint-config-prettier set size:undefined disposed:false
46 silly fetch manifest @swc-node/register@~1.9.1
47 silly packumentCache full:https://registry.npmjs.org/@swc-node%2fregister cache-miss
48 http fetch GET 200 https://registry.npmjs.org/@swc-node%2fregister 955ms (cache revalidated)
49 silly packumentCache full:https://registry.npmjs.org/@swc-node%2fregister set size:232610 disposed:false
50 silly fetch manifest @swc/core@~1.5.7
51 silly packumentCache full:https://registry.npmjs.org/@swc%2fcore cache-miss
52 http fetch GET 200 https://registry.npmjs.org/@swc%2fcore 127ms (cache revalidated)
53 silly packumentCache full:https://registry.npmjs.org/@swc%2fcore set size:3897881 disposed:false
54 silly fetch manifest @swc/helpers@~0.5.11
55 silly packumentCache full:https://registry.npmjs.org/@swc%2fhelpers cache-miss
56 http fetch GET 200 https://registry.npmjs.org/@swc%2fhelpers 111ms (cache revalidated)
57 silly packumentCache full:https://registry.npmjs.org/@swc%2fhelpers set size:655395 disposed:false
58 silly fetch manifest @swc/cli@~0.6.0
59 silly packumentCache full:https://registry.npmjs.org/@swc%2fcli cache-miss
60 http fetch GET 200 https://registry.npmjs.org/@swc%2fcli 764ms (cache miss)
61 silly packumentCache full:https://registry.npmjs.org/@swc%2fcli set size:undefined disposed:false
62 silly fetch manifest chokidar@^4.0.1
63 silly packumentCache full:https://registry.npmjs.org/chokidar cache-miss
64 http cache https://registry.npmjs.org/chokidar 2ms (cache hit)
65 silly packumentCache full:https://registry.npmjs.org/chokidar set size:255902 disposed:false
66 silly fetch manifest @testing-library/dom@10.4.0
67 silly packumentCache full:https://registry.npmjs.org/@testing-library%2fdom cache-miss
68 http fetch GET 200 https://registry.npmjs.org/@testing-library%2fdom 1254ms (cache miss)
69 silly packumentCache full:https://registry.npmjs.org/@testing-library%2fdom set size:undefined disposed:false
70 silly fetch manifest @testing-library/react@16.3.0
71 silly packumentCache full:https://registry.npmjs.org/@testing-library%2freact cache-miss
72 http fetch GET 200 https://registry.npmjs.org/@testing-library%2freact 238ms (cache miss)
73 silly packumentCache full:https://registry.npmjs.org/@testing-library%2freact set size:undefined disposed:false
74 silly fetch manifest @types/react@18.3.1
75 silly packumentCache full:https://registry.npmjs.org/@types%2freact cache-miss
76 http fetch GET 200 https://registry.npmjs.org/@types%2freact 656ms (cache miss)
77 silly packumentCache full:https://registry.npmjs.org/@types%2freact set size:undefined disposed:false
78 silly fetch manifest @types/react-dom@18.3.0
79 silly packumentCache full:https://registry.npmjs.org/@types%2freact-dom cache-miss
80 http fetch GET 200 https://registry.npmjs.org/@types%2freact-dom 204ms (cache miss)
81 silly packumentCache full:https://registry.npmjs.org/@types%2freact-dom set size:undefined disposed:false
82 silly fetch manifest @types/node@20.19.9
83 silly packumentCache full:https://registry.npmjs.org/@types%2fnode cache-miss
84 http fetch GET 200 https://registry.npmjs.org/@types%2fnode 145ms (cache revalidated)
85 silly packumentCache full:https://registry.npmjs.org/@types%2fnode set size:10733106 disposed:false
86 silly fetch manifest @vitejs/plugin-react@^4.2.0
87 silly packumentCache full:https://registry.npmjs.org/@vitejs%2fplugin-react cache-miss
88 http fetch GET 200 https://registry.npmjs.org/@vitejs%2fplugin-react 159ms (cache miss)
89 silly packumentCache full:https://registry.npmjs.org/@vitejs%2fplugin-react set size:undefined disposed:false
90 silly fetch manifest vite@^7.0.0
91 silly packumentCache full:https://registry.npmjs.org/vite cache-miss
92 http fetch GET 200 https://registry.npmjs.org/vite 133ms (cache revalidated)
93 silly packumentCache full:https://registry.npmjs.org/vite set size:38667979 disposed:false
94 silly fetch manifest less@^4.0.0
95 silly packumentCache full:https://registry.npmjs.org/less cache-miss
96 http fetch GET 200 https://registry.npmjs.org/less 119ms (cache revalidated)
97 silly packumentCache full:https://registry.npmjs.org/less set size:430648 disposed:false
98 silly fetch manifest lightningcss@^1.21.0
99 silly packumentCache full:https://registry.npmjs.org/lightningcss cache-miss
100 http fetch GET 200 https://registry.npmjs.org/lightningcss 118ms (cache revalidated)
101 silly packumentCache full:https://registry.npmjs.org/lightningcss set size:173815 disposed:false
102 silly fetch manifest sass@^1.70.0
103 silly packumentCache full:https://registry.npmjs.org/sass cache-miss
104 http fetch GET 200 https://registry.npmjs.org/sass 119ms (cache revalidated)
105 silly packumentCache full:https://registry.npmjs.org/sass set size:717876 disposed:false
106 silly fetch manifest sass-embedded@^1.70.0
107 silly packumentCache full:https://registry.npmjs.org/sass-embedded cache-miss
108 http fetch GET 200 https://registry.npmjs.org/sass-embedded 118ms (cache revalidated)
109 silly packumentCache full:https://registry.npmjs.org/sass-embedded set size:399232 disposed:false
110 silly fetch manifest stylus@>=0.54.8
111 silly packumentCache full:https://registry.npmjs.org/stylus cache-miss
112 http fetch GET 200 https://registry.npmjs.org/stylus 129ms (cache revalidated)
113 silly packumentCache full:https://registry.npmjs.org/stylus set size:286766 disposed:false
114 silly fetch manifest sugarss@^5.0.0
115 silly packumentCache full:https://registry.npmjs.org/sugarss cache-miss
116 http fetch GET 200 https://registry.npmjs.org/sugarss 103ms (cache revalidated)
117 silly packumentCache full:https://registry.npmjs.org/sugarss set size:44975 disposed:false
118 silly fetch manifest postcss@latest
119 silly packumentCache full:https://registry.npmjs.org/postcss cache-miss
120 http fetch GET 200 https://registry.npmjs.org/postcss 136ms (cache revalidated)
121 silly packumentCache full:https://registry.npmjs.org/postcss set size:696248 disposed:false
122 silly fetch manifest terser@^5.16.0
123 silly packumentCache full:https://registry.npmjs.org/terser cache-miss
124 http fetch GET 200 https://registry.npmjs.org/terser 116ms (cache revalidated)
125 silly packumentCache full:https://registry.npmjs.org/terser set size:780033 disposed:false
126 silly fetch manifest tsx@^4.8.1
127 silly packumentCache full:https://registry.npmjs.org/tsx cache-miss
128 http fetch GET 200 https://registry.npmjs.org/tsx 112ms (cache revalidated)
129 silly packumentCache full:https://registry.npmjs.org/tsx set size:289592 disposed:false
130 silly fetch manifest yaml@^2.4.2
131 silly packumentCache full:https://registry.npmjs.org/yaml cache-miss
132 http fetch GET 200 https://registry.npmjs.org/yaml 111ms (cache revalidated)
133 silly packumentCache full:https://registry.npmjs.org/yaml set size:364997 disposed:false
134 silly fetch manifest @vitest/coverage-v8@^4.0.0
135 silly packumentCache full:https://registry.npmjs.org/@vitest%2fcoverage-v8 cache-miss
136 http fetch GET 200 https://registry.npmjs.org/@vitest%2fcoverage-v8 883ms (cache miss)
137 silly packumentCache full:https://registry.npmjs.org/@vitest%2fcoverage-v8 set size:undefined disposed:false
138 silly fetch manifest @vitest/browser@4.0.16
139 silly packumentCache full:https://registry.npmjs.org/@vitest%2fbrowser cache-miss
140 http fetch GET 200 https://registry.npmjs.org/@vitest%2fbrowser 1050ms (cache miss)
141 silly packumentCache full:https://registry.npmjs.org/@vitest%2fbrowser set size:undefined disposed:false
142 silly fetch manifest vitest@^4.0.0
143 silly packumentCache full:https://registry.npmjs.org/vitest cache-miss
144 http fetch GET 200 https://registry.npmjs.org/vitest 103ms (cache revalidated)
145 silly packumentCache full:https://registry.npmjs.org/vitest set size:2056385 disposed:false
146 silly fetch manifest @edge-runtime/vm@*
147 silly packumentCache full:https://registry.npmjs.org/@edge-runtime%2fvm cache-miss
148 http fetch GET 200 https://registry.npmjs.org/@edge-runtime%2fvm 909ms (cache revalidated)
149 silly packumentCache full:https://registry.npmjs.org/@edge-runtime%2fvm set size:269934 disposed:false
150 silly fetch manifest @opentelemetry/api@^1.9.0
151 silly packumentCache full:https://registry.npmjs.org/@opentelemetry%2fapi cache-miss
152 http fetch GET 200 https://registry.npmjs.org/@opentelemetry%2fapi 110ms (cache revalidated)
153 silly packumentCache full:https://registry.npmjs.org/@opentelemetry%2fapi set size:455567 disposed:false
154 silly fetch manifest @vitest/browser-playwright@4.0.16
155 silly packumentCache full:https://registry.npmjs.org/@vitest%2fbrowser-playwright cache-miss
156 http fetch GET 200 https://registry.npmjs.org/@vitest%2fbrowser-playwright 608ms (cache revalidated)
157 silly packumentCache full:https://registry.npmjs.org/@vitest%2fbrowser-playwright set size:66902 disposed:false
158 silly fetch manifest playwright@*
159 silly packumentCache full:https://registry.npmjs.org/playwright cache-miss
160 http fetch GET 200 https://registry.npmjs.org/playwright 136ms (cache revalidated)
161 silly packumentCache full:https://registry.npmjs.org/playwright set size:15453712 disposed:false
162 silly fetch manifest @vitest/browser-preview@4.0.16
163 silly packumentCache full:https://registry.npmjs.org/@vitest%2fbrowser-preview cache-miss
164 http fetch GET 200 https://registry.npmjs.org/@vitest%2fbrowser-preview 949ms (cache revalidated)
165 silly packumentCache full:https://registry.npmjs.org/@vitest%2fbrowser-preview set size:64319 disposed:false
166 silly fetch manifest @vitest/browser-webdriverio@4.0.16
167 silly packumentCache full:https://registry.npmjs.org/@vitest%2fbrowser-webdriverio cache-miss
168 http fetch GET 200 https://registry.npmjs.org/@vitest%2fbrowser-webdriverio 511ms (cache revalidated)
169 silly packumentCache full:https://registry.npmjs.org/@vitest%2fbrowser-webdriverio set size:66655 disposed:false
170 silly fetch manifest webdriverio@*
171 silly packumentCache full:https://registry.npmjs.org/webdriverio cache-miss
172 http fetch GET 200 https://registry.npmjs.org/webdriverio 112ms (cache revalidated)
173 silly packumentCache full:https://registry.npmjs.org/webdriverio set size:3094817 disposed:false
174 silly fetch manifest puppeteer-core@>=22.x || <=24.x
175 silly packumentCache full:https://registry.npmjs.org/puppeteer-core cache-miss
176 http fetch GET 200 https://registry.npmjs.org/puppeteer-core 108ms (cache revalidated)
177 silly packumentCache full:https://registry.npmjs.org/puppeteer-core set size:1442982 disposed:false
178 silly fetch manifest @vitest/ui@^4.0.0
179 silly packumentCache full:https://registry.npmjs.org/@vitest%2fui cache-miss
180 http fetch GET 200 https://registry.npmjs.org/@vitest%2fui 123ms (cache revalidated)
181 silly packumentCache full:https://registry.npmjs.org/@vitest%2fui set size:1171989 disposed:false
182 silly fetch manifest happy-dom@*
183 silly packumentCache full:https://registry.npmjs.org/happy-dom cache-miss
184 http fetch GET 200 https://registry.npmjs.org/happy-dom 92ms (cache revalidated)
185 silly packumentCache full:https://registry.npmjs.org/happy-dom set size:2364783 disposed:false
186 silly fetch manifest jsdom@~22.1.0
187 silly packumentCache full:https://registry.npmjs.org/jsdom cache-miss
188 http fetch GET 200 https://registry.npmjs.org/jsdom 122ms (cache revalidated)
189 silly packumentCache full:https://registry.npmjs.org/jsdom set size:1033479 disposed:false
190 silly fetch manifest canvas@^2.5.0
191 silly packumentCache full:https://registry.npmjs.org/canvas cache-miss
192 http fetch GET 200 https://registry.npmjs.org/canvas 362ms (cache revalidated)
193 silly packumentCache full:https://registry.npmjs.org/canvas set size:363722 disposed:false
194 silly fetch manifest eslint-plugin-import@2.31.0
195 silly packumentCache full:https://registry.npmjs.org/eslint-plugin-import cache-miss
196 http fetch GET 200 https://registry.npmjs.org/eslint-plugin-import 121ms (cache miss)
197 silly packumentCache full:https://registry.npmjs.org/eslint-plugin-import set size:undefined disposed:false
198 silly fetch manifest eslint-plugin-jsx-a11y@6.10.1
199 silly packumentCache full:https://registry.npmjs.org/eslint-plugin-jsx-a11y cache-miss
200 http fetch GET 200 https://registry.npmjs.org/eslint-plugin-jsx-a11y 114ms (cache miss)
201 silly packumentCache full:https://registry.npmjs.org/eslint-plugin-jsx-a11y set size:undefined disposed:false
202 silly fetch manifest eslint-plugin-react@7.35.0
203 silly packumentCache full:https://registry.npmjs.org/eslint-plugin-react cache-miss
204 http fetch GET 200 https://registry.npmjs.org/eslint-plugin-react 150ms (cache miss)
205 silly packumentCache full:https://registry.npmjs.org/eslint-plugin-react set size:undefined disposed:false
206 silly fetch manifest eslint-plugin-react-hooks@5.0.0
207 silly packumentCache full:https://registry.npmjs.org/eslint-plugin-react-hooks cache-miss
208 http fetch GET 200 https://registry.npmjs.org/eslint-plugin-react-hooks 717ms (cache miss)
209 silly packumentCache full:https://registry.npmjs.org/eslint-plugin-react-hooks set size:undefined disposed:false
210 silly fetch manifest prettier@~3.6.2
211 silly packumentCache full:https://registry.npmjs.org/prettier cache-miss
212 http cache https://registry.npmjs.org/prettier 4ms (cache hit)
213 silly packumentCache full:https://registry.npmjs.org/prettier set size:642408 disposed:false
214 silly fetch manifest typescript-eslint@^8.40.0
215 silly packumentCache full:https://registry.npmjs.org/typescript-eslint cache-miss
216 http fetch GET 200 https://registry.npmjs.org/typescript-eslint 329ms (cache miss)
217 silly packumentCache full:https://registry.npmjs.org/typescript-eslint set size:undefined disposed:false
218 silly placeDep ROOT @nx/eslint-plugin@22.3.3 OK for: oms-monorepo@0.0.0 want: 22.3.3
219 silly placeDep ROOT @typescript-eslint/parser@8.52.0 OK for: @nx/eslint-plugin@22.3.3 want: ^6.13.2 || ^7.0.0 || ^8.0.0
220 silly placeDep ROOT @swc-node/register@1.9.2 OK for: oms-monorepo@0.0.0 want: ~1.9.1
221 silly placeDep ROOT @swc/core@1.5.29 OK for: @swc-node/register@1.9.2 want: >= 1.4.13
222 silly placeDep ROOT @swc/cli@0.6.0 OK for: oms-monorepo@0.0.0 want: ~0.6.0
223 silly placeDep ROOT @swc/helpers@0.5.18 OK for: oms-monorepo@0.0.0 want: ~0.5.11
224 silly placeDep ROOT @testing-library/dom@10.4.0 OK for: oms-monorepo@0.0.0 want: 10.4.0
225 silly placeDep ROOT @testing-library/react@16.3.0 OK for: oms-monorepo@0.0.0 want: 16.3.0
226 silly placeDep ROOT react-dom@18.3.1 OK for: @testing-library/react@16.3.0 want: ^18.0.0 || ^19.0.0
227 silly placeDep ROOT @types/node@20.19.9 REPLACE for: oms-monorepo@0.0.0 want: 20.19.9
228 silly placeDep ROOT @types/react@18.3.1 OK for: oms-monorepo@0.0.0 want: 18.3.1
229 silly placeDep ROOT @types/react-dom@18.3.0 OK for: oms-monorepo@0.0.0 want: 18.3.0
230 silly placeDep ROOT @vitejs/plugin-react@4.7.0 OK for: oms-monorepo@0.0.0 want: ^4.2.0
231 silly placeDep ROOT @vitest/coverage-v8@4.0.16 OK for: oms-monorepo@0.0.0 want: ^4.0.0
232 silly placeDep ROOT @vitest/ui@4.0.16 OK for: oms-monorepo@0.0.0 want: ^4.0.0
233 silly placeDep ROOT eslint-config-prettier@10.1.8 OK for: oms-monorepo@0.0.0 want: ^10.0.0
234 silly placeDep ROOT eslint-plugin-import@2.31.0 OK for: oms-monorepo@0.0.0 want: 2.31.0
235 silly placeDep ROOT eslint-plugin-jsx-a11y@6.10.1 OK for: oms-monorepo@0.0.0 want: 6.10.1
236 silly placeDep ROOT eslint-plugin-react@7.35.0 OK for: oms-monorepo@0.0.0 want: 7.35.0
237 silly placeDep ROOT eslint-plugin-react-hooks@5.0.0 OK for: oms-monorepo@0.0.0 want: 5.0.0
238 silly placeDep ROOT jsdom@22.1.0 OK for: oms-monorepo@0.0.0 want: ~22.1.0
239 silly placeDep ROOT prettier@3.6.2 OK for: oms-monorepo@0.0.0 want: ~3.6.2
240 silly placeDep ROOT typescript@5.9.3 REPLACE for: oms-monorepo@0.0.0 want: ~5.9.2
241 silly placeDep ROOT typescript-eslint@8.52.0 OK for: oms-monorepo@0.0.0 want: ^8.40.0
242 silly fetch manifest chalk@^4.1.0
243 silly packumentCache full:https://registry.npmjs.org/chalk cache-miss
244 silly fetch manifest globals@^15.9.0
245 silly packumentCache full:https://registry.npmjs.org/globals cache-miss
246 silly fetch manifest jsonc-eslint-parser@^2.1.0
247 silly packumentCache full:https://registry.npmjs.org/jsonc-eslint-parser cache-miss
248 silly fetch manifest confusing-browser-globals@^1.0.9
249 silly packumentCache full:https://registry.npmjs.org/confusing-browser-globals cache-miss
250 silly fetch manifest @typescript-eslint/scope-manager@8.52.0
251 silly packumentCache full:https://registry.npmjs.org/@typescript-eslint%2fscope-manager cache-miss
252 silly fetch manifest @typescript-eslint/types@8.52.0
253 silly packumentCache full:https://registry.npmjs.org/@typescript-eslint%2ftypes cache-miss
254 silly fetch manifest @typescript-eslint/typescript-estree@8.52.0
255 silly packumentCache full:https://registry.npmjs.org/@typescript-eslint%2ftypescript-estree cache-miss
256 silly fetch manifest @typescript-eslint/visitor-keys@8.52.0
257 silly packumentCache full:https://registry.npmjs.org/@typescript-eslint%2fvisitor-keys cache-miss
258 silly fetch manifest pirates@^4.0.6
259 silly packumentCache full:https://registry.npmjs.org/pirates cache-miss
260 silly fetch manifest @swc-node/core@^1.13.1
261 silly packumentCache full:https://registry.npmjs.org/@swc-node%2fcore cache-miss
262 silly fetch manifest @swc-node/sourcemap-support@^0.5.0
263 silly packumentCache full:https://registry.npmjs.org/@swc-node%2fsourcemap-support cache-miss
264 http fetch GET 200 https://registry.npmjs.org/pirates 362ms (cache miss)
265 silly packumentCache full:https://registry.npmjs.org/pirates set size:undefined disposed:false
266 silly fetch manifest @swc/types@^0.1.8
267 silly packumentCache full:https://registry.npmjs.org/@swc%2ftypes cache-miss
268 http fetch GET 200 https://registry.npmjs.org/globals 367ms (cache revalidated)
269 silly packumentCache full:https://registry.npmjs.org/globals set size:293859 disposed:false
270 silly fetch manifest @swc/counter@^0.1.3
271 silly packumentCache full:https://registry.npmjs.org/@swc%2fcounter cache-miss
272 http fetch GET 200 https://registry.npmjs.org/@swc-node%2fcore 484ms (cache miss)
273 silly packumentCache full:https://registry.npmjs.org/@swc-node%2fcore set size:undefined disposed:false
274 silly fetch manifest @swc/core-darwin-x64@1.5.29
275 silly packumentCache full:https://registry.npmjs.org/@swc%2fcore-darwin-x64 cache-miss
276 http fetch GET 200 https://registry.npmjs.org/chalk 700ms (cache revalidated)
277 silly packumentCache full:https://registry.npmjs.org/chalk set size:117861 disposed:false
278 silly fetch manifest @swc/core-darwin-arm64@1.5.29
279 silly packumentCache full:https://registry.npmjs.org/@swc%2fcore-darwin-arm64 cache-miss
280 http fetch GET 200 https://registry.npmjs.org/confusing-browser-globals 703ms (cache miss)
281 silly packumentCache full:https://registry.npmjs.org/confusing-browser-globals set size:undefined disposed:false
282 silly fetch manifest @swc/core-linux-x64-gnu@1.5.29
283 silly packumentCache full:https://registry.npmjs.org/@swc%2fcore-linux-x64-gnu cache-miss
284 http fetch GET 200 https://registry.npmjs.org/jsonc-eslint-parser 1447ms (cache miss)
285 silly packumentCache full:https://registry.npmjs.org/jsonc-eslint-parser set size:undefined disposed:false
286 silly fetch manifest @swc/core-linux-x64-musl@1.5.29
287 silly packumentCache full:https://registry.npmjs.org/@swc%2fcore-linux-x64-musl cache-miss
288 http fetch GET 200 https://registry.npmjs.org/@swc%2fcounter 1884ms (cache miss)
289 silly packumentCache full:https://registry.npmjs.org/@swc%2fcounter set size:undefined disposed:false
290 silly fetch manifest @swc/core-win32-x64-msvc@1.5.29
291 silly packumentCache full:https://registry.npmjs.org/@swc%2fcore-win32-x64-msvc cache-miss
292 http fetch GET 200 https://registry.npmjs.org/@swc%2fcore-darwin-x64 2035ms (cache miss)
293 silly packumentCache full:https://registry.npmjs.org/@swc%2fcore-darwin-x64 set size:undefined disposed:false
294 silly fetch manifest @swc/core-linux-arm64-gnu@1.5.29
295 silly packumentCache full:https://registry.npmjs.org/@swc%2fcore-linux-arm64-gnu cache-miss
296 http fetch GET 200 https://registry.npmjs.org/@swc%2fcore-linux-x64-gnu 3899ms (cache miss)
297 silly packumentCache full:https://registry.npmjs.org/@swc%2fcore-linux-x64-gnu set size:undefined disposed:false
298 silly fetch manifest @swc/core-win32-ia32-msvc@1.5.29
299 silly packumentCache full:https://registry.npmjs.org/@swc%2fcore-win32-ia32-msvc cache-miss
300 http fetch GET 200 https://registry.npmjs.org/@swc%2fcore-darwin-arm64 4064ms (cache miss)
301 silly packumentCache full:https://registry.npmjs.org/@swc%2fcore-darwin-arm64 set size:undefined disposed:false
302 silly fetch manifest @swc/core-linux-arm64-musl@1.5.29
303 silly packumentCache full:https://registry.npmjs.org/@swc%2fcore-linux-arm64-musl cache-miss
304 http fetch GET 200 https://registry.npmjs.org/@swc%2fcore-linux-x64-musl 3769ms (cache miss)
305 silly packumentCache full:https://registry.npmjs.org/@swc%2fcore-linux-x64-musl set size:undefined disposed:false
306 silly fetch manifest @swc/core-win32-arm64-msvc@1.5.29
307 silly packumentCache full:https://registry.npmjs.org/@swc%2fcore-win32-arm64-msvc cache-miss
308 http fetch GET 200 https://registry.npmjs.org/@swc%2ftypes 5171ms (cache miss)
309 silly packumentCache full:https://registry.npmjs.org/@swc%2ftypes set size:undefined disposed:false
310 silly fetch manifest @swc/core-linux-arm-gnueabihf@1.5.29
311 silly packumentCache full:https://registry.npmjs.org/@swc%2fcore-linux-arm-gnueabihf cache-miss
312 http fetch GET 200 https://registry.npmjs.org/@swc-node%2fsourcemap-support 6599ms (cache miss)
313 silly packumentCache full:https://registry.npmjs.org/@swc-node%2fsourcemap-support set size:undefined disposed:false
314 silly fetch manifest slash@3.0.0
315 silly packumentCache full:https://registry.npmjs.org/slash cache-miss
316 http fetch GET 200 https://registry.npmjs.org/@swc%2fcore-linux-arm64-musl 1948ms (cache miss)
317 silly packumentCache full:https://registry.npmjs.org/@swc%2fcore-linux-arm64-musl set size:undefined disposed:false
318 silly fetch manifest piscina@^4.3.1
319 silly packumentCache full:https://registry.npmjs.org/piscina cache-miss
320 http fetch GET 200 https://registry.npmjs.org/slash 734ms (cache revalidated)
321 silly packumentCache full:https://registry.npmjs.org/slash set size:20337 disposed:false
322 silly fetch manifest commander@^8.3.0
323 silly packumentCache full:https://registry.npmjs.org/commander cache-miss
324 http fetch GET 200 https://registry.npmjs.org/piscina 761ms (cache miss)
325 silly packumentCache full:https://registry.npmjs.org/piscina set size:undefined disposed:false
326 silly fetch manifest @xhmikosr/bin-wrapper@^13.0.5
327 silly packumentCache full:https://registry.npmjs.org/@xhmikosr%2fbin-wrapper cache-miss
328 http fetch GET 200 https://registry.npmjs.org/@swc%2fcore-linux-arm64-gnu 5170ms (cache miss)
329 silly packumentCache full:https://registry.npmjs.org/@swc%2fcore-linux-arm64-gnu set size:undefined disposed:false
330 silly fetch manifest lz-string@^1.5.0
331 silly packumentCache full:https://registry.npmjs.org/lz-string cache-miss
332 http fetch GET 200 https://registry.npmjs.org/@swc%2fcore-win32-ia32-msvc 3278ms (cache miss)
333 silly packumentCache full:https://registry.npmjs.org/@swc%2fcore-win32-ia32-msvc set size:undefined disposed:false
334 silly fetch manifest aria-query@5.3.0
335 silly packumentCache full:https://registry.npmjs.org/aria-query cache-miss
336 http fetch GET 200 https://registry.npmjs.org/commander 704ms (cache revalidated)
337 silly packumentCache full:https://registry.npmjs.org/commander set size:345426 disposed:false
338 silly fetch manifest pretty-format@^27.0.2
339 silly packumentCache full:https://registry.npmjs.org/pretty-format cache-miss
340 http fetch GET 200 https://registry.npmjs.org/@swc%2fcore-linux-arm-gnueabihf 2958ms (cache miss)
341 silly packumentCache full:https://registry.npmjs.org/@swc%2fcore-linux-arm-gnueabihf set size:undefined disposed:false
342 silly fetch manifest @types/aria-query@^5.0.1
343 silly packumentCache full:https://registry.npmjs.org/@types%2faria-query cache-miss
344 http fetch GET 200 https://registry.npmjs.org/@swc%2fcore-win32-arm64-msvc 3318ms (cache miss)
345 silly packumentCache full:https://registry.npmjs.org/@swc%2fcore-win32-arm64-msvc set size:undefined disposed:false
346 silly fetch manifest dom-accessibility-api@^0.5.9
347 silly packumentCache full:https://registry.npmjs.org/dom-accessibility-api cache-miss
348 http fetch GET 200 https://registry.npmjs.org/lz-string 860ms (cache miss)
349 silly packumentCache full:https://registry.npmjs.org/lz-string set size:undefined disposed:false
350 silly fetch manifest scheduler@^0.23.2
351 silly packumentCache full:https://registry.npmjs.org/scheduler cache-miss
352 http fetch GET 200 https://registry.npmjs.org/@xhmikosr%2fbin-wrapper 1275ms (cache miss)
353 silly packumentCache full:https://registry.npmjs.org/@xhmikosr%2fbin-wrapper set size:undefined disposed:false
354 silly fetch manifest undici-types@~6.21.0
355 silly packumentCache full:https://registry.npmjs.org/undici-types cache-miss
356 http fetch GET 200 https://registry.npmjs.org/pretty-format 728ms (cache revalidated)
357 silly packumentCache full:https://registry.npmjs.org/pretty-format set size:591748 disposed:false
358 silly fetch manifest csstype@^3.0.2
359 silly packumentCache full:https://registry.npmjs.org/csstype cache-miss
360 http fetch GET 200 https://registry.npmjs.org/@types%2faria-query 376ms (cache miss)
361 silly packumentCache full:https://registry.npmjs.org/@types%2faria-query set size:undefined disposed:false
362 silly fetch manifest @types/prop-types@*
363 silly packumentCache full:https://registry.npmjs.org/@types%2fprop-types cache-miss
364 http fetch GET 200 https://registry.npmjs.org/scheduler 336ms (cache revalidated)
365 silly packumentCache full:https://registry.npmjs.org/scheduler set size:5294588 disposed:false
366 silly fetch manifest react-refresh@^0.17.0
367 silly packumentCache full:https://registry.npmjs.org/react-refresh cache-miss
368 http fetch GET 200 https://registry.npmjs.org/dom-accessibility-api 377ms (cache miss)
369 silly packumentCache full:https://registry.npmjs.org/dom-accessibility-api set size:undefined disposed:false
370 silly fetch manifest @types/babel__core@^7.20.5
371 silly packumentCache full:https://registry.npmjs.org/@types%2fbabel__core cache-miss
372 http fetch GET 200 https://registry.npmjs.org/aria-query 1071ms (cache miss)
373 silly packumentCache full:https://registry.npmjs.org/aria-query set size:undefined disposed:false
374 silly fetch manifest @rolldown/pluginutils@1.0.0-beta.27
375 silly packumentCache full:https://registry.npmjs.org/@rolldown%2fpluginutils cache-miss
376 http fetch GET 200 https://registry.npmjs.org/undici-types 284ms (cache revalidated)
377 silly packumentCache full:https://registry.npmjs.org/undici-types set size:154683 disposed:false
378 silly fetch manifest @babel/plugin-transform-react-jsx-self@^7.27.1
379 silly packumentCache full:https://registry.npmjs.org/@babel%2fplugin-transform-react-jsx-self cache-miss
380 http fetch GET 200 https://registry.npmjs.org/@types%2fbabel__core 323ms (cache revalidated)
381 silly packumentCache full:https://registry.npmjs.org/@types%2fbabel__core set size:88676 disposed:false
382 silly fetch manifest @babel/plugin-transform-react-jsx-source@^7.27.1
383 silly packumentCache full:https://registry.npmjs.org/@babel%2fplugin-transform-react-jsx-source cache-miss
384 http fetch GET 200 https://registry.npmjs.org/react-refresh 333ms (cache revalidated)
385 silly packumentCache full:https://registry.npmjs.org/react-refresh set size:6080604 disposed:false
386 silly fetch manifest @bcoe/v8-coverage@^1.0.2
387 silly packumentCache full:https://registry.npmjs.org/@bcoe%2fv8-coverage cache-miss
388 http fetch GET 200 https://registry.npmjs.org/@types%2fprop-types 403ms (cache miss)
389 silly packumentCache full:https://registry.npmjs.org/@types%2fprop-types set size:undefined disposed:false
390 silly fetch manifest ast-v8-to-istanbul@^0.3.8
391 silly packumentCache full:https://registry.npmjs.org/ast-v8-to-istanbul cache-miss
392 http fetch GET 200 https://registry.npmjs.org/@typescript-eslint%2fscope-manager 9282ms (cache updated)
393 silly packumentCache full:https://registry.npmjs.org/@typescript-eslint%2fscope-manager set size:undefined disposed:false
394 silly fetch manifest istanbul-lib-coverage@^3.2.2
395 silly packumentCache full:https://registry.npmjs.org/istanbul-lib-coverage cache-miss
396 http fetch GET 200 https://registry.npmjs.org/@rolldown%2fpluginutils 362ms (cache miss)
397 silly packumentCache full:https://registry.npmjs.org/@rolldown%2fpluginutils set size:undefined disposed:false
398 silly fetch manifest istanbul-lib-report@^3.0.1
399 silly packumentCache full:https://registry.npmjs.org/istanbul-lib-report cache-miss
400 http fetch GET 200 https://registry.npmjs.org/@babel%2fplugin-transform-react-jsx-self 319ms (cache miss)
401 silly packumentCache full:https://registry.npmjs.org/@babel%2fplugin-transform-react-jsx-self set size:undefined disposed:false
402 silly fetch manifest istanbul-lib-source-maps@^5.0.6
403 silly packumentCache full:https://registry.npmjs.org/istanbul-lib-source-maps cache-miss
404 http fetch GET 200 https://registry.npmjs.org/csstype 597ms (cache miss)
405 silly packumentCache full:https://registry.npmjs.org/csstype set size:undefined disposed:false
406 silly fetch manifest istanbul-reports@^3.2.0
407 silly packumentCache full:https://registry.npmjs.org/istanbul-reports cache-miss
408 http fetch GET 200 https://registry.npmjs.org/@babel%2fplugin-transform-react-jsx-source 320ms (cache miss)
409 silly packumentCache full:https://registry.npmjs.org/@babel%2fplugin-transform-react-jsx-source set size:undefined disposed:false
410 silly fetch manifest magicast@^0.5.1
411 silly packumentCache full:https://registry.npmjs.org/magicast cache-miss
412 http fetch GET 200 https://registry.npmjs.org/@bcoe%2fv8-coverage 294ms (cache miss)
413 silly packumentCache full:https://registry.npmjs.org/@bcoe%2fv8-coverage set size:undefined disposed:false
414 silly fetch manifest fflate@^0.8.2
415 silly packumentCache full:https://registry.npmjs.org/fflate cache-miss
416 http fetch GET 200 https://registry.npmjs.org/istanbul-lib-report 305ms (cache miss)
417 silly packumentCache full:https://registry.npmjs.org/istanbul-lib-report set size:undefined disposed:false
418 silly fetch manifest sirv@^3.0.2
419 silly packumentCache full:https://registry.npmjs.org/sirv cache-miss
420 http fetch GET 200 https://registry.npmjs.org/istanbul-reports 383ms (cache miss)
421 silly packumentCache full:https://registry.npmjs.org/istanbul-reports set size:undefined disposed:false
422 silly fetch manifest debug@^3.2.7
423 silly packumentCache full:https://registry.npmjs.org/debug cache-miss
424 http fetch GET 200 https://registry.npmjs.org/istanbul-lib-coverage 438ms (cache miss)
425 silly packumentCache full:https://registry.npmjs.org/istanbul-lib-coverage set size:undefined disposed:false
426 silly fetch manifest semver@^6.3.1
427 silly packumentCache full:https://registry.npmjs.org/semver cache-miss
428 http fetch GET 200 https://registry.npmjs.org/@typescript-eslint%2fvisitor-keys 9768ms (cache updated)
429 silly packumentCache full:https://registry.npmjs.org/@typescript-eslint%2fvisitor-keys set size:undefined disposed:false
430 silly fetch manifest doctrine@^2.1.0
431 silly packumentCache full:https://registry.npmjs.org/doctrine cache-miss
432 http fetch GET 200 https://registry.npmjs.org/@typescript-eslint%2ftypes 9848ms (cache updated)
433 silly packumentCache full:https://registry.npmjs.org/@typescript-eslint%2ftypes set size:undefined disposed:false
434 silly fetch manifest minimatch@^3.1.2
435 silly packumentCache full:https://registry.npmjs.org/minimatch cache-miss
436 http fetch GET 200 https://registry.npmjs.org/fflate 343ms (cache miss)
437 silly packumentCache full:https://registry.npmjs.org/fflate set size:undefined disposed:false
438 silly fetch manifest @rtsao/scc@^1.1.0
439 silly packumentCache full:https://registry.npmjs.org/@rtsao%2fscc cache-miss
440 http fetch GET 200 https://registry.npmjs.org/ast-v8-to-istanbul 636ms (cache miss)
441 silly packumentCache full:https://registry.npmjs.org/ast-v8-to-istanbul set size:undefined disposed:false
442 silly fetch manifest object.values@^1.2.0
443 silly packumentCache full:https://registry.npmjs.org/object.values cache-miss
444 http fetch GET 200 https://registry.npmjs.org/magicast 354ms (cache miss)
445 silly packumentCache full:https://registry.npmjs.org/magicast set size:undefined disposed:false
446 silly fetch manifest array-includes@^3.1.8
447 silly packumentCache full:https://registry.npmjs.org/array-includes cache-miss
448 http fetch GET 200 https://registry.npmjs.org/istanbul-lib-source-maps 596ms (cache miss)
449 silly packumentCache full:https://registry.npmjs.org/istanbul-lib-source-maps set size:undefined disposed:false
450 silly fetch manifest object.groupby@^1.0.3
451 silly packumentCache full:https://registry.npmjs.org/object.groupby cache-miss
452 http fetch GET 200 https://registry.npmjs.org/debug 250ms (cache revalidated)
453 silly packumentCache full:https://registry.npmjs.org/debug set size:195840 disposed:false
454 silly fetch manifest tsconfig-paths@^3.15.0
455 silly packumentCache full:https://registry.npmjs.org/tsconfig-paths cache-miss
456 http fetch GET 200 https://registry.npmjs.org/semver 251ms (cache revalidated)
457 silly packumentCache full:https://registry.npmjs.org/semver set size:226907 disposed:false
458 silly fetch manifest object.fromentries@^2.0.8
459 silly packumentCache full:https://registry.npmjs.org/object.fromentries cache-miss
460 http fetch GET 200 https://registry.npmjs.org/doctrine 240ms (cache miss)
461 silly packumentCache full:https://registry.npmjs.org/doctrine set size:undefined disposed:false
462 silly fetch manifest eslint-module-utils@^2.12.0
463 silly packumentCache full:https://registry.npmjs.org/eslint-module-utils cache-miss
464 http fetch GET 200 https://registry.npmjs.org/minimatch 172ms (cache revalidated)
465 silly packumentCache full:https://registry.npmjs.org/minimatch set size:303959 disposed:false
466 silly fetch manifest array.prototype.flat@^1.3.2
467 silly packumentCache full:https://registry.npmjs.org/array.prototype.flat cache-miss
468 http fetch GET 200 https://registry.npmjs.org/array-includes 136ms (cache miss)
469 silly packumentCache full:https://registry.npmjs.org/array-includes set size:undefined disposed:false
470 silly fetch manifest array.prototype.flatmap@^1.3.2
471 silly packumentCache full:https://registry.npmjs.org/array.prototype.flatmap cache-miss
472 http fetch GET 200 https://registry.npmjs.org/@rtsao%2fscc 164ms (cache miss)
473 silly packumentCache full:https://registry.npmjs.org/@rtsao%2fscc set size:undefined disposed:false
474 silly fetch manifest string.prototype.trimend@^1.0.8
475 silly packumentCache full:https://registry.npmjs.org/string.prototype.trimend cache-miss
476 http fetch GET 200 https://registry.npmjs.org/object.values 171ms (cache miss)
477 silly packumentCache full:https://registry.npmjs.org/object.values set size:undefined disposed:false
478 silly fetch manifest eslint-import-resolver-node@^0.3.9
479 silly packumentCache full:https://registry.npmjs.org/eslint-import-resolver-node cache-miss
480 http fetch GET 200 https://registry.npmjs.org/object.groupby 151ms (cache miss)
481 silly packumentCache full:https://registry.npmjs.org/object.groupby set size:undefined disposed:false
482 silly fetch manifest array.prototype.findlastindex@^1.2.5
483 silly packumentCache full:https://registry.npmjs.org/array.prototype.findlastindex cache-miss
484 http fetch GET 200 https://registry.npmjs.org/object.fromentries 118ms (cache miss)
485 silly packumentCache full:https://registry.npmjs.org/object.fromentries set size:undefined disposed:false
486 silly fetch manifest axe-core@^4.10.0
487 silly packumentCache full:https://registry.npmjs.org/axe-core cache-miss
488 http fetch GET 200 https://registry.npmjs.org/array.prototype.flatmap 100ms (cache miss)
489 silly packumentCache full:https://registry.npmjs.org/array.prototype.flatmap set size:undefined disposed:false
490 silly fetch manifest aria-query@^5.3.2
491 silly packumentCache full:https://registry.npmjs.org/aria-query cache-miss
492 http cache https://registry.npmjs.org/aria-query 1ms (cache hit)
493 silly packumentCache full:https://registry.npmjs.org/aria-query set size:98864 disposed:false
494 silly fetch manifest emoji-regex@^9.2.2
495 silly packumentCache full:https://registry.npmjs.org/emoji-regex cache-miss
496 http fetch GET 200 https://registry.npmjs.org/array.prototype.flat 140ms (cache miss)
497 silly packumentCache full:https://registry.npmjs.org/array.prototype.flat set size:undefined disposed:false
498 silly fetch manifest jsx-ast-utils@^3.3.5
499 silly packumentCache full:https://registry.npmjs.org/jsx-ast-utils cache-miss
500 http fetch GET 200 https://registry.npmjs.org/string.prototype.trimend 118ms (cache miss)
501 silly packumentCache full:https://registry.npmjs.org/string.prototype.trimend set size:undefined disposed:false
502 silly fetch manifest language-tags@^1.0.9
503 silly packumentCache full:https://registry.npmjs.org/language-tags cache-miss
504 http fetch GET 200 https://registry.npmjs.org/eslint-import-resolver-node 127ms (cache miss)
505 silly packumentCache full:https://registry.npmjs.org/eslint-import-resolver-node set size:undefined disposed:false
506 silly fetch manifest ast-types-flow@^0.0.8
507 silly packumentCache full:https://registry.npmjs.org/ast-types-flow cache-miss
508 http fetch GET 200 https://registry.npmjs.org/eslint-module-utils 176ms (cache miss)
509 silly packumentCache full:https://registry.npmjs.org/eslint-module-utils set size:undefined disposed:false
510 silly fetch manifest axobject-query@^4.1.0
511 silly packumentCache full:https://registry.npmjs.org/axobject-query cache-miss
512 http fetch GET 200 https://registry.npmjs.org/array.prototype.findlastindex 180ms (cache miss)
513 silly packumentCache full:https://registry.npmjs.org/array.prototype.findlastindex set size:undefined disposed:false
514 silly fetch manifest safe-regex-test@^1.0.3
515 silly packumentCache full:https://registry.npmjs.org/safe-regex-test cache-miss
516 http fetch GET 200 https://registry.npmjs.org/emoji-regex 203ms (cache revalidated)
517 silly packumentCache full:https://registry.npmjs.org/emoji-regex set size:89088 disposed:false
518 silly fetch manifest damerau-levenshtein@^1.0.8
519 silly packumentCache full:https://registry.npmjs.org/damerau-levenshtein cache-miss
520 http fetch GET 200 https://registry.npmjs.org/ast-types-flow 157ms (cache miss)
521 silly packumentCache full:https://registry.npmjs.org/ast-types-flow set size:undefined disposed:false
522 silly fetch manifest es-iterator-helpers@^1.1.0
523 silly packumentCache full:https://registry.npmjs.org/es-iterator-helpers cache-miss
524 http fetch GET 200 https://registry.npmjs.org/axobject-query 184ms (cache miss)
525 silly packumentCache full:https://registry.npmjs.org/axobject-query set size:undefined disposed:false
526 silly fetch manifest string.prototype.includes@^2.0.1
527 silly packumentCache full:https://registry.npmjs.org/string.prototype.includes cache-miss
528 http fetch GET 200 https://registry.npmjs.org/tsconfig-paths 405ms (cache revalidated)
529 silly packumentCache full:https://registry.npmjs.org/tsconfig-paths set size:192565 disposed:false
530 silly fetch manifest resolve@^2.0.0-next.5
531 silly packumentCache full:https://registry.npmjs.org/resolve cache-miss
532 http fetch GET 200 https://registry.npmjs.org/damerau-levenshtein 253ms (cache miss)
533 silly packumentCache full:https://registry.npmjs.org/damerau-levenshtein set size:undefined disposed:false
534 silly fetch manifest prop-types@^15.8.1
535 silly packumentCache full:https://registry.npmjs.org/prop-types cache-miss
536 http fetch GET 200 https://registry.npmjs.org/safe-regex-test 383ms (cache miss)
537 silly packumentCache full:https://registry.npmjs.org/safe-regex-test set size:undefined disposed:false
538 silly fetch manifest jsx-ast-utils@^2.4.1 || ^3.0.0
539 silly packumentCache full:https://registry.npmjs.org/jsx-ast-utils cache-miss
540 http fetch GET 200 https://registry.npmjs.org/resolve 316ms (cache revalidated)
541 silly packumentCache full:https://registry.npmjs.org/resolve set size:246681 disposed:false
542 silly fetch manifest object.entries@^1.1.8
543 silly packumentCache full:https://registry.npmjs.org/object.entries cache-miss
544 http fetch GET 200 https://registry.npmjs.org/string.prototype.includes 386ms (cache miss)
545 silly packumentCache full:https://registry.npmjs.org/string.prototype.includes set size:undefined disposed:false
546 silly fetch manifest es-iterator-helpers@^1.0.19
547 silly packumentCache full:https://registry.npmjs.org/es-iterator-helpers cache-miss
548 http fetch GET 200 https://registry.npmjs.org/language-tags 650ms (cache miss)
549 silly packumentCache full:https://registry.npmjs.org/language-tags set size:undefined disposed:false
550 silly fetch manifest string.prototype.repeat@^1.0.0
551 silly packumentCache full:https://registry.npmjs.org/string.prototype.repeat cache-miss
552 http fetch GET 200 https://registry.npmjs.org/jsx-ast-utils 772ms (cache miss)
553 silly packumentCache full:https://registry.npmjs.org/jsx-ast-utils set size:undefined disposed:false
554 silly fetch manifest array.prototype.findlast@^1.2.5
555 silly packumentCache full:https://registry.npmjs.org/array.prototype.findlast cache-miss
556 http fetch GET 200 https://registry.npmjs.org/sirv 1333ms (cache miss)
557 silly packumentCache full:https://registry.npmjs.org/sirv set size:undefined disposed:false
558 silly fetch manifest array.prototype.tosorted@^1.1.4
559 silly packumentCache full:https://registry.npmjs.org/array.prototype.tosorted cache-miss
560 http fetch GET 200 https://registry.npmjs.org/prop-types 504ms (cache miss)
561 silly packumentCache full:https://registry.npmjs.org/prop-types set size:undefined disposed:false
562 silly fetch manifest string.prototype.matchall@^4.0.11
563 silly packumentCache full:https://registry.npmjs.org/string.prototype.matchall cache-miss
564 http fetch GET 200 https://registry.npmjs.org/jsx-ast-utils 483ms (cache miss)
565 silly packumentCache full:https://registry.npmjs.org/jsx-ast-utils set size:undefined disposed:false
566 silly fetch manifest abab@^2.0.6
567 silly packumentCache full:https://registry.npmjs.org/abab cache-miss
568 http fetch GET 200 https://registry.npmjs.org/axe-core 1050ms (cache miss)
569 silly packumentCache full:https://registry.npmjs.org/axe-core set size:undefined disposed:false
570 silly fetch manifest saxes@^6.0.0
571 silly packumentCache full:https://registry.npmjs.org/saxes cache-miss
572 http fetch GET 200 https://registry.npmjs.org/object.entries 473ms (cache miss)
573 silly packumentCache full:https://registry.npmjs.org/object.entries set size:undefined disposed:false
574 silly fetch manifest nwsapi@^2.2.4
575 silly packumentCache full:https://registry.npmjs.org/nwsapi cache-miss
576 http fetch GET 200 https://registry.npmjs.org/string.prototype.repeat 381ms (cache miss)
577 silly packumentCache full:https://registry.npmjs.org/string.prototype.repeat set size:undefined disposed:false
578 silly fetch manifest parse5@^7.1.2
579 silly packumentCache full:https://registry.npmjs.org/parse5 cache-miss
580 http fetch GET 200 https://registry.npmjs.org/array.prototype.findlast 280ms (cache miss)
581 silly packumentCache full:https://registry.npmjs.org/array.prototype.findlast set size:undefined disposed:false
582 silly fetch manifest cssstyle@^3.0.0
583 silly packumentCache full:https://registry.npmjs.org/cssstyle cache-miss
584 http fetch GET 200 https://registry.npmjs.org/@swc%2fcore-win32-x64-msvc 8997ms (cache miss)
585 silly packumentCache full:https://registry.npmjs.org/@swc%2fcore-win32-x64-msvc set size:undefined disposed:false
586 silly fetch manifest data-urls@^4.0.0
587 silly packumentCache full:https://registry.npmjs.org/data-urls cache-miss
588 http fetch GET 200 https://registry.npmjs.org/string.prototype.matchall 134ms (cache miss)
589 silly packumentCache full:https://registry.npmjs.org/string.prototype.matchall set size:undefined disposed:false
590 silly fetch manifest decimal.js@^10.4.3
591 silly packumentCache full:https://registry.npmjs.org/decimal.js cache-miss
592 http fetch GET 200 https://registry.npmjs.org/abab 115ms (cache miss)
593 silly packumentCache full:https://registry.npmjs.org/abab set size:undefined disposed:false
594 silly fetch manifest whatwg-url@^12.0.1
595 silly packumentCache full:https://registry.npmjs.org/whatwg-url cache-miss
596 http fetch GET 200 https://registry.npmjs.org/es-iterator-helpers 947ms (cache miss)
597 silly packumentCache full:https://registry.npmjs.org/es-iterator-helpers set size:undefined disposed:false
598 silly fetch manifest rrweb-cssom@^0.6.0
599 silly packumentCache full:https://registry.npmjs.org/rrweb-cssom cache-miss
600 http fetch GET 200 https://registry.npmjs.org/array.prototype.tosorted 355ms (cache miss)
601 silly packumentCache full:https://registry.npmjs.org/array.prototype.tosorted set size:undefined disposed:false
602 silly fetch manifest symbol-tree@^3.2.4
603 silly packumentCache full:https://registry.npmjs.org/symbol-tree cache-miss
604 http fetch GET 200 https://registry.npmjs.org/saxes 135ms (cache miss)
605 silly packumentCache full:https://registry.npmjs.org/saxes set size:undefined disposed:false
606 silly fetch manifest domexception@^4.0.0
607 silly packumentCache full:https://registry.npmjs.org/domexception cache-miss
608 http fetch GET 200 https://registry.npmjs.org/parse5 136ms (cache revalidated)
609 silly packumentCache full:https://registry.npmjs.org/parse5 set size:120809 disposed:false
610 silly fetch manifest tough-cookie@^4.1.2
611 silly packumentCache full:https://registry.npmjs.org/tough-cookie cache-miss
612 http fetch GET 200 https://registry.npmjs.org/decimal.js 138ms (cache miss)
613 silly packumentCache full:https://registry.npmjs.org/decimal.js set size:undefined disposed:false
614 silly fetch manifest whatwg-mimetype@^3.0.0
615 silly packumentCache full:https://registry.npmjs.org/whatwg-mimetype cache-miss
616 http fetch GET 200 https://registry.npmjs.org/cssstyle 195ms (cache miss)
617 silly packumentCache full:https://registry.npmjs.org/cssstyle set size:undefined disposed:false
618 silly fetch manifest http-proxy-agent@^5.0.0
619 silly packumentCache full:https://registry.npmjs.org/http-proxy-agent cache-miss
620 http fetch GET 200 https://registry.npmjs.org/rrweb-cssom 127ms (cache miss)
621 silly packumentCache full:https://registry.npmjs.org/rrweb-cssom set size:undefined disposed:false
622 silly fetch manifest https-proxy-agent@^5.0.1
623 silly packumentCache full:https://registry.npmjs.org/https-proxy-agent cache-miss
624 http fetch GET 200 https://registry.npmjs.org/symbol-tree 152ms (cache miss)
625 silly packumentCache full:https://registry.npmjs.org/symbol-tree set size:undefined disposed:false
626 silly fetch manifest w3c-xmlserializer@^4.0.0
627 silly packumentCache full:https://registry.npmjs.org/w3c-xmlserializer cache-miss
628 http fetch GET 200 https://registry.npmjs.org/domexception 140ms (cache miss)
629 silly packumentCache full:https://registry.npmjs.org/domexception set size:undefined disposed:false
630 silly fetch manifest webidl-conversions@^7.0.0
631 silly packumentCache full:https://registry.npmjs.org/webidl-conversions cache-miss
632 http fetch GET 200 https://registry.npmjs.org/tough-cookie 150ms (cache miss)
633 silly packumentCache full:https://registry.npmjs.org/tough-cookie set size:undefined disposed:false
634 silly fetch manifest xml-name-validator@^4.0.0
635 silly packumentCache full:https://registry.npmjs.org/xml-name-validator cache-miss
636 http fetch GET 200 https://registry.npmjs.org/data-urls 283ms (cache miss)
637 silly packumentCache full:https://registry.npmjs.org/data-urls set size:undefined disposed:false
638 silly fetch manifest is-potential-custom-element-name@^1.0.1
639 silly packumentCache full:https://registry.npmjs.org/is-potential-custom-element-name cache-miss
640 http fetch GET 200 https://registry.npmjs.org/nwsapi 356ms (cache miss)
641 silly packumentCache full:https://registry.npmjs.org/nwsapi set size:undefined disposed:false
642 silly fetch manifest @typescript-eslint/eslint-plugin@8.52.0
643 silly packumentCache full:https://registry.npmjs.org/@typescript-eslint%2feslint-plugin cache-miss
644 http fetch GET 200 https://registry.npmjs.org/whatwg-mimetype 165ms (cache miss)
645 silly packumentCache full:https://registry.npmjs.org/whatwg-mimetype set size:undefined disposed:false
646 silly fetch manifest @typescript-eslint/typescript-estree@8.52.0
647 silly packumentCache full:https://registry.npmjs.org/@typescript-eslint%2ftypescript-estree cache-miss
648 http fetch GET 200 https://registry.npmjs.org/whatwg-url 294ms (cache revalidated)
649 silly packumentCache full:https://registry.npmjs.org/whatwg-url set size:165406 disposed:false
650 silly fetch manifest @typescript-eslint/utils@8.52.0
651 silly packumentCache full:https://registry.npmjs.org/@typescript-eslint%2futils cache-miss
652 http fetch GET 200 https://registry.npmjs.org/http-proxy-agent 194ms (cache miss)
653 silly packumentCache full:https://registry.npmjs.org/http-proxy-agent set size:undefined disposed:false
654 http fetch GET 200 https://registry.npmjs.org/w3c-xmlserializer 166ms (cache miss)
655 silly packumentCache full:https://registry.npmjs.org/w3c-xmlserializer set size:undefined disposed:false
656 http fetch GET 200 https://registry.npmjs.org/webidl-conversions 168ms (cache revalidated)
657 silly packumentCache full:https://registry.npmjs.org/webidl-conversions set size:46073 disposed:false
658 http fetch GET 200 https://registry.npmjs.org/https-proxy-agent 202ms (cache miss)
659 silly packumentCache full:https://registry.npmjs.org/https-proxy-agent set size:undefined disposed:false
660 http fetch GET 200 https://registry.npmjs.org/xml-name-validator 193ms (cache miss)
661 silly packumentCache full:https://registry.npmjs.org/xml-name-validator set size:undefined disposed:false
662 http fetch GET 200 https://registry.npmjs.org/es-iterator-helpers 1371ms (cache miss)
663 silly packumentCache full:https://registry.npmjs.org/es-iterator-helpers set size:undefined disposed:false
664 http fetch GET 200 https://registry.npmjs.org/is-potential-custom-element-name 1059ms (cache miss)
665 silly packumentCache full:https://registry.npmjs.org/is-potential-custom-element-name set size:undefined disposed:false
666 http fetch GET 200 https://registry.npmjs.org/@typescript-eslint%2futils 2244ms (cache updated)
667 silly packumentCache full:https://registry.npmjs.org/@typescript-eslint%2futils set size:undefined disposed:false
668 http fetch GET 200 https://registry.npmjs.org/@typescript-eslint%2ftypescript-estree 15284ms (cache updated)
669 silly packumentCache full:https://registry.npmjs.org/@typescript-eslint%2ftypescript-estree set size:undefined disposed:false
670 http fetch GET 200 https://registry.npmjs.org/@typescript-eslint%2ftypescript-estree 6135ms (cache updated)
671 silly packumentCache full:https://registry.npmjs.org/@typescript-eslint%2ftypescript-estree set size:undefined disposed:false
672 http fetch GET 200 https://registry.npmjs.org/@typescript-eslint%2feslint-plugin 10355ms (cache miss)
673 silly packumentCache full:https://registry.npmjs.org/@typescript-eslint%2feslint-plugin set size:undefined disposed:false
674 silly placeDep node_modules/@nx/eslint-plugin chalk@4.1.2 OK for: @nx/eslint-plugin@22.3.3 want: ^4.1.0
675 silly placeDep ROOT confusing-browser-globals@1.0.11 OK for: @nx/eslint-plugin@22.3.3 want: ^1.0.9
676 silly placeDep node_modules/@nx/eslint-plugin globals@15.15.0 OK for: @nx/eslint-plugin@22.3.3 want: ^15.9.0
677 silly placeDep ROOT jsonc-eslint-parser@2.4.2 OK for: @nx/eslint-plugin@22.3.3 want: ^2.1.0
678 silly fetch manifest espree@^9.0.0
679 silly packumentCache full:https://registry.npmjs.org/espree cache-miss
680 http fetch GET 200 https://registry.npmjs.org/espree 97ms (cache revalidated)
681 silly packumentCache full:https://registry.npmjs.org/espree set size:317497 disposed:false
682 silly fetch manifest @swc/core@>= 1.4.13
683 silly packumentCache full:https://registry.npmjs.org/@swc%2fcore cache-miss
684 http cache https://registry.npmjs.org/@swc%2fcore 6ms (cache hit)
685 silly packumentCache full:https://registry.npmjs.org/@swc%2fcore set size:3897881 disposed:false
686 silly fetch manifest @swc/helpers@>=0.5.17
687 silly packumentCache full:https://registry.npmjs.org/@swc%2fhelpers cache-hit
688 silly fetch manifest @swc/types@>= 0.1
689 silly packumentCache full:https://registry.npmjs.org/@swc%2ftypes cache-miss
690 http cache https://registry.npmjs.org/@swc%2ftypes 2ms (cache hit)
691 silly packumentCache full:https://registry.npmjs.org/@swc%2ftypes set size:42017 disposed:false
692 silly placeDep node_modules/@swc-node/register @swc-node/core@1.14.1 CONFLICT for: @swc-node/register@1.9.2 want: ^1.13.1
693 warn ERESOLVE overriding peer dependency {
693 warn ERESOLVE   code: 'ERESOLVE',
693 warn ERESOLVE   edge: {
693 warn ERESOLVE     type: 'peer',
693 warn ERESOLVE     name: '@swc/core',
693 warn ERESOLVE     spec: '>= 1.13.3',
693 warn ERESOLVE     error: 'INVALID',
693 warn ERESOLVE     from: {
693 warn ERESOLVE       name: '@swc-node/core',
693 warn ERESOLVE       version: '1.14.1',
693 warn ERESOLVE       location: 'node_modules/@swc-node/register/node_modules/@swc-node/core',
693 warn ERESOLVE       isWorkspace: false,
693 warn ERESOLVE       dependents: [Array]
693 warn ERESOLVE     }
693 warn ERESOLVE   },
693 warn ERESOLVE   dep: {
693 warn ERESOLVE     name: '@swc/core',
693 warn ERESOLVE     version: '1.15.8',
693 warn ERESOLVE     whileInstalling: {
693 warn ERESOLVE       name: '@swc-node/register',
693 warn ERESOLVE       version: '1.9.2',
693 warn ERESOLVE       path: '/Users/somanathkambar/IdeaProjects/OrderManagement/node_modules/@swc-node/register'
693 warn ERESOLVE     },
693 warn ERESOLVE     location: 'node_modules/@swc/core',
693 warn ERESOLVE     isWorkspace: false,
693 warn ERESOLVE     dependents: [ [Object] ]
693 warn ERESOLVE   },
693 warn ERESOLVE   force: false,
693 warn ERESOLVE   isMine: false,
693 warn ERESOLVE   strictPeerDeps: false,
693 warn ERESOLVE   current: {
693 warn ERESOLVE     name: '@swc/core',
693 warn ERESOLVE     version: '1.5.29',
693 warn ERESOLVE     location: 'node_modules/@swc/core',
693 warn ERESOLVE     isWorkspace: false,
693 warn ERESOLVE     dependents: [ [Object] ]
693 warn ERESOLVE   },
693 warn ERESOLVE   peerConflict: {
693 warn ERESOLVE     name: '@swc/core',
693 warn ERESOLVE     version: '1.5.29',
693 warn ERESOLVE     location: 'node_modules/@swc/core',
693 warn ERESOLVE     isWorkspace: false,
693 warn ERESOLVE     dependents: [ [Object] ]
693 warn ERESOLVE   }
693 warn ERESOLVE }
694 silly placeDep ROOT @swc/types@0.1.25 OK for: @swc-node/core@1.14.1 want: >= 0.1
695 silly placeDep ROOT @swc-node/sourcemap-support@0.5.1 OK for: @swc-node/register@1.9.2 want: ^0.5.0
696 silly placeDep ROOT pirates@4.0.7 OK for: @swc-node/register@1.9.2 want: ^4.0.6
697 silly fetch manifest @swc/core@>= 1.13.3
698 silly packumentCache full:https://registry.npmjs.org/@swc%2fcore cache-miss
699 silly fetch manifest source-map-support@^0.5.21
700 silly packumentCache full:https://registry.npmjs.org/source-map-support cache-miss
701 http cache https://registry.npmjs.org/@swc%2fcore 6ms (cache hit)
702 silly packumentCache full:https://registry.npmjs.org/@swc%2fcore set size:3897881 disposed:false
703 http fetch GET 200 https://registry.npmjs.org/source-map-support 105ms (cache revalidated)
704 silly packumentCache full:https://registry.npmjs.org/source-map-support set size:125488 disposed:false
705 silly placeDep node_modules/@swc-node/sourcemap-support source-map-support@0.5.21 OK for: @swc-node/sourcemap-support@0.5.1 want: ^0.5.21
706 silly fetch manifest source-map@^0.6.0
707 silly packumentCache full:https://registry.npmjs.org/source-map cache-miss
708 http fetch GET 200 https://registry.npmjs.org/source-map 113ms (cache revalidated)
709 silly packumentCache full:https://registry.npmjs.org/source-map set size:226141 disposed:false
710 silly placeDep ROOT @swc/counter@0.1.3 OK for: @swc/cli@0.6.0 want: ^0.1.3
711 silly placeDep ROOT @xhmikosr/bin-wrapper@13.2.0 OK for: @swc/cli@0.6.0 want: ^13.0.5
712 silly placeDep node_modules/@swc/cli commander@8.3.0 OK for: @swc/cli@0.6.0 want: ^8.3.0
713 silly placeDep ROOT piscina@4.9.2 OK for: @swc/cli@0.6.0 want: ^4.3.1
714 silly placeDep node_modules/@swc/cli slash@3.0.0 OK for: @swc/cli@0.6.0 want: 3.0.0
715 silly fetch manifest @xhmikosr/bin-check@^7.1.0
716 silly packumentCache full:https://registry.npmjs.org/@xhmikosr%2fbin-check cache-miss
717 silly fetch manifest @xhmikosr/downloader@^15.2.0
718 silly packumentCache full:https://registry.npmjs.org/@xhmikosr%2fdownloader cache-miss
719 silly fetch manifest @xhmikosr/os-filter-obj@^3.0.0
720 silly packumentCache full:https://registry.npmjs.org/@xhmikosr%2fos-filter-obj cache-miss
721 silly fetch manifest bin-version-check@^5.1.0
722 silly packumentCache full:https://registry.npmjs.org/bin-version-check cache-miss
723 silly fetch manifest @napi-rs/nice@^1.0.1
724 silly packumentCache full:https://registry.npmjs.org/@napi-rs%2fnice cache-miss
725 http fetch GET 200 https://registry.npmjs.org/@napi-rs%2fnice 381ms (cache miss)
726 silly packumentCache full:https://registry.npmjs.org/@napi-rs%2fnice set size:undefined disposed:false
727 http fetch GET 200 https://registry.npmjs.org/bin-version-check 455ms (cache miss)
728 silly packumentCache full:https://registry.npmjs.org/bin-version-check set size:undefined disposed:false
729 http fetch GET 200 https://registry.npmjs.org/@xhmikosr%2fbin-check 993ms (cache miss)
730 silly packumentCache full:https://registry.npmjs.org/@xhmikosr%2fbin-check set size:undefined disposed:false
731 http fetch GET 200 https://registry.npmjs.org/@xhmikosr%2fos-filter-obj 994ms (cache miss)
732 silly packumentCache full:https://registry.npmjs.org/@xhmikosr%2fos-filter-obj set size:undefined disposed:false
733 http fetch GET 200 https://registry.npmjs.org/@xhmikosr%2fdownloader 999ms (cache miss)
734 silly packumentCache full:https://registry.npmjs.org/@xhmikosr%2fdownloader set size:undefined disposed:false
735 silly placeDep ROOT @swc/core-darwin-arm64@1.5.29 OK for: @swc/core@1.5.29 want: 1.5.29
736 silly placeDep ROOT @swc/core-darwin-x64@1.5.29 OK for: @swc/core@1.5.29 want: 1.5.29
737 silly placeDep ROOT @swc/core-linux-arm-gnueabihf@1.5.29 OK for: @swc/core@1.5.29 want: 1.5.29
738 silly placeDep ROOT @swc/core-linux-arm64-gnu@1.5.29 OK for: @swc/core@1.5.29 want: 1.5.29
739 silly placeDep ROOT @swc/core-linux-arm64-musl@1.5.29 OK for: @swc/core@1.5.29 want: 1.5.29
740 silly placeDep ROOT @swc/core-linux-x64-gnu@1.5.29 OK for: @swc/core@1.5.29 want: 1.5.29
741 silly placeDep ROOT @swc/core-linux-x64-musl@1.5.29 OK for: @swc/core@1.5.29 want: 1.5.29
742 silly placeDep ROOT @swc/core-win32-arm64-msvc@1.5.29 OK for: @swc/core@1.5.29 want: 1.5.29
743 silly placeDep ROOT @swc/core-win32-ia32-msvc@1.5.29 OK for: @swc/core@1.5.29 want: 1.5.29
744 silly placeDep ROOT @swc/core-win32-x64-msvc@1.5.29 OK for: @swc/core@1.5.29 want: 1.5.29
745 silly placeDep ROOT @types/aria-query@5.0.4 OK for: @testing-library/dom@10.4.0 want: ^5.0.1
746 silly placeDep ROOT aria-query@5.3.0 OK for: @testing-library/dom@10.4.0 want: 5.3.0
747 silly placeDep node_modules/@testing-library/dom chalk@4.1.2 OK for: @testing-library/dom@10.4.0 want: ^4.1.0
748 silly placeDep ROOT dom-accessibility-api@0.5.16 OK for: @testing-library/dom@10.4.0 want: ^0.5.9
749 silly placeDep ROOT lz-string@1.5.0 OK for: @testing-library/dom@10.4.0 want: ^1.5.0
750 silly placeDep node_modules/@testing-library/dom pretty-format@27.5.1 OK for: @testing-library/dom@10.4.0 want: ^27.0.2
751 silly fetch manifest dequal@^2.0.3
752 silly packumentCache full:https://registry.npmjs.org/dequal cache-miss
753 silly fetch manifest react-is@^17.0.1
754 silly packumentCache full:https://registry.npmjs.org/react-is cache-miss
755 silly fetch manifest ansi-styles@^5.0.0
756 silly packumentCache full:https://registry.npmjs.org/ansi-styles cache-miss
757 http fetch GET 200 https://registry.npmjs.org/ansi-styles 103ms (cache revalidated)
758 silly packumentCache full:https://registry.npmjs.org/ansi-styles set size:63233 disposed:false
759 http fetch GET 200 https://registry.npmjs.org/react-is 128ms (cache revalidated)
760 silly packumentCache full:https://registry.npmjs.org/react-is set size:5156420 disposed:false
761 http fetch GET 200 https://registry.npmjs.org/dequal 402ms (cache miss)
762 silly packumentCache full:https://registry.npmjs.org/dequal set size:undefined disposed:false
763 silly placeDep ROOT undici-types@6.21.0 OK for: @types/node@20.19.9 want: ~6.21.0
764 silly placeDep ROOT @types/prop-types@15.7.15 OK for: @types/react@18.3.1 want: *
765 silly placeDep ROOT csstype@3.2.3 OK for: @types/react@18.3.1 want: ^3.0.2
766 silly fetch manifest typescript@>=4.8.4 <6.0.0
767 silly packumentCache full:https://registry.npmjs.org/typescript cache-miss
768 http cache https://registry.npmjs.org/typescript 15ms (cache hit)
769 silly packumentCache full:https://registry.npmjs.org/typescript set size:15092015 disposed:false
770 silly placeDep node_modules/@typescript-eslint/parser @typescript-eslint/scope-manager@8.52.0 OK for: @typescript-eslint/parser@8.52.0 want: 8.52.0
771 silly placeDep node_modules/@typescript-eslint/parser @typescript-eslint/types@8.52.0 OK for: @typescript-eslint/parser@8.52.0 want: 8.52.0
772 silly placeDep node_modules/@typescript-eslint/parser @typescript-eslint/typescript-estree@8.52.0 OK for: @typescript-eslint/parser@8.52.0 want: 8.52.0
773 silly placeDep node_modules/@typescript-eslint/parser @typescript-eslint/visitor-keys@8.52.0 OK for: @typescript-eslint/parser@8.52.0 want: 8.52.0
774 silly fetch manifest @typescript-eslint/project-service@8.52.0
775 silly packumentCache full:https://registry.npmjs.org/@typescript-eslint%2fproject-service cache-miss
776 silly fetch manifest @typescript-eslint/tsconfig-utils@8.52.0
777 silly packumentCache full:https://registry.npmjs.org/@typescript-eslint%2ftsconfig-utils cache-miss
778 silly fetch manifest minimatch@^9.0.5
779 silly packumentCache full:https://registry.npmjs.org/minimatch cache-hit
780 silly fetch manifest eslint-visitor-keys@^4.2.1
781 silly packumentCache full:https://registry.npmjs.org/eslint-visitor-keys cache-miss
782 http fetch GET 200 https://registry.npmjs.org/eslint-visitor-keys 124ms (cache revalidated)
783 silly packumentCache full:https://registry.npmjs.org/eslint-visitor-keys set size:67352 disposed:false
784 http fetch GET 200 https://registry.npmjs.org/@typescript-eslint%2fproject-service 728ms (cache updated)
785 silly packumentCache full:https://registry.npmjs.org/@typescript-eslint%2fproject-service set size:undefined disposed:false
786 http fetch GET 200 https://registry.npmjs.org/@typescript-eslint%2ftsconfig-utils 731ms (cache updated)
787 silly packumentCache full:https://registry.npmjs.org/@typescript-eslint%2ftsconfig-utils set size:undefined disposed:false
788 silly fetch manifest @babel/core@^7.28.0
789 silly packumentCache full:https://registry.npmjs.org/@babel%2fcore cache-miss
790 http fetch GET 200 https://registry.npmjs.org/@babel%2fcore 387ms (cache revalidated)
791 silly packumentCache full:https://registry.npmjs.org/@babel%2fcore set size:738278 disposed:false
792 silly placeDep ROOT @babel/plugin-transform-react-jsx-self@7.27.1 OK for: @vitejs/plugin-react@4.7.0 want: ^7.27.1
793 silly placeDep ROOT @babel/plugin-transform-react-jsx-source@7.27.1 OK for: @vitejs/plugin-react@4.7.0 want: ^7.27.1
794 silly placeDep ROOT @rolldown/pluginutils@1.0.0-beta.27 OK for: @vitejs/plugin-react@4.7.0 want: 1.0.0-beta.27
795 silly placeDep ROOT @types/babel__core@7.20.5 OK for: @vitejs/plugin-react@4.7.0 want: ^7.20.5
796 silly placeDep node_modules/@vitejs/plugin-react react-refresh@0.17.0 OK for: @vitejs/plugin-react@4.7.0 want: ^0.17.0
797 silly fetch manifest @types/babel__template@*
798 silly packumentCache full:https://registry.npmjs.org/@types%2fbabel__template cache-miss
799 silly fetch manifest @types/babel__traverse@*
800 silly packumentCache full:https://registry.npmjs.org/@types%2fbabel__traverse cache-miss
801 silly fetch manifest @types/babel__generator@*
802 silly packumentCache full:https://registry.npmjs.org/@types%2fbabel__generator cache-miss
803 http fetch GET 200 https://registry.npmjs.org/@types%2fbabel__generator 148ms (cache miss)
804 silly packumentCache full:https://registry.npmjs.org/@types%2fbabel__generator set size:undefined disposed:false
805 http fetch GET 200 https://registry.npmjs.org/@types%2fbabel__traverse 185ms (cache miss)
806 silly packumentCache full:https://registry.npmjs.org/@types%2fbabel__traverse set size:undefined disposed:false
807 http fetch GET 200 https://registry.npmjs.org/@types%2fbabel__template 210ms (cache miss)
808 silly packumentCache full:https://registry.npmjs.org/@types%2fbabel__template set size:undefined disposed:false
809 silly placeDep ROOT @types/babel__generator@7.27.0 OK for: @types/babel__core@7.20.5 want: *
810 silly placeDep ROOT @types/babel__template@7.4.4 OK for: @types/babel__core@7.20.5 want: *
811 silly placeDep ROOT @types/babel__traverse@7.28.0 OK for: @types/babel__core@7.20.5 want: *
812 silly placeDep ROOT @bcoe/v8-coverage@1.0.2 OK for: @vitest/coverage-v8@4.0.16 want: ^1.0.2
813 silly placeDep ROOT ast-v8-to-istanbul@0.3.10 OK for: @vitest/coverage-v8@4.0.16 want: ^0.3.8
814 silly placeDep ROOT istanbul-lib-coverage@3.2.2 OK for: @vitest/coverage-v8@4.0.16 want: ^3.2.2
815 silly placeDep ROOT istanbul-lib-report@3.0.1 OK for: @vitest/coverage-v8@4.0.16 want: ^3.0.1
816 silly placeDep ROOT istanbul-lib-source-maps@5.0.6 OK for: @vitest/coverage-v8@4.0.16 want: ^5.0.6
817 silly placeDep ROOT istanbul-reports@3.2.0 OK for: @vitest/coverage-v8@4.0.16 want: ^3.2.0
818 silly placeDep ROOT magicast@0.5.1 OK for: @vitest/coverage-v8@4.0.16 want: ^0.5.1
819 silly fetch manifest estree-walker@^3.0.3
820 silly packumentCache full:https://registry.npmjs.org/estree-walker cache-miss
821 silly fetch manifest js-tokens@^9.0.1
822 silly packumentCache full:https://registry.npmjs.org/js-tokens cache-miss
823 silly fetch manifest make-dir@^4.0.0
824 silly packumentCache full:https://registry.npmjs.org/make-dir cache-miss
825 silly fetch manifest html-escaper@^2.0.0
826 silly packumentCache full:https://registry.npmjs.org/html-escaper cache-miss
827 http fetch GET 200 https://registry.npmjs.org/html-escaper 116ms (cache miss)
828 silly packumentCache full:https://registry.npmjs.org/html-escaper set size:undefined disposed:false
829 http fetch GET 200 https://registry.npmjs.org/estree-walker 117ms (cache revalidated)
830 silly packumentCache full:https://registry.npmjs.org/estree-walker set size:60887 disposed:false
831 http fetch GET 200 https://registry.npmjs.org/js-tokens 118ms (cache revalidated)
832 silly packumentCache full:https://registry.npmjs.org/js-tokens set size:41947 disposed:false
833 http fetch GET 200 https://registry.npmjs.org/make-dir 119ms (cache revalidated)
834 silly packumentCache full:https://registry.npmjs.org/make-dir set size:34889 disposed:false
835 silly placeDep ROOT fflate@0.8.2 OK for: @vitest/ui@4.0.16 want: ^0.8.2
836 silly placeDep ROOT sirv@3.0.2 OK for: @vitest/ui@4.0.16 want: ^3.0.2
837 silly fetch manifest @polka/url@^1.0.0-next.24
838 silly packumentCache full:https://registry.npmjs.org/@polka%2furl cache-miss
839 silly fetch manifest mrmime@^2.0.0
840 silly packumentCache full:https://registry.npmjs.org/mrmime cache-miss
841 silly fetch manifest totalist@^3.0.0
842 silly packumentCache full:https://registry.npmjs.org/totalist cache-miss
843 http fetch GET 200 https://registry.npmjs.org/mrmime 165ms (cache miss)
844 silly packumentCache full:https://registry.npmjs.org/mrmime set size:undefined disposed:false
845 http fetch GET 200 https://registry.npmjs.org/totalist 171ms (cache miss)
846 silly packumentCache full:https://registry.npmjs.org/totalist set size:undefined disposed:false
847 http fetch GET 200 https://registry.npmjs.org/@polka%2furl 202ms (cache miss)
848 silly packumentCache full:https://registry.npmjs.org/@polka%2furl set size:undefined disposed:false
849 silly placeDep ROOT @xhmikosr/bin-check@7.1.0 OK for: @xhmikosr/bin-wrapper@13.2.0 want: ^7.1.0
850 silly placeDep ROOT @xhmikosr/downloader@15.2.0 OK for: @xhmikosr/bin-wrapper@13.2.0 want: ^15.2.0
851 silly placeDep ROOT @xhmikosr/os-filter-obj@3.0.0 OK for: @xhmikosr/bin-wrapper@13.2.0 want: ^3.0.0
852 silly placeDep ROOT bin-version-check@5.1.0 OK for: @xhmikosr/bin-wrapper@13.2.0 want: ^5.1.0
853 silly fetch manifest execa@^5.1.1
854 silly packumentCache full:https://registry.npmjs.org/execa cache-miss
855 silly fetch manifest @xhmikosr/archive-type@^7.1.0
856 silly packumentCache full:https://registry.npmjs.org/@xhmikosr%2farchive-type cache-miss
857 silly fetch manifest @xhmikosr/decompress@^10.2.0
858 silly packumentCache full:https://registry.npmjs.org/@xhmikosr%2fdecompress cache-miss
859 silly fetch manifest defaults@^2.0.2
860 silly packumentCache full:https://registry.npmjs.org/defaults cache-miss
861 silly fetch manifest ext-name@^5.0.0
862 silly packumentCache full:https://registry.npmjs.org/ext-name cache-miss
863 silly fetch manifest file-type@^20.5.0
864 silly packumentCache full:https://registry.npmjs.org/file-type cache-miss
865 silly fetch manifest filenamify@^6.0.0
866 silly packumentCache full:https://registry.npmjs.org/filenamify cache-miss
867 silly fetch manifest get-stream@^6.0.1
868 silly packumentCache full:https://registry.npmjs.org/get-stream cache-miss
869 silly fetch manifest got@^13.0.0
870 silly packumentCache full:https://registry.npmjs.org/got cache-miss
871 silly fetch manifest arch@^3.0.0
872 silly packumentCache full:https://registry.npmjs.org/arch cache-miss
873 silly fetch manifest bin-version@^6.0.0
874 silly packumentCache full:https://registry.npmjs.org/bin-version cache-miss
875 http fetch GET 200 https://registry.npmjs.org/execa 195ms (cache miss)
876 silly packumentCache full:https://registry.npmjs.org/execa set size:undefined disposed:false
877 silly fetch manifest semver-truncate@^3.0.0
878 silly packumentCache full:https://registry.npmjs.org/semver-truncate cache-miss
879 http fetch GET 200 https://registry.npmjs.org/file-type 212ms (cache miss)
880 silly packumentCache full:https://registry.npmjs.org/file-type set size:undefined disposed:false
881 http fetch GET 200 https://registry.npmjs.org/defaults 226ms (cache revalidated)
882 silly packumentCache full:https://registry.npmjs.org/defaults set size:18134 disposed:false
883 http fetch GET 200 https://registry.npmjs.org/arch 226ms (cache miss)
884 silly packumentCache full:https://registry.npmjs.org/arch set size:undefined disposed:false
885 http fetch GET 200 https://registry.npmjs.org/get-stream 235ms (cache miss)
886 silly packumentCache full:https://registry.npmjs.org/get-stream set size:undefined disposed:false
887 http fetch GET 200 https://registry.npmjs.org/bin-version 236ms (cache miss)
888 silly packumentCache full:https://registry.npmjs.org/bin-version set size:undefined disposed:false
889 http fetch GET 200 https://registry.npmjs.org/filenamify 402ms (cache miss)
890 silly packumentCache full:https://registry.npmjs.org/filenamify set size:undefined disposed:false
891 http fetch GET 200 https://registry.npmjs.org/ext-name 404ms (cache miss)
892 silly packumentCache full:https://registry.npmjs.org/ext-name set size:undefined disposed:false
893 http fetch GET 200 https://registry.npmjs.org/semver-truncate 468ms (cache miss)
894 silly packumentCache full:https://registry.npmjs.org/semver-truncate set size:undefined disposed:false
895 http fetch GET 200 https://registry.npmjs.org/got 667ms (cache miss)
896 silly packumentCache full:https://registry.npmjs.org/got set size:undefined disposed:false
897 http fetch GET 200 https://registry.npmjs.org/@xhmikosr%2farchive-type 1371ms (cache miss)
898 silly packumentCache full:https://registry.npmjs.org/@xhmikosr%2farchive-type set size:undefined disposed:false
899 http fetch GET 200 https://registry.npmjs.org/@xhmikosr%2fdecompress 2012ms (cache miss)
900 silly packumentCache full:https://registry.npmjs.org/@xhmikosr%2fdecompress set size:undefined disposed:false
901 silly placeDep ROOT execa@5.1.1 OK for: @xhmikosr/bin-check@7.1.0 want: ^5.1.1
902 silly fetch manifest is-stream@^2.0.0
903 silly packumentCache full:https://registry.npmjs.org/is-stream cache-miss
904 silly fetch manifest get-stream@^6.0.0
905 silly packumentCache full:https://registry.npmjs.org/get-stream cache-miss
906 silly fetch manifest human-signals@^2.1.0
907 silly packumentCache full:https://registry.npmjs.org/human-signals cache-miss
908 silly fetch manifest strip-final-newline@^2.0.0
909 silly packumentCache full:https://registry.npmjs.org/strip-final-newline cache-miss
910 http cache https://registry.npmjs.org/get-stream 2ms (cache hit)
911 silly packumentCache full:https://registry.npmjs.org/get-stream set size:57536 disposed:false
912 http fetch GET 200 https://registry.npmjs.org/is-stream 96ms (cache miss)
913 silly packumentCache full:https://registry.npmjs.org/is-stream set size:undefined disposed:false
914 http fetch GET 200 https://registry.npmjs.org/human-signals 113ms (cache miss)
915 silly packumentCache full:https://registry.npmjs.org/human-signals set size:undefined disposed:false
916 http fetch GET 200 https://registry.npmjs.org/strip-final-newline 957ms (cache miss)
917 silly packumentCache full:https://registry.npmjs.org/strip-final-newline set size:undefined disposed:false
918 silly placeDep ROOT @xhmikosr/archive-type@7.1.0 OK for: @xhmikosr/downloader@15.2.0 want: ^7.1.0
919 silly placeDep ROOT @xhmikosr/decompress@10.2.0 OK for: @xhmikosr/downloader@15.2.0 want: ^10.2.0
920 silly placeDep node_modules/@xhmikosr/downloader defaults@2.0.2 OK for: @xhmikosr/downloader@15.2.0 want: ^2.0.2
921 silly placeDep ROOT ext-name@5.0.0 OK for: @xhmikosr/downloader@15.2.0 want: ^5.0.0
922 silly placeDep ROOT file-type@20.5.0 OK for: @xhmikosr/downloader@15.2.0 want: ^20.5.0
923 silly placeDep ROOT filenamify@6.0.0 OK for: @xhmikosr/downloader@15.2.0 want: ^6.0.0
924 silly placeDep ROOT get-stream@6.0.1 OK for: @xhmikosr/downloader@15.2.0 want: ^6.0.1
925 silly placeDep ROOT got@13.0.0 OK for: @xhmikosr/downloader@15.2.0 want: ^13.0.0
926 silly fetch manifest @xhmikosr/decompress-tar@^8.1.0
927 silly packumentCache full:https://registry.npmjs.org/@xhmikosr%2fdecompress-tar cache-miss
928 silly fetch manifest @xhmikosr/decompress-tarbz2@^8.1.0
929 silly packumentCache full:https://registry.npmjs.org/@xhmikosr%2fdecompress-tarbz2 cache-miss
930 silly fetch manifest @xhmikosr/decompress-targz@^8.1.0
931 silly packumentCache full:https://registry.npmjs.org/@xhmikosr%2fdecompress-targz cache-miss
932 silly fetch manifest @xhmikosr/decompress-unzip@^7.1.0
933 silly packumentCache full:https://registry.npmjs.org/@xhmikosr%2fdecompress-unzip cache-miss
934 silly fetch manifest strip-dirs@^3.0.0
935 silly packumentCache full:https://registry.npmjs.org/strip-dirs cache-miss
936 silly fetch manifest ext-list@^2.0.0
937 silly packumentCache full:https://registry.npmjs.org/ext-list cache-miss
938 silly fetch manifest sort-keys-length@^1.0.0
939 silly packumentCache full:https://registry.npmjs.org/sort-keys-length cache-miss
940 silly fetch manifest strtok3@^10.2.0
941 silly packumentCache full:https://registry.npmjs.org/strtok3 cache-miss
942 silly fetch manifest token-types@^6.0.0
943 silly packumentCache full:https://registry.npmjs.org/token-types cache-miss
944 silly fetch manifest uint8array-extras@^1.4.0
945 silly packumentCache full:https://registry.npmjs.org/uint8array-extras cache-miss
946 silly fetch manifest @tokenizer/inflate@^0.2.6
947 silly packumentCache full:https://registry.npmjs.org/@tokenizer%2finflate cache-miss
948 http fetch GET 200 https://registry.npmjs.org/strip-dirs 133ms (cache miss)
949 silly packumentCache full:https://registry.npmjs.org/strip-dirs set size:undefined disposed:false
950 silly fetch manifest filename-reserved-regex@^3.0.0
951 silly packumentCache full:https://registry.npmjs.org/filename-reserved-regex cache-miss
952 http fetch GET 200 https://registry.npmjs.org/token-types 256ms (cache miss)
953 silly packumentCache full:https://registry.npmjs.org/token-types set size:undefined disposed:false
954 silly fetch manifest p-cancelable@^3.0.0
955 silly packumentCache full:https://registry.npmjs.org/p-cancelable cache-miss
956 http fetch GET 200 https://registry.npmjs.org/ext-list 259ms (cache miss)
957 silly packumentCache full:https://registry.npmjs.org/ext-list set size:undefined disposed:false
958 silly fetch manifest responselike@^3.0.0
959 silly packumentCache full:https://registry.npmjs.org/responselike cache-miss
960 http fetch GET 200 https://registry.npmjs.org/uint8array-extras 264ms (cache miss)
961 silly packumentCache full:https://registry.npmjs.org/uint8array-extras set size:undefined disposed:false
962 silly fetch manifest http2-wrapper@^2.1.10
963 silly packumentCache full:https://registry.npmjs.org/http2-wrapper cache-miss
964 http fetch GET 200 https://registry.npmjs.org/@tokenizer%2finflate 268ms (cache miss)
965 silly packumentCache full:https://registry.npmjs.org/@tokenizer%2finflate set size:undefined disposed:false
966 silly fetch manifest lowercase-keys@^3.0.0
967 silly packumentCache full:https://registry.npmjs.org/lowercase-keys cache-miss
968 http fetch GET 200 https://registry.npmjs.org/filename-reserved-regex 137ms (cache miss)
969 silly packumentCache full:https://registry.npmjs.org/filename-reserved-regex set size:undefined disposed:false
970 silly fetch manifest @sindresorhus/is@^5.2.0
971 silly packumentCache full:https://registry.npmjs.org/@sindresorhus%2fis cache-miss
972 http fetch GET 200 https://registry.npmjs.org/lowercase-keys 113ms (cache miss)
973 silly packumentCache full:https://registry.npmjs.org/lowercase-keys set size:undefined disposed:false
974 silly fetch manifest cacheable-lookup@^7.0.0
975 silly packumentCache full:https://registry.npmjs.org/cacheable-lookup cache-miss
976 http fetch GET 200 https://registry.npmjs.org/sort-keys-length 388ms (cache miss)
977 silly packumentCache full:https://registry.npmjs.org/sort-keys-length set size:undefined disposed:false
978 silly fetch manifest cacheable-request@^10.2.8
979 silly packumentCache full:https://registry.npmjs.org/cacheable-request cache-miss
980 http fetch GET 200 https://registry.npmjs.org/responselike 150ms (cache miss)
981 silly packumentCache full:https://registry.npmjs.org/responselike set size:undefined disposed:false
982 silly fetch manifest form-data-encoder@^2.1.2
983 silly packumentCache full:https://registry.npmjs.org/form-data-encoder cache-miss
984 http fetch GET 200 https://registry.npmjs.org/@sindresorhus%2fis 242ms (cache miss)
985 silly packumentCache full:https://registry.npmjs.org/@sindresorhus%2fis set size:undefined disposed:false
986 silly fetch manifest decompress-response@^6.0.0
987 silly packumentCache full:https://registry.npmjs.org/decompress-response cache-miss
988 http fetch GET 200 https://registry.npmjs.org/strtok3 598ms (cache miss)
989 silly packumentCache full:https://registry.npmjs.org/strtok3 set size:undefined disposed:false
990 silly fetch manifest @szmarczak/http-timer@^5.0.1
991 silly packumentCache full:https://registry.npmjs.org/@szmarczak%2fhttp-timer cache-miss
992 http fetch GET 200 https://registry.npmjs.org/form-data-encoder 317ms (cache miss)
993 silly packumentCache full:https://registry.npmjs.org/form-data-encoder set size:undefined disposed:false
994 http fetch GET 200 https://registry.npmjs.org/decompress-response 242ms (cache miss)
995 silly packumentCache full:https://registry.npmjs.org/decompress-response set size:undefined disposed:false
996 http fetch GET 200 https://registry.npmjs.org/p-cancelable 572ms (cache miss)
997 silly packumentCache full:https://registry.npmjs.org/p-cancelable set size:undefined disposed:false
998 http fetch GET 200 https://registry.npmjs.org/http2-wrapper 566ms (cache miss)
999 silly packumentCache full:https://registry.npmjs.org/http2-wrapper set size:undefined disposed:false
1000 http fetch GET 200 https://registry.npmjs.org/cacheable-request 446ms (cache miss)
1001 silly packumentCache full:https://registry.npmjs.org/cacheable-request set size:undefined disposed:false
1002 http fetch GET 200 https://registry.npmjs.org/@xhmikosr%2fdecompress-targz 852ms (cache miss)
1003 silly packumentCache full:https://registry.npmjs.org/@xhmikosr%2fdecompress-targz set size:undefined disposed:false
1004 http fetch GET 200 https://registry.npmjs.org/@xhmikosr%2fdecompress-unzip 954ms (cache miss)
1005 silly packumentCache full:https://registry.npmjs.org/@xhmikosr%2fdecompress-unzip set size:undefined disposed:false
1006 http fetch GET 200 https://registry.npmjs.org/cacheable-lookup 1004ms (cache miss)
1007 silly packumentCache full:https://registry.npmjs.org/cacheable-lookup set size:undefined disposed:false
1008 http fetch GET 200 https://registry.npmjs.org/@xhmikosr%2fdecompress-tarbz2 1394ms (cache miss)
1009 silly packumentCache full:https://registry.npmjs.org/@xhmikosr%2fdecompress-tarbz2 set size:undefined disposed:false
1010 http fetch GET 200 https://registry.npmjs.org/@xhmikosr%2fdecompress-tar 1394ms (cache miss)
1011 silly packumentCache full:https://registry.npmjs.org/@xhmikosr%2fdecompress-tar set size:undefined disposed:false
1012 http fetch GET 200 https://registry.npmjs.org/@szmarczak%2fhttp-timer 954ms (cache miss)
1013 silly packumentCache full:https://registry.npmjs.org/@szmarczak%2fhttp-timer set size:undefined disposed:false
1014 silly placeDep ROOT @xhmikosr/decompress-tar@8.1.0 OK for: @xhmikosr/decompress@10.2.0 want: ^8.1.0
1015 silly placeDep ROOT @xhmikosr/decompress-tarbz2@8.1.0 OK for: @xhmikosr/decompress@10.2.0 want: ^8.1.0
1016 silly placeDep ROOT @xhmikosr/decompress-targz@8.1.0 OK for: @xhmikosr/decompress@10.2.0 want: ^8.1.0
1017 silly placeDep ROOT @xhmikosr/decompress-unzip@7.1.0 OK for: @xhmikosr/decompress@10.2.0 want: ^7.1.0
1018 silly placeDep ROOT strip-dirs@3.0.0 OK for: @xhmikosr/decompress@10.2.0 want: ^3.0.0
1019 silly fetch manifest is-stream@^2.0.1
1020 silly packumentCache full:https://registry.npmjs.org/is-stream cache-miss
1021 silly fetch manifest tar-stream@^3.1.7
1022 silly packumentCache full:https://registry.npmjs.org/tar-stream cache-miss
1023 silly fetch manifest is-stream@^2.0.1
1024 silly packumentCache full:https://registry.npmjs.org/is-stream cache-miss
1025 silly fetch manifest seek-bzip@^2.0.0
1026 silly packumentCache full:https://registry.npmjs.org/seek-bzip cache-miss
1027 silly fetch manifest unbzip2-stream@^1.4.3
1028 silly packumentCache full:https://registry.npmjs.org/unbzip2-stream cache-miss
1029 silly fetch manifest is-stream@^2.0.1
1030 silly packumentCache full:https://registry.npmjs.org/is-stream cache-miss
1031 silly fetch manifest yauzl@^3.1.2
1032 silly packumentCache full:https://registry.npmjs.org/yauzl cache-miss
1033 silly fetch manifest inspect-with-kind@^1.0.5
1034 silly packumentCache full:https://registry.npmjs.org/inspect-with-kind cache-miss
1035 silly fetch manifest is-plain-obj@^1.1.0
1036 silly packumentCache full:https://registry.npmjs.org/is-plain-obj cache-miss
1037 http cache https://registry.npmjs.org/is-stream 4ms (cache hit)
1038 silly packumentCache full:https://registry.npmjs.org/is-stream set size:18582 disposed:false
1039 http cache https://registry.npmjs.org/is-stream 4ms (cache hit)
1040 silly packumentCache full:https://registry.npmjs.org/is-stream set size:18582 disposed:false
1041 silly packumentCache full:https://registry.npmjs.org/is-stream dispose
1042 http cache https://registry.npmjs.org/is-stream 5ms (cache hit)
1043 silly packumentCache full:https://registry.npmjs.org/is-stream set size:18582 disposed:true
1044 silly packumentCache full:https://registry.npmjs.org/is-stream dispose
1045 http fetch GET 200 https://registry.npmjs.org/tar-stream 108ms (cache revalidated)
1046 silly packumentCache full:https://registry.npmjs.org/tar-stream set size:132352 disposed:false
1047 http fetch GET 200 https://registry.npmjs.org/yauzl 109ms (cache miss)
1048 silly packumentCache full:https://registry.npmjs.org/yauzl set size:undefined disposed:false
1049 http fetch GET 200 https://registry.npmjs.org/is-plain-obj 114ms (cache revalidated)
1050 silly packumentCache full:https://registry.npmjs.org/is-plain-obj set size:17899 disposed:false
1051 http fetch GET 200 https://registry.npmjs.org/unbzip2-stream 114ms (cache miss)
1052 silly packumentCache full:https://registry.npmjs.org/unbzip2-stream set size:undefined disposed:false
1053 http fetch GET 200 https://registry.npmjs.org/seek-bzip 129ms (cache miss)
1054 silly packumentCache full:https://registry.npmjs.org/seek-bzip set size:undefined disposed:false
1055 http fetch GET 200 https://registry.npmjs.org/inspect-with-kind 407ms (cache miss)
1056 silly packumentCache full:https://registry.npmjs.org/inspect-with-kind set size:undefined disposed:false
1057 silly placeDep ROOT is-stream@2.0.1 OK for: @xhmikosr/decompress-tar@8.1.0 want: ^2.0.1
1058 silly placeDep node_modules/@xhmikosr/decompress-tar tar-stream@3.1.7 OK for: @xhmikosr/decompress-tar@8.1.0 want: ^3.1.7
1059 silly fetch manifest b4a@^1.6.4
1060 silly packumentCache full:https://registry.npmjs.org/b4a cache-miss
1061 silly fetch manifest streamx@^2.15.0
1062 silly packumentCache full:https://registry.npmjs.org/streamx cache-miss
1063 silly fetch manifest fast-fifo@^1.2.0
1064 silly packumentCache full:https://registry.npmjs.org/fast-fifo cache-miss
1065 http fetch GET 200 https://registry.npmjs.org/fast-fifo 104ms (cache miss)
1066 silly packumentCache full:https://registry.npmjs.org/fast-fifo set size:undefined disposed:false
1067 http fetch GET 200 https://registry.npmjs.org/streamx 423ms (cache miss)
1068 silly packumentCache full:https://registry.npmjs.org/streamx set size:undefined disposed:false
1069 http fetch GET 200 https://registry.npmjs.org/b4a 617ms (cache miss)
1070 silly packumentCache full:https://registry.npmjs.org/b4a set size:undefined disposed:false
1071 silly placeDep ROOT seek-bzip@2.0.0 OK for: @xhmikosr/decompress-tarbz2@8.1.0 want: ^2.0.0
1072 silly placeDep ROOT unbzip2-stream@1.4.3 OK for: @xhmikosr/decompress-tarbz2@8.1.0 want: ^1.4.3
1073 silly fetch manifest commander@^6.0.0
1074 silly packumentCache full:https://registry.npmjs.org/commander cache-hit
1075 silly fetch manifest through@^2.3.8
1076 silly packumentCache full:https://registry.npmjs.org/through cache-miss
1077 http fetch GET 200 https://registry.npmjs.org/through 137ms (cache miss)
1078 silly packumentCache full:https://registry.npmjs.org/through set size:undefined disposed:false
1079 silly placeDep ROOT yauzl@3.2.0 OK for: @xhmikosr/decompress-unzip@7.1.0 want: ^3.1.2
1080 silly fetch manifest buffer-crc32@~0.2.3
1081 silly packumentCache full:https://registry.npmjs.org/buffer-crc32 cache-miss
1082 silly fetch manifest pend@~1.2.0
1083 silly packumentCache full:https://registry.npmjs.org/pend cache-miss
1084 http fetch GET 200 https://registry.npmjs.org/pend 123ms (cache miss)
1085 silly packumentCache full:https://registry.npmjs.org/pend set size:undefined disposed:false
1086 http fetch GET 200 https://registry.npmjs.org/buffer-crc32 134ms (cache miss)
1087 silly packumentCache full:https://registry.npmjs.org/buffer-crc32 set size:undefined disposed:false
1088 silly placeDep ROOT arch@3.0.0 OK for: @xhmikosr/os-filter-obj@3.0.0 want: ^3.0.0
1089 silly placeDep ROOT dequal@2.0.3 OK for: aria-query@5.3.0 want: ^2.0.3
1090 silly placeDep node_modules/ast-v8-to-istanbul estree-walker@3.0.3 OK for: ast-v8-to-istanbul@0.3.10 want: ^3.0.3
1091 silly placeDep node_modules/ast-v8-to-istanbul js-tokens@9.0.1 OK for: ast-v8-to-istanbul@0.3.10 want: ^9.0.1
1092 silly placeDep ROOT bin-version@6.0.0 OK for: bin-version-check@5.1.0 want: ^6.0.0
1093 silly placeDep ROOT semver-truncate@3.0.0 OK for: bin-version-check@5.1.0 want: ^3.0.0
1094 silly fetch manifest find-versions@^5.0.0
1095 silly packumentCache full:https://registry.npmjs.org/find-versions cache-miss
1096 http fetch GET 200 https://registry.npmjs.org/find-versions 981ms (cache miss)
1097 silly packumentCache full:https://registry.npmjs.org/find-versions set size:undefined disposed:false
1098 silly placeDep ROOT find-versions@5.1.0 OK for: bin-version@6.0.0 want: ^5.0.0
1099 silly fetch manifest semver-regex@^4.0.5
1100 silly packumentCache full:https://registry.npmjs.org/semver-regex cache-miss
1101 http fetch GET 200 https://registry.npmjs.org/semver-regex 386ms (cache miss)
1102 silly packumentCache full:https://registry.npmjs.org/semver-regex set size:undefined disposed:false
1103 silly placeDep ROOT @rtsao/scc@1.1.0 OK for: eslint-plugin-import@2.31.0 want: ^1.1.0
1104 silly placeDep ROOT array-includes@3.1.9 OK for: eslint-plugin-import@2.31.0 want: ^3.1.8
1105 silly placeDep ROOT array.prototype.findlastindex@1.2.6 OK for: eslint-plugin-import@2.31.0 want: ^1.2.5
1106 silly placeDep ROOT array.prototype.flat@1.3.3 OK for: eslint-plugin-import@2.31.0 want: ^1.3.2
1107 silly placeDep ROOT array.prototype.flatmap@1.3.3 OK for: eslint-plugin-import@2.31.0 want: ^1.3.2
1108 silly placeDep node_modules/eslint-plugin-import debug@3.2.7 OK for: eslint-plugin-import@2.31.0 want: ^3.2.7
1109 silly placeDep ROOT doctrine@2.1.0 OK for: eslint-plugin-import@2.31.0 want: ^2.1.0
1110 silly placeDep ROOT eslint-import-resolver-node@0.3.9 OK for: eslint-plugin-import@2.31.0 want: ^0.3.9
1111 silly placeDep ROOT eslint-module-utils@2.12.1 OK for: eslint-plugin-import@2.31.0 want: ^2.12.0
1112 silly placeDep node_modules/eslint-plugin-import minimatch@3.1.2 OK for: eslint-plugin-import@2.31.0 want: ^3.1.2
1113 silly placeDep ROOT object.fromentries@2.0.8 OK for: eslint-plugin-import@2.31.0 want: ^2.0.8
1114 silly placeDep ROOT object.groupby@1.0.3 OK for: eslint-plugin-import@2.31.0 want: ^1.0.3
1115 silly placeDep ROOT object.values@1.2.1 OK for: eslint-plugin-import@2.31.0 want: ^1.2.0
1116 silly placeDep node_modules/eslint-plugin-import semver@6.3.1 OK for: eslint-plugin-import@2.31.0 want: ^6.3.1
1117 silly placeDep ROOT string.prototype.trimend@1.0.9 OK for: eslint-plugin-import@2.31.0 want: ^1.0.8
1118 silly placeDep node_modules/eslint-plugin-import tsconfig-paths@3.15.0 OK for: eslint-plugin-import@2.31.0 want: ^3.15.0
1119 silly fetch manifest call-bind@^1.0.8
1120 silly packumentCache full:https://registry.npmjs.org/call-bind cache-miss
1121 silly fetch manifest define-properties@^1.2.1
1122 silly packumentCache full:https://registry.npmjs.org/define-properties cache-miss
1123 silly fetch manifest es-abstract@^1.24.0
1124 silly packumentCache full:https://registry.npmjs.org/es-abstract cache-miss
1125 silly fetch manifest is-string@^1.1.1
1126 silly packumentCache full:https://registry.npmjs.org/is-string cache-miss
1127 silly fetch manifest call-bind@^1.0.8
1128 silly packumentCache full:https://registry.npmjs.org/call-bind cache-miss
1129 silly fetch manifest define-properties@^1.2.1
1130 silly packumentCache full:https://registry.npmjs.org/define-properties cache-miss
1131 silly fetch manifest es-abstract@^1.23.9
1132 silly packumentCache full:https://registry.npmjs.org/es-abstract cache-miss
1133 silly fetch manifest es-shim-unscopables@^1.1.0
1134 silly packumentCache full:https://registry.npmjs.org/es-shim-unscopables cache-miss
1135 silly fetch manifest call-bind@^1.0.8
1136 silly packumentCache full:https://registry.npmjs.org/call-bind cache-miss
1137 silly fetch manifest define-properties@^1.2.1
1138 silly packumentCache full:https://registry.npmjs.org/define-properties cache-miss
1139 silly fetch manifest es-abstract@^1.23.5
1140 silly packumentCache full:https://registry.npmjs.org/es-abstract cache-miss
1141 http fetch GET 200 https://registry.npmjs.org/call-bind 104ms (cache miss)
1142 silly packumentCache full:https://registry.npmjs.org/call-bind set size:undefined disposed:false
1143 silly fetch manifest es-shim-unscopables@^1.0.2
1144 silly packumentCache full:https://registry.npmjs.org/es-shim-unscopables cache-miss
1145 http fetch GET 200 https://registry.npmjs.org/es-shim-unscopables 130ms (cache miss)
1146 silly packumentCache full:https://registry.npmjs.org/es-shim-unscopables set size:undefined disposed:false
1147 silly fetch manifest define-properties@^1.2.1
1148 silly packumentCache full:https://registry.npmjs.org/define-properties cache-miss
1149 http fetch GET 200 https://registry.npmjs.org/is-string 164ms (cache miss)
1150 silly packumentCache full:https://registry.npmjs.org/is-string set size:undefined disposed:false
1151 silly fetch manifest es-abstract@^1.23.5
1152 silly packumentCache full:https://registry.npmjs.org/es-abstract cache-miss
1153 http fetch GET 200 https://registry.npmjs.org/es-abstract 174ms (cache miss)
1154 silly packumentCache full:https://registry.npmjs.org/es-abstract set size:undefined disposed:false
1155 silly fetch manifest es-shim-unscopables@^1.0.2
1156 silly packumentCache full:https://registry.npmjs.org/es-shim-unscopables cache-miss
1157 http fetch GET 200 https://registry.npmjs.org/call-bind 178ms (cache miss)
1158 silly packumentCache full:https://registry.npmjs.org/call-bind set size:undefined disposed:false
1159 silly fetch manifest brace-expansion@^1.1.7
1160 silly packumentCache full:https://registry.npmjs.org/brace-expansion cache-miss
1161 http cache https://registry.npmjs.org/es-shim-unscopables 3ms (cache hit)
1162 silly packumentCache full:https://registry.npmjs.org/es-shim-unscopables set size:13965 disposed:false
1163 silly fetch manifest call-bind@^1.0.7
1164 silly packumentCache full:https://registry.npmjs.org/call-bind cache-miss
1165 http cache https://registry.npmjs.org/call-bind 1ms (cache hit)
1166 silly packumentCache full:https://registry.npmjs.org/call-bind set size:30096 disposed:false
1167 silly fetch manifest define-properties@^1.2.1
1168 silly packumentCache full:https://registry.npmjs.org/define-properties cache-miss
1169 http fetch GET 200 https://registry.npmjs.org/define-properties 182ms (cache miss)
1170 silly packumentCache full:https://registry.npmjs.org/define-properties set size:undefined disposed:false
1171 silly fetch manifest es-abstract@^1.23.2
1172 silly packumentCache full:https://registry.npmjs.org/es-abstract cache-miss
1173 http cache https://registry.npmjs.org/es-abstract 2ms (cache hit)
1174 silly packumentCache full:https://registry.npmjs.org/es-abstract set size:378584 disposed:false
1175 silly fetch manifest json5@^1.0.2
1176 silly packumentCache full:https://registry.npmjs.org/json5 cache-miss
1177 http fetch GET 200 https://registry.npmjs.org/call-bind 209ms (cache miss)
1178 silly packumentCache full:https://registry.npmjs.org/call-bind set size:undefined disposed:false
1179 silly packumentCache full:https://registry.npmjs.org/call-bind dispose
1180 silly fetch manifest @types/json5@^0.0.29
1181 silly packumentCache full:https://registry.npmjs.org/@types%2fjson5 cache-miss
1182 http fetch GET 200 https://registry.npmjs.org/es-abstract 215ms (cache miss)
1183 silly packumentCache full:https://registry.npmjs.org/es-abstract set size:undefined disposed:false
1184 silly packumentCache full:https://registry.npmjs.org/es-abstract dispose
1185 http fetch GET 200 https://registry.npmjs.org/define-properties 219ms (cache miss)
1186 silly packumentCache full:https://registry.npmjs.org/define-properties set size:undefined disposed:false
1187 http fetch GET 200 https://registry.npmjs.org/define-properties 243ms (cache miss)
1188 silly packumentCache full:https://registry.npmjs.org/define-properties set size:undefined disposed:false
1189 http fetch GET 200 https://registry.npmjs.org/es-shim-unscopables 146ms (cache miss)
1190 silly packumentCache full:https://registry.npmjs.org/es-shim-unscopables set size:undefined disposed:false
1191 silly packumentCache full:https://registry.npmjs.org/es-shim-unscopables dispose
1192 http fetch GET 200 https://registry.npmjs.org/define-properties 164ms (cache miss)
1193 silly packumentCache full:https://registry.npmjs.org/define-properties set size:undefined disposed:false
1194 http fetch GET 200 https://registry.npmjs.org/define-properties 192ms (cache miss)
1195 silly packumentCache full:https://registry.npmjs.org/define-properties set size:undefined disposed:false
1196 http fetch GET 200 https://registry.npmjs.org/json5 187ms (cache revalidated)
1197 silly packumentCache full:https://registry.npmjs.org/json5 set size:86136 disposed:false
1198 http fetch GET 200 https://registry.npmjs.org/brace-expansion 196ms (cache revalidated)
1199 silly packumentCache full:https://registry.npmjs.org/brace-expansion set size:46250 disposed:false
1200 http fetch GET 200 https://registry.npmjs.org/es-abstract 378ms (cache miss)
1201 silly packumentCache full:https://registry.npmjs.org/es-abstract set size:undefined disposed:true
1202 http fetch GET 200 https://registry.npmjs.org/@types%2fjson5 172ms (cache miss)
1203 silly packumentCache full:https://registry.npmjs.org/@types%2fjson5 set size:undefined disposed:false
1204 http fetch GET 200 https://registry.npmjs.org/es-abstract 218ms (cache miss)
1205 silly packumentCache full:https://registry.npmjs.org/es-abstract set size:undefined disposed:false
1206 silly placeDep ROOT call-bind@1.0.8 OK for: array-includes@3.1.9 want: ^1.0.8
1207 silly placeDep ROOT define-properties@1.2.1 OK for: array-includes@3.1.9 want: ^1.2.1
1208 silly placeDep ROOT es-abstract@1.24.1 OK for: array-includes@3.1.9 want: ^1.24.0
1209 silly placeDep ROOT is-string@1.1.1 OK for: array-includes@3.1.9 want: ^1.1.1
1210 silly fetch manifest set-function-length@^1.2.2
1211 silly packumentCache full:https://registry.npmjs.org/set-function-length cache-miss
1212 silly fetch manifest define-data-property@^1.0.1
1213 silly packumentCache full:https://registry.npmjs.org/define-data-property cache-miss
1214 silly fetch manifest has-property-descriptors@^1.0.0
1215 silly packumentCache full:https://registry.npmjs.org/has-property-descriptors cache-miss
1216 silly fetch manifest object-keys@^1.1.1
1217 silly packumentCache full:https://registry.npmjs.org/object-keys cache-miss
1218 silly fetch manifest array-buffer-byte-length@^1.0.2
1219 silly packumentCache full:https://registry.npmjs.org/array-buffer-byte-length cache-miss
1220 silly fetch manifest arraybuffer.prototype.slice@^1.0.4
1221 silly packumentCache full:https://registry.npmjs.org/arraybuffer.prototype.slice cache-miss
1222 silly fetch manifest available-typed-arrays@^1.0.7
1223 silly packumentCache full:https://registry.npmjs.org/available-typed-arrays cache-miss
1224 silly fetch manifest data-view-buffer@^1.0.2
1225 silly packumentCache full:https://registry.npmjs.org/data-view-buffer cache-miss
1226 silly fetch manifest data-view-byte-length@^1.0.2
1227 silly packumentCache full:https://registry.npmjs.org/data-view-byte-length cache-miss
1228 silly fetch manifest data-view-byte-offset@^1.0.1
1229 silly packumentCache full:https://registry.npmjs.org/data-view-byte-offset cache-miss
1230 silly fetch manifest es-to-primitive@^1.3.0
1231 silly packumentCache full:https://registry.npmjs.org/es-to-primitive cache-miss
1232 http fetch GET 200 https://registry.npmjs.org/array-buffer-byte-length 132ms (cache miss)
1233 silly packumentCache full:https://registry.npmjs.org/array-buffer-byte-length set size:undefined disposed:false
1234 silly fetch manifest function.prototype.name@^1.1.8
1235 silly packumentCache full:https://registry.npmjs.org/function.prototype.name cache-miss
1236 http fetch GET 200 https://registry.npmjs.org/object-keys 134ms (cache miss)
1237 silly packumentCache full:https://registry.npmjs.org/object-keys set size:undefined disposed:false
1238 silly fetch manifest get-symbol-description@^1.1.0
1239 silly packumentCache full:https://registry.npmjs.org/get-symbol-description cache-miss
1240 http fetch GET 200 https://registry.npmjs.org/set-function-length 146ms (cache miss)
1241 silly packumentCache full:https://registry.npmjs.org/set-function-length set size:undefined disposed:false
1242 silly fetch manifest globalthis@^1.0.4
1243 silly packumentCache full:https://registry.npmjs.org/globalthis cache-miss
1244 http fetch GET 200 https://registry.npmjs.org/data-view-byte-length 178ms (cache miss)
1245 silly packumentCache full:https://registry.npmjs.org/data-view-byte-length set size:undefined disposed:false
1246 silly fetch manifest has-property-descriptors@^1.0.2
1247 silly packumentCache full:https://registry.npmjs.org/has-property-descriptors cache-miss
1248 http fetch GET 200 https://registry.npmjs.org/es-to-primitive 179ms (cache miss)
1249 silly packumentCache full:https://registry.npmjs.org/es-to-primitive set size:undefined disposed:false
1250 silly fetch manifest has-proto@^1.2.0
1251 silly packumentCache full:https://registry.npmjs.org/has-proto cache-miss
1252 http fetch GET 200 https://registry.npmjs.org/data-view-byte-offset 183ms (cache miss)
1253 silly packumentCache full:https://registry.npmjs.org/data-view-byte-offset set size:undefined disposed:false
1254 silly fetch manifest internal-slot@^1.1.0
1255 silly packumentCache full:https://registry.npmjs.org/internal-slot cache-miss
1256 http fetch GET 200 https://registry.npmjs.org/arraybuffer.prototype.slice 184ms (cache miss)
1257 silly packumentCache full:https://registry.npmjs.org/arraybuffer.prototype.slice set size:undefined disposed:false
1258 silly fetch manifest is-array-buffer@^3.0.5
1259 silly packumentCache full:https://registry.npmjs.org/is-array-buffer cache-miss
1260 http fetch GET 200 https://registry.npmjs.org/has-property-descriptors 185ms (cache miss)
1261 silly packumentCache full:https://registry.npmjs.org/has-property-descriptors set size:undefined disposed:false
1262 silly fetch manifest is-callable@^1.2.7
1263 silly packumentCache full:https://registry.npmjs.org/is-callable cache-miss
1264 http fetch GET 200 https://registry.npmjs.org/data-view-buffer 185ms (cache miss)
1265 silly packumentCache full:https://registry.npmjs.org/data-view-buffer set size:undefined disposed:false
1266 silly fetch manifest is-data-view@^1.0.2
1267 silly packumentCache full:https://registry.npmjs.org/is-data-view cache-miss
1268 http fetch GET 200 https://registry.npmjs.org/available-typed-arrays 186ms (cache miss)
1269 silly packumentCache full:https://registry.npmjs.org/available-typed-arrays set size:undefined disposed:false
1270 silly fetch manifest is-negative-zero@^2.0.3
1271 silly packumentCache full:https://registry.npmjs.org/is-negative-zero cache-miss
1272 http fetch GET 200 https://registry.npmjs.org/function.prototype.name 103ms (cache miss)
1273 silly packumentCache full:https://registry.npmjs.org/function.prototype.name set size:undefined disposed:false
1274 silly fetch manifest is-regex@^1.2.1
1275 silly packumentCache full:https://registry.npmjs.org/is-regex cache-miss
1276 http fetch GET 200 https://registry.npmjs.org/get-symbol-description 126ms (cache miss)
1277 silly packumentCache full:https://registry.npmjs.org/get-symbol-description set size:undefined disposed:false
1278 silly fetch manifest is-set@^2.0.3
1279 silly packumentCache full:https://registry.npmjs.org/is-set cache-miss
1280 http fetch GET 200 https://registry.npmjs.org/globalthis 118ms (cache miss)
1281 silly packumentCache full:https://registry.npmjs.org/globalthis set size:undefined disposed:false
1282 silly fetch manifest is-shared-array-buffer@^1.0.4
1283 silly packumentCache full:https://registry.npmjs.org/is-shared-array-buffer cache-miss
1284 http fetch GET 200 https://registry.npmjs.org/has-proto 117ms (cache miss)
1285 silly packumentCache full:https://registry.npmjs.org/has-proto set size:undefined disposed:false
1286 silly fetch manifest is-typed-array@^1.1.15
1287 silly packumentCache full:https://registry.npmjs.org/is-typed-array cache-miss
1288 http fetch GET 200 https://registry.npmjs.org/internal-slot 121ms (cache miss)
1289 silly packumentCache full:https://registry.npmjs.org/internal-slot set size:undefined disposed:false
1290 silly fetch manifest is-weakref@^1.1.1
1291 silly packumentCache full:https://registry.npmjs.org/is-weakref cache-miss
1292 http fetch GET 200 https://registry.npmjs.org/has-property-descriptors 136ms (cache miss)
1293 silly packumentCache full:https://registry.npmjs.org/has-property-descriptors set size:undefined disposed:false
1294 silly fetch manifest object.assign@^4.1.7
1295 silly packumentCache full:https://registry.npmjs.org/object.assign cache-miss
1296 http fetch GET 200 https://registry.npmjs.org/is-data-view 132ms (cache miss)
1297 silly packumentCache full:https://registry.npmjs.org/is-data-view set size:undefined disposed:false
1298 silly fetch manifest own-keys@^1.0.1
1299 silly packumentCache full:https://registry.npmjs.org/own-keys cache-miss
1300 http fetch GET 200 https://registry.npmjs.org/is-negative-zero 132ms (cache miss)
1301 silly packumentCache full:https://registry.npmjs.org/is-negative-zero set size:undefined disposed:false
1302 silly fetch manifest regexp.prototype.flags@^1.5.4
1303 silly packumentCache full:https://registry.npmjs.org/regexp.prototype.flags cache-miss
1304 http fetch GET 200 https://registry.npmjs.org/is-array-buffer 148ms (cache miss)
1305 silly packumentCache full:https://registry.npmjs.org/is-array-buffer set size:undefined disposed:false
1306 silly fetch manifest safe-array-concat@^1.1.3
1307 silly packumentCache full:https://registry.npmjs.org/safe-array-concat cache-miss
1308 http fetch GET 200 https://registry.npmjs.org/is-regex 107ms (cache miss)
1309 silly packumentCache full:https://registry.npmjs.org/is-regex set size:undefined disposed:false
1310 silly fetch manifest safe-push-apply@^1.0.0
1311 silly packumentCache full:https://registry.npmjs.org/safe-push-apply cache-miss
1312 http fetch GET 200 https://registry.npmjs.org/is-set 112ms (cache miss)
1313 silly packumentCache full:https://registry.npmjs.org/is-set set size:undefined disposed:false
1314 silly fetch manifest safe-regex-test@^1.1.0
1315 silly packumentCache full:https://registry.npmjs.org/safe-regex-test cache-miss
1316 http cache https://registry.npmjs.org/safe-regex-test 1ms (cache hit)
1317 silly packumentCache full:https://registry.npmjs.org/safe-regex-test set size:17412 disposed:false
1318 silly fetch manifest set-proto@^1.0.0
1319 silly packumentCache full:https://registry.npmjs.org/set-proto cache-miss
1320 http fetch GET 200 https://registry.npmjs.org/is-shared-array-buffer 121ms (cache miss)
1321 silly packumentCache full:https://registry.npmjs.org/is-shared-array-buffer set size:undefined disposed:false
1322 silly fetch manifest stop-iteration-iterator@^1.1.0
1323 silly packumentCache full:https://registry.npmjs.org/stop-iteration-iterator cache-miss
1324 http fetch GET 200 https://registry.npmjs.org/is-typed-array 121ms (cache miss)
1325 silly packumentCache full:https://registry.npmjs.org/is-typed-array set size:undefined disposed:false
1326 silly fetch manifest string.prototype.trim@^1.2.10
1327 silly packumentCache full:https://registry.npmjs.org/string.prototype.trim cache-miss
1328 http fetch GET 200 https://registry.npmjs.org/define-data-property 429ms (cache miss)
1329 silly packumentCache full:https://registry.npmjs.org/define-data-property set size:undefined disposed:false
1330 silly fetch manifest string.prototype.trimstart@^1.0.8
1331 silly packumentCache full:https://registry.npmjs.org/string.prototype.trimstart cache-miss
1332 http fetch GET 200 https://registry.npmjs.org/safe-push-apply 107ms (cache miss)
1333 silly packumentCache full:https://registry.npmjs.org/safe-push-apply set size:undefined disposed:false
1334 silly fetch manifest typed-array-buffer@^1.0.3
1335 silly packumentCache full:https://registry.npmjs.org/typed-array-buffer cache-miss
1336 http fetch GET 200 https://registry.npmjs.org/is-weakref 147ms (cache miss)
1337 silly packumentCache full:https://registry.npmjs.org/is-weakref set size:undefined disposed:false
1338 silly fetch manifest typed-array-byte-length@^1.0.3
1339 silly packumentCache full:https://registry.npmjs.org/typed-array-byte-length cache-miss
1340 http fetch GET 200 https://registry.npmjs.org/safe-array-concat 125ms (cache miss)
1341 silly packumentCache full:https://registry.npmjs.org/safe-array-concat set size:undefined disposed:false
1342 silly fetch manifest typed-array-byte-offset@^1.0.4
1343 silly packumentCache full:https://registry.npmjs.org/typed-array-byte-offset cache-miss
1344 http fetch GET 200 https://registry.npmjs.org/own-keys 141ms (cache miss)
1345 silly packumentCache full:https://registry.npmjs.org/own-keys set size:undefined disposed:false
1346 silly fetch manifest typed-array-length@^1.0.7
1347 silly packumentCache full:https://registry.npmjs.org/typed-array-length cache-miss
1348 http fetch GET 200 https://registry.npmjs.org/object.assign 160ms (cache miss)
1349 silly packumentCache full:https://registry.npmjs.org/object.assign set size:undefined disposed:false
1350 silly fetch manifest unbox-primitive@^1.1.0
1351 silly packumentCache full:https://registry.npmjs.org/unbox-primitive cache-miss
1352 http fetch GET 200 https://registry.npmjs.org/regexp.prototype.flags 159ms (cache miss)
1353 silly packumentCache full:https://registry.npmjs.org/regexp.prototype.flags set size:undefined disposed:false
1354 silly fetch manifest which-typed-array@^1.1.19
1355 silly packumentCache full:https://registry.npmjs.org/which-typed-array cache-miss
1356 http fetch GET 200 https://registry.npmjs.org/set-proto 113ms (cache miss)
1357 silly packumentCache full:https://registry.npmjs.org/set-proto set size:undefined disposed:false
1358 http fetch GET 200 https://registry.npmjs.org/is-callable 315ms (cache miss)
1359 silly packumentCache full:https://registry.npmjs.org/is-callable set size:undefined disposed:false
1360 http fetch GET 200 https://registry.npmjs.org/stop-iteration-iterator 119ms (cache miss)
1361 silly packumentCache full:https://registry.npmjs.org/stop-iteration-iterator set size:undefined disposed:false
1362 http fetch GET 200 https://registry.npmjs.org/string.prototype.trim 123ms (cache miss)
1363 silly packumentCache full:https://registry.npmjs.org/string.prototype.trim set size:undefined disposed:false
1364 http fetch GET 200 https://registry.npmjs.org/typed-array-byte-length 121ms (cache miss)
1365 silly packumentCache full:https://registry.npmjs.org/typed-array-byte-length set size:undefined disposed:false
1366 http fetch GET 200 https://registry.npmjs.org/string.prototype.trimstart 163ms (cache miss)
1367 silly packumentCache full:https://registry.npmjs.org/string.prototype.trimstart set size:undefined disposed:false
1368 http fetch GET 200 https://registry.npmjs.org/typed-array-buffer 143ms (cache miss)
1369 silly packumentCache full:https://registry.npmjs.org/typed-array-buffer set size:undefined disposed:false
1370 http fetch GET 200 https://registry.npmjs.org/typed-array-byte-offset 152ms (cache miss)
1371 silly packumentCache full:https://registry.npmjs.org/typed-array-byte-offset set size:undefined disposed:false
1372 http fetch GET 200 https://registry.npmjs.org/typed-array-length 157ms (cache miss)
1373 silly packumentCache full:https://registry.npmjs.org/typed-array-length set size:undefined disposed:false
1374 http fetch GET 200 https://registry.npmjs.org/unbox-primitive 142ms (cache miss)
1375 silly packumentCache full:https://registry.npmjs.org/unbox-primitive set size:undefined disposed:false
1376 http fetch GET 200 https://registry.npmjs.org/which-typed-array 187ms (cache miss)
1377 silly packumentCache full:https://registry.npmjs.org/which-typed-array set size:undefined disposed:false
1378 silly placeDep ROOT es-shim-unscopables@1.1.0 OK for: array.prototype.findlastindex@1.2.6 want: ^1.1.0
1379 silly placeDep ROOT set-function-length@1.2.2 OK for: call-bind@1.0.8 want: ^1.2.2
1380 silly fetch manifest define-data-property@^1.1.4
1381 silly packumentCache full:https://registry.npmjs.org/define-data-property cache-miss
1382 http cache https://registry.npmjs.org/define-data-property 1ms (cache hit)
1383 silly packumentCache full:https://registry.npmjs.org/define-data-property set size:28048 disposed:false
1384 silly placeDep ROOT define-data-property@1.1.4 OK for: define-properties@1.2.1 want: ^1.0.1
1385 silly placeDep ROOT has-property-descriptors@1.0.2 OK for: define-properties@1.2.1 want: ^1.0.0
1386 silly placeDep ROOT object-keys@1.1.1 OK for: define-properties@1.2.1 want: ^1.1.1
1387 silly placeDep ROOT array-buffer-byte-length@1.0.2 OK for: es-abstract@1.24.1 want: ^1.0.2
1388 silly placeDep ROOT arraybuffer.prototype.slice@1.0.4 OK for: es-abstract@1.24.1 want: ^1.0.4
1389 silly placeDep ROOT available-typed-arrays@1.0.7 OK for: es-abstract@1.24.1 want: ^1.0.7
1390 silly placeDep ROOT data-view-buffer@1.0.2 OK for: es-abstract@1.24.1 want: ^1.0.2
1391 silly placeDep ROOT data-view-byte-length@1.0.2 OK for: es-abstract@1.24.1 want: ^1.0.2
1392 silly placeDep ROOT data-view-byte-offset@1.0.1 OK for: es-abstract@1.24.1 want: ^1.0.1
1393 silly placeDep ROOT es-to-primitive@1.3.0 OK for: es-abstract@1.24.1 want: ^1.3.0
1394 silly placeDep ROOT function.prototype.name@1.1.8 OK for: es-abstract@1.24.1 want: ^1.1.8
1395 silly placeDep ROOT get-symbol-description@1.1.0 OK for: es-abstract@1.24.1 want: ^1.1.0
1396 silly placeDep ROOT globalthis@1.0.4 OK for: es-abstract@1.24.1 want: ^1.0.4
1397 silly placeDep ROOT has-proto@1.2.0 OK for: es-abstract@1.24.1 want: ^1.2.0
1398 silly placeDep ROOT internal-slot@1.1.0 OK for: es-abstract@1.24.1 want: ^1.1.0
1399 silly placeDep ROOT is-array-buffer@3.0.5 OK for: es-abstract@1.24.1 want: ^3.0.5
1400 silly placeDep ROOT is-callable@1.2.7 OK for: es-abstract@1.24.1 want: ^1.2.7
1401 silly placeDep ROOT is-data-view@1.0.2 OK for: es-abstract@1.24.1 want: ^1.0.2
1402 silly placeDep ROOT is-negative-zero@2.0.3 OK for: es-abstract@1.24.1 want: ^2.0.3
1403 silly placeDep ROOT is-regex@1.2.1 OK for: es-abstract@1.24.1 want: ^1.2.1
1404 silly placeDep ROOT is-set@2.0.3 OK for: es-abstract@1.24.1 want: ^2.0.3
1405 silly placeDep ROOT is-shared-array-buffer@1.0.4 OK for: es-abstract@1.24.1 want: ^1.0.4
1406 silly placeDep ROOT is-typed-array@1.1.15 OK for: es-abstract@1.24.1 want: ^1.1.15
1407 silly placeDep ROOT is-weakref@1.1.1 OK for: es-abstract@1.24.1 want: ^1.1.1
1408 silly placeDep ROOT object.assign@4.1.7 OK for: es-abstract@1.24.1 want: ^4.1.7
1409 silly placeDep ROOT own-keys@1.0.1 OK for: es-abstract@1.24.1 want: ^1.0.1
1410 silly placeDep ROOT regexp.prototype.flags@1.5.4 OK for: es-abstract@1.24.1 want: ^1.5.4
1411 silly placeDep ROOT safe-array-concat@1.1.3 OK for: es-abstract@1.24.1 want: ^1.1.3
1412 silly placeDep ROOT safe-push-apply@1.0.0 OK for: es-abstract@1.24.1 want: ^1.0.0
1413 silly placeDep ROOT safe-regex-test@1.1.0 OK for: es-abstract@1.24.1 want: ^1.1.0
1414 silly placeDep ROOT set-proto@1.0.0 OK for: es-abstract@1.24.1 want: ^1.0.0
1415 silly placeDep ROOT stop-iteration-iterator@1.1.0 OK for: es-abstract@1.24.1 want: ^1.1.0
1416 silly placeDep ROOT string.prototype.trim@1.2.10 OK for: es-abstract@1.24.1 want: ^1.2.10
1417 silly placeDep ROOT string.prototype.trimstart@1.0.8 OK for: es-abstract@1.24.1 want: ^1.0.8
1418 silly placeDep ROOT typed-array-buffer@1.0.3 OK for: es-abstract@1.24.1 want: ^1.0.3
1419 silly placeDep ROOT typed-array-byte-length@1.0.3 OK for: es-abstract@1.24.1 want: ^1.0.3
1420 silly placeDep ROOT typed-array-byte-offset@1.0.4 OK for: es-abstract@1.24.1 want: ^1.0.4
1421 silly placeDep ROOT typed-array-length@1.0.7 OK for: es-abstract@1.24.1 want: ^1.0.7
1422 silly placeDep ROOT unbox-primitive@1.1.0 OK for: es-abstract@1.24.1 want: ^1.1.0
1423 silly placeDep ROOT which-typed-array@1.1.19 OK for: es-abstract@1.24.1 want: ^1.1.19
1424 silly fetch manifest is-array-buffer@^3.0.4
1425 silly packumentCache full:https://registry.npmjs.org/is-array-buffer cache-miss
1426 silly fetch manifest possible-typed-array-names@^1.0.0
1427 silly packumentCache full:https://registry.npmjs.org/possible-typed-array-names cache-miss
1428 silly fetch manifest is-data-view@^1.0.1
1429 silly packumentCache full:https://registry.npmjs.org/is-data-view cache-miss
1430 silly fetch manifest is-date-object@^1.0.5
1431 silly packumentCache full:https://registry.npmjs.org/is-date-object cache-miss
1432 silly fetch manifest is-symbol@^1.0.4
1433 silly packumentCache full:https://registry.npmjs.org/is-symbol cache-miss
1434 silly fetch manifest functions-have-names@^1.2.3
1435 silly packumentCache full:https://registry.npmjs.org/functions-have-names cache-miss
1436 silly fetch manifest is-typed-array@^1.1.13
1437 silly packumentCache full:https://registry.npmjs.org/is-typed-array cache-miss
1438 silly fetch manifest which-typed-array@^1.1.16
1439 silly packumentCache full:https://registry.npmjs.org/which-typed-array cache-miss
1440 silly fetch manifest set-function-name@^2.0.2
1441 silly packumentCache full:https://registry.npmjs.org/set-function-name cache-miss
1442 silly fetch manifest isarray@^2.0.5
1443 silly packumentCache full:https://registry.npmjs.org/isarray cache-miss
1444 silly fetch manifest isarray@^2.0.5
1445 silly packumentCache full:https://registry.npmjs.org/isarray cache-miss
1446 http cache https://registry.npmjs.org/is-array-buffer 3ms (cache hit)
1447 silly packumentCache full:https://registry.npmjs.org/is-array-buffer set size:33562 disposed:false
1448 silly fetch manifest for-each@^0.3.3
1449 silly packumentCache full:https://registry.npmjs.org/for-each cache-miss
1450 http cache https://registry.npmjs.org/is-data-view 4ms (cache hit)
1451 silly packumentCache full:https://registry.npmjs.org/is-data-view set size:13756 disposed:false
1452 silly fetch manifest for-each@^0.3.3
1453 silly packumentCache full:https://registry.npmjs.org/for-each cache-miss
1454 http cache https://registry.npmjs.org/is-typed-array 4ms (cache hit)
1455 silly packumentCache full:https://registry.npmjs.org/is-typed-array set size:79965 disposed:false
1456 silly fetch manifest reflect.getprototypeof@^1.0.9
1457 silly packumentCache full:https://registry.npmjs.org/reflect.getprototypeof cache-miss
1458 http cache https://registry.npmjs.org/which-typed-array 5ms (cache hit)
1459 silly packumentCache full:https://registry.npmjs.org/which-typed-array set size:89701 disposed:false
1460 silly fetch manifest for-each@^0.3.3
1461 silly packumentCache full:https://registry.npmjs.org/for-each cache-miss
1462 http fetch GET 200 https://registry.npmjs.org/possible-typed-array-names 97ms (cache miss)
1463 silly packumentCache full:https://registry.npmjs.org/possible-typed-array-names set size:undefined disposed:false
1464 silly fetch manifest reflect.getprototypeof@^1.0.6
1465 silly packumentCache full:https://registry.npmjs.org/reflect.getprototypeof cache-miss
1466 http fetch GET 200 https://registry.npmjs.org/set-function-name 118ms (cache miss)
1467 silly packumentCache full:https://registry.npmjs.org/set-function-name set size:undefined disposed:false
1468 silly fetch manifest has-bigints@^1.0.2
1469 silly packumentCache full:https://registry.npmjs.org/has-bigints cache-miss
1470 http fetch GET 200 https://registry.npmjs.org/isarray 130ms (cache revalidated)
1471 silly packumentCache full:https://registry.npmjs.org/isarray set size:17392 disposed:false
1472 silly fetch manifest which-boxed-primitive@^1.1.1
1473 silly packumentCache full:https://registry.npmjs.org/which-boxed-primitive cache-miss
1474 http fetch GET 200 https://registry.npmjs.org/functions-have-names 132ms (cache miss)
1475 silly packumentCache full:https://registry.npmjs.org/functions-have-names set size:undefined disposed:false
1476 silly fetch manifest for-each@^0.3.5
1477 silly packumentCache full:https://registry.npmjs.org/for-each cache-miss
1478 http fetch GET 200 https://registry.npmjs.org/isarray 133ms (cache revalidated)
1479 silly packumentCache full:https://registry.npmjs.org/isarray set size:17392 disposed:false
1480 silly packumentCache full:https://registry.npmjs.org/isarray dispose
1481 http fetch GET 200 https://registry.npmjs.org/is-symbol 135ms (cache miss)
1482 silly packumentCache full:https://registry.npmjs.org/is-symbol set size:undefined disposed:false
1483 http fetch GET 200 https://registry.npmjs.org/for-each 132ms (cache miss)
1484 silly packumentCache full:https://registry.npmjs.org/for-each set size:undefined disposed:false
1485 http fetch GET 200 https://registry.npmjs.org/for-each 131ms (cache miss)
1486 silly packumentCache full:https://registry.npmjs.org/for-each set size:undefined disposed:false
1487 http fetch GET 200 https://registry.npmjs.org/reflect.getprototypeof 132ms (cache miss)
1488 silly packumentCache full:https://registry.npmjs.org/reflect.getprototypeof set size:undefined disposed:false
1489 http fetch GET 200 https://registry.npmjs.org/for-each 135ms (cache miss)
1490 silly packumentCache full:https://registry.npmjs.org/for-each set size:undefined disposed:false
1491 http fetch GET 200 https://registry.npmjs.org/is-date-object 171ms (cache miss)
1492 silly packumentCache full:https://registry.npmjs.org/is-date-object set size:undefined disposed:false
1493 http fetch GET 200 https://registry.npmjs.org/reflect.getprototypeof 117ms (cache miss)
1494 silly packumentCache full:https://registry.npmjs.org/reflect.getprototypeof set size:undefined disposed:false
1495 http fetch GET 200 https://registry.npmjs.org/has-bigints 128ms (cache miss)
1496 silly packumentCache full:https://registry.npmjs.org/has-bigints set size:undefined disposed:false
1497 http fetch GET 200 https://registry.npmjs.org/for-each 117ms (cache miss)
1498 silly packumentCache full:https://registry.npmjs.org/for-each set size:undefined disposed:false
1499 http fetch GET 200 https://registry.npmjs.org/which-boxed-primitive 120ms (cache miss)
1500 silly packumentCache full:https://registry.npmjs.org/which-boxed-primitive set size:undefined disposed:false
1501 silly placeDep ROOT possible-typed-array-names@1.1.0 OK for: available-typed-arrays@1.0.7 want: ^1.0.0
1502 silly placeDep ROOT is-date-object@1.1.0 OK for: es-to-primitive@1.3.0 want: ^1.0.5
1503 silly placeDep ROOT is-symbol@1.1.1 OK for: es-to-primitive@1.3.0 want: ^1.0.4
1504 silly placeDep node_modules/eslint-import-resolver-node debug@3.2.7 OK for: eslint-import-resolver-node@0.3.9 want: ^3.2.7
1505 silly placeDep node_modules/eslint-module-utils debug@3.2.7 OK for: eslint-module-utils@2.12.1 want: ^3.2.7
1506 silly placeDep node_modules/eslint-plugin-jsx-a11y aria-query@5.3.2 OK for: eslint-plugin-jsx-a11y@6.10.1 want: ^5.3.2
1507 silly placeDep ROOT ast-types-flow@0.0.8 OK for: eslint-plugin-jsx-a11y@6.10.1 want: ^0.0.8
1508 silly placeDep ROOT axe-core@4.11.0 OK for: eslint-plugin-jsx-a11y@6.10.1 want: ^4.10.0
1509 silly placeDep ROOT axobject-query@4.1.0 OK for: eslint-plugin-jsx-a11y@6.10.1 want: ^4.1.0
1510 silly placeDep ROOT damerau-levenshtein@1.0.8 OK for: eslint-plugin-jsx-a11y@6.10.1 want: ^1.0.8
1511 silly placeDep node_modules/eslint-plugin-jsx-a11y emoji-regex@9.2.2 OK for: eslint-plugin-jsx-a11y@6.10.1 want: ^9.2.2
1512 silly placeDep ROOT es-iterator-helpers@1.2.2 OK for: eslint-plugin-jsx-a11y@6.10.1 want: ^1.1.0
1513 silly placeDep ROOT jsx-ast-utils@3.3.5 OK for: eslint-plugin-jsx-a11y@6.10.1 want: ^3.3.5
1514 silly placeDep ROOT language-tags@1.0.9 OK for: eslint-plugin-jsx-a11y@6.10.1 want: ^1.0.9
1515 silly placeDep node_modules/eslint-plugin-jsx-a11y minimatch@3.1.2 OK for: eslint-plugin-jsx-a11y@6.10.1 want: ^3.1.2
1516 silly placeDep ROOT string.prototype.includes@2.0.1 OK for: eslint-plugin-jsx-a11y@6.10.1 want: ^2.0.1
1517 silly fetch manifest iterator.prototype@^1.1.5
1518 silly packumentCache full:https://registry.npmjs.org/iterator.prototype cache-miss
1519 silly fetch manifest language-subtag-registry@^0.3.20
1520 silly packumentCache full:https://registry.npmjs.org/language-subtag-registry cache-miss
1521 http fetch GET 200 https://registry.npmjs.org/iterator.prototype 109ms (cache miss)
1522 silly packumentCache full:https://registry.npmjs.org/iterator.prototype set size:undefined disposed:false
1523 http fetch GET 200 https://registry.npmjs.org/language-subtag-registry 122ms (cache miss)
1524 silly packumentCache full:https://registry.npmjs.org/language-subtag-registry set size:undefined disposed:false
1525 silly placeDep ROOT iterator.prototype@1.1.5 OK for: es-iterator-helpers@1.2.2 want: ^1.1.5
1526 silly placeDep ROOT array.prototype.findlast@1.2.5 OK for: eslint-plugin-react@7.35.0 want: ^1.2.5
1527 silly placeDep ROOT array.prototype.tosorted@1.1.4 OK for: eslint-plugin-react@7.35.0 want: ^1.1.4
1528 silly placeDep node_modules/eslint-plugin-react minimatch@3.1.2 OK for: eslint-plugin-react@7.35.0 want: ^3.1.2
1529 silly placeDep ROOT object.entries@1.1.9 OK for: eslint-plugin-react@7.35.0 want: ^1.1.8
1530 silly placeDep ROOT prop-types@15.8.1 OK for: eslint-plugin-react@7.35.0 want: ^15.8.1
1531 silly placeDep node_modules/eslint-plugin-react resolve@2.0.0-next.5 OK for: eslint-plugin-react@7.35.0 want: ^2.0.0-next.5
1532 silly placeDep node_modules/eslint-plugin-react semver@6.3.1 OK for: eslint-plugin-react@7.35.0 want: ^6.3.1
1533 silly placeDep ROOT string.prototype.matchall@4.0.12 OK for: eslint-plugin-react@7.35.0 want: ^4.0.11
1534 silly placeDep ROOT string.prototype.repeat@1.0.0 OK for: eslint-plugin-react@7.35.0 want: ^1.0.0
1535 silly fetch manifest object-assign@^4.1.1
1536 silly packumentCache full:https://registry.npmjs.org/object-assign cache-miss
1537 silly fetch manifest react-is@^16.13.1
1538 silly packumentCache full:https://registry.npmjs.org/react-is cache-miss
1539 http cache https://registry.npmjs.org/react-is 6ms (cache hit)
1540 silly packumentCache full:https://registry.npmjs.org/react-is set size:5156420 disposed:false
1541 http fetch GET 200 https://registry.npmjs.org/object-assign 140ms (cache miss)
1542 silly packumentCache full:https://registry.npmjs.org/object-assign set size:undefined disposed:false
1543 silly placeDep ROOT human-signals@2.1.0 OK for: execa@5.1.1 want: ^2.1.0
1544 silly placeDep ROOT strip-final-newline@2.0.0 OK for: execa@5.1.1 want: ^2.0.0
1545 silly placeDep ROOT ext-list@2.2.2 OK for: ext-name@5.0.0 want: ^2.0.0
1546 silly placeDep ROOT sort-keys-length@1.0.1 OK for: ext-name@5.0.0 want: ^1.0.0
1547 silly fetch manifest sort-keys@^1.0.0
1548 silly packumentCache full:https://registry.npmjs.org/sort-keys cache-miss
1549 http fetch GET 200 https://registry.npmjs.org/sort-keys 156ms (cache miss)
1550 silly packumentCache full:https://registry.npmjs.org/sort-keys set size:undefined disposed:false
1551 silly placeDep ROOT @tokenizer/inflate@0.2.7 OK for: file-type@20.5.0 want: ^0.2.6
1552 silly placeDep ROOT strtok3@10.3.4 OK for: file-type@20.5.0 want: ^10.2.0
1553 silly placeDep ROOT token-types@6.1.2 OK for: file-type@20.5.0 want: ^6.0.0
1554 silly placeDep ROOT uint8array-extras@1.5.0 OK for: file-type@20.5.0 want: ^1.4.0
1555 silly fetch manifest @tokenizer/token@^0.3.0
1556 silly packumentCache full:https://registry.npmjs.org/@tokenizer%2ftoken cache-miss
1557 silly fetch manifest @borewit/text-codec@^0.2.1
1558 silly packumentCache full:https://registry.npmjs.org/@borewit%2ftext-codec cache-miss
1559 silly fetch manifest @tokenizer/token@^0.3.0
1560 silly packumentCache full:https://registry.npmjs.org/@tokenizer%2ftoken cache-miss
1561 http fetch GET 200 https://registry.npmjs.org/@borewit%2ftext-codec 386ms (cache miss)
1562 silly packumentCache full:https://registry.npmjs.org/@borewit%2ftext-codec set size:undefined disposed:false
1563 http fetch GET 200 https://registry.npmjs.org/@tokenizer%2ftoken 391ms (cache miss)
1564 silly packumentCache full:https://registry.npmjs.org/@tokenizer%2ftoken set size:undefined disposed:false
1565 http fetch GET 200 https://registry.npmjs.org/@tokenizer%2ftoken 972ms (cache miss)
1566 silly packumentCache full:https://registry.npmjs.org/@tokenizer%2ftoken set size:undefined disposed:false
1567 silly placeDep ROOT filename-reserved-regex@3.0.0 OK for: filenamify@6.0.0 want: ^3.0.0
1568 silly placeDep ROOT semver-regex@4.0.5 OK for: find-versions@5.1.0 want: ^4.0.5
1569 silly placeDep ROOT functions-have-names@1.2.3 OK for: function.prototype.name@1.1.8 want: ^1.2.3
1570 silly placeDep ROOT @sindresorhus/is@5.6.0 OK for: got@13.0.0 want: ^5.2.0
1571 silly placeDep ROOT @szmarczak/http-timer@5.0.1 OK for: got@13.0.0 want: ^5.0.1
1572 silly placeDep ROOT cacheable-lookup@7.0.0 OK for: got@13.0.0 want: ^7.0.0
1573 silly placeDep ROOT cacheable-request@10.2.14 OK for: got@13.0.0 want: ^10.2.8
1574 silly placeDep ROOT decompress-response@6.0.0 OK for: got@13.0.0 want: ^6.0.0
1575 silly placeDep ROOT form-data-encoder@2.1.4 OK for: got@13.0.0 want: ^2.1.2
1576 silly placeDep ROOT http2-wrapper@2.2.1 OK for: got@13.0.0 want: ^2.1.10
1577 silly placeDep ROOT lowercase-keys@3.0.0 OK for: got@13.0.0 want: ^3.0.0
1578 silly placeDep ROOT p-cancelable@3.0.0 OK for: got@13.0.0 want: ^3.0.0
1579 silly placeDep ROOT responselike@3.0.0 OK for: got@13.0.0 want: ^3.0.0
1580 silly fetch manifest defer-to-connect@^2.0.1
1581 silly packumentCache full:https://registry.npmjs.org/defer-to-connect cache-miss
1582 silly fetch manifest normalize-url@^8.0.0
1583 silly packumentCache full:https://registry.npmjs.org/normalize-url cache-miss
1584 silly fetch manifest mimic-response@^4.0.0
1585 silly packumentCache full:https://registry.npmjs.org/mimic-response cache-miss
1586 silly fetch manifest http-cache-semantics@^4.1.1
1587 silly packumentCache full:https://registry.npmjs.org/http-cache-semantics cache-miss
1588 silly fetch manifest @types/http-cache-semantics@^4.0.2
1589 silly packumentCache full:https://registry.npmjs.org/@types%2fhttp-cache-semantics cache-miss
1590 silly fetch manifest mimic-response@^3.1.0
1591 silly packumentCache full:https://registry.npmjs.org/mimic-response cache-miss
1592 silly fetch manifest quick-lru@^5.1.1
1593 silly packumentCache full:https://registry.npmjs.org/quick-lru cache-miss
1594 silly fetch manifest resolve-alpn@^1.2.0
1595 silly packumentCache full:https://registry.npmjs.org/resolve-alpn cache-miss
1596 http fetch GET 200 https://registry.npmjs.org/defer-to-connect 151ms (cache miss)
1597 silly packumentCache full:https://registry.npmjs.org/defer-to-connect set size:undefined disposed:false
1598 http fetch GET 200 https://registry.npmjs.org/normalize-url 167ms (cache revalidated)
1599 silly packumentCache full:https://registry.npmjs.org/normalize-url set size:134052 disposed:false
1600 http fetch GET 200 https://registry.npmjs.org/mimic-response 169ms (cache miss)
1601 silly packumentCache full:https://registry.npmjs.org/mimic-response set size:undefined disposed:false
1602 http fetch GET 200 https://registry.npmjs.org/mimic-response 171ms (cache miss)
1603 silly packumentCache full:https://registry.npmjs.org/mimic-response set size:undefined disposed:false
1604 http fetch GET 200 https://registry.npmjs.org/resolve-alpn 181ms (cache miss)
1605 silly packumentCache full:https://registry.npmjs.org/resolve-alpn set size:undefined disposed:false
1606 http fetch GET 200 https://registry.npmjs.org/http-cache-semantics 231ms (cache miss)
1607 silly packumentCache full:https://registry.npmjs.org/http-cache-semantics set size:undefined disposed:false
1608 http fetch GET 200 https://registry.npmjs.org/@types%2fhttp-cache-semantics 244ms (cache miss)
1609 silly packumentCache full:https://registry.npmjs.org/@types%2fhttp-cache-semantics set size:undefined disposed:false
1610 http fetch GET 200 https://registry.npmjs.org/quick-lru 250ms (cache miss)
1611 silly packumentCache full:https://registry.npmjs.org/quick-lru set size:undefined disposed:false
1612 silly placeDep ROOT defer-to-connect@2.0.1 OK for: @szmarczak/http-timer@5.0.1 want: ^2.0.1
1613 silly placeDep ROOT @types/http-cache-semantics@4.0.4 OK for: cacheable-request@10.2.14 want: ^4.0.2
1614 silly placeDep ROOT http-cache-semantics@4.2.0 OK for: cacheable-request@10.2.14 want: ^4.1.1
1615 silly placeDep ROOT mimic-response@4.0.0 OK for: cacheable-request@10.2.14 want: ^4.0.0
1616 silly placeDep node_modules/cacheable-request normalize-url@8.1.1 OK for: cacheable-request@10.2.14 want: ^8.0.0
1617 silly placeDep node_modules/decompress-response mimic-response@3.1.0 OK for: decompress-response@6.0.0 want: ^3.1.0
1618 silly placeDep ROOT quick-lru@5.1.1 OK for: http2-wrapper@2.2.1 want: ^5.1.1
1619 silly placeDep ROOT resolve-alpn@1.2.1 OK for: http2-wrapper@2.2.1 want: ^1.2.0
1620 silly placeDep node_modules/istanbul-lib-report make-dir@4.0.0 OK for: istanbul-lib-report@3.0.1 want: ^4.0.0
1621 silly placeDep ROOT html-escaper@2.0.2 OK for: istanbul-reports@3.2.0 want: ^2.0.0
1622 silly placeDep ROOT set-function-name@2.0.2 OK for: iterator.prototype@1.1.5 want: ^2.0.2
1623 silly placeDep ROOT abab@2.0.6 OK for: jsdom@22.1.0 want: ^2.0.6
1624 silly placeDep ROOT cssstyle@3.0.0 OK for: jsdom@22.1.0 want: ^3.0.0
1625 silly placeDep ROOT data-urls@4.0.0 OK for: jsdom@22.1.0 want: ^4.0.0
1626 silly placeDep ROOT decimal.js@10.6.0 OK for: jsdom@22.1.0 want: ^10.4.3
1627 silly placeDep ROOT domexception@4.0.0 OK for: jsdom@22.1.0 want: ^4.0.0
1628 silly placeDep ROOT http-proxy-agent@5.0.0 OK for: jsdom@22.1.0 want: ^5.0.0
1629 silly placeDep ROOT https-proxy-agent@5.0.1 OK for: jsdom@22.1.0 want: ^5.0.1
1630 silly placeDep ROOT is-potential-custom-element-name@1.0.1 OK for: jsdom@22.1.0 want: ^1.0.1
1631 silly placeDep ROOT nwsapi@2.2.23 OK for: jsdom@22.1.0 want: ^2.2.4
1632 silly placeDep node_modules/jsdom parse5@7.3.0 OK for: jsdom@22.1.0 want: ^7.1.2
1633 silly placeDep ROOT rrweb-cssom@0.6.0 OK for: jsdom@22.1.0 want: ^0.6.0
1634 silly placeDep ROOT saxes@6.0.0 OK for: jsdom@22.1.0 want: ^6.0.0
1635 silly placeDep ROOT symbol-tree@3.2.4 OK for: jsdom@22.1.0 want: ^3.2.4
1636 silly placeDep ROOT tough-cookie@4.1.4 OK for: jsdom@22.1.0 want: ^4.1.2
1637 silly placeDep ROOT w3c-xmlserializer@4.0.0 OK for: jsdom@22.1.0 want: ^4.0.0
1638 silly placeDep node_modules/jsdom webidl-conversions@7.0.0 OK for: jsdom@22.1.0 want: ^7.0.0
1639 silly placeDep ROOT whatwg-mimetype@3.0.0 OK for: jsdom@22.1.0 want: ^3.0.0
1640 silly placeDep node_modules/jsdom whatwg-url@12.0.1 OK for: jsdom@22.1.0 want: ^12.0.1
1641 silly placeDep ROOT xml-name-validator@4.0.0 OK for: jsdom@22.1.0 want: ^4.0.0
1642 silly fetch manifest whatwg-url@^12.0.0
1643 silly packumentCache full:https://registry.npmjs.org/whatwg-url cache-hit
1644 silly fetch manifest @tootallnate/once@2
1645 silly packumentCache full:https://registry.npmjs.org/@tootallnate%2fonce cache-miss
1646 silly fetch manifest agent-base@6
1647 silly packumentCache full:https://registry.npmjs.org/agent-base cache-miss
1648 silly fetch manifest agent-base@6
1649 silly packumentCache full:https://registry.npmjs.org/agent-base cache-miss
1650 silly fetch manifest entities@^6.0.0
1651 silly packumentCache full:https://registry.npmjs.org/entities cache-miss
1652 silly fetch manifest xmlchars@^2.2.0
1653 silly packumentCache full:https://registry.npmjs.org/xmlchars cache-miss
1654 silly fetch manifest psl@^1.1.33
1655 silly packumentCache full:https://registry.npmjs.org/psl cache-miss
1656 silly fetch manifest url-parse@^1.5.3
1657 silly packumentCache full:https://registry.npmjs.org/url-parse cache-miss
1658 silly fetch manifest universalify@^0.2.0
1659 silly packumentCache full:https://registry.npmjs.org/universalify cache-miss
1660 silly fetch manifest tr46@^4.1.1
1661 silly packumentCache full:https://registry.npmjs.org/tr46 cache-miss
1662 http fetch GET 200 https://registry.npmjs.org/xmlchars 110ms (cache miss)
1663 silly packumentCache full:https://registry.npmjs.org/xmlchars set size:undefined disposed:false
1664 http fetch GET 200 https://registry.npmjs.org/psl 139ms (cache miss)
1665 silly packumentCache full:https://registry.npmjs.org/psl set size:undefined disposed:false
1666 http fetch GET 200 https://registry.npmjs.org/entities 150ms (cache revalidated)
1667 silly packumentCache full:https://registry.npmjs.org/entities set size:94747 disposed:false
1668 http fetch GET 200 https://registry.npmjs.org/universalify 152ms (cache revalidated)
1669 silly packumentCache full:https://registry.npmjs.org/universalify set size:19431 disposed:false
1670 http fetch GET 200 https://registry.npmjs.org/tr46 153ms (cache revalidated)
1671 silly packumentCache full:https://registry.npmjs.org/tr46 set size:47377 disposed:false
1672 http fetch GET 200 https://registry.npmjs.org/@tootallnate%2fonce 188ms (cache miss)
1673 silly packumentCache full:https://registry.npmjs.org/@tootallnate%2fonce set size:undefined disposed:false
1674 http fetch GET 200 https://registry.npmjs.org/agent-base 190ms (cache miss)
1675 silly packumentCache full:https://registry.npmjs.org/agent-base set size:undefined disposed:false
1676 http fetch GET 200 https://registry.npmjs.org/agent-base 267ms (cache miss)
1677 silly packumentCache full:https://registry.npmjs.org/agent-base set size:undefined disposed:false
1678 http fetch GET 200 https://registry.npmjs.org/url-parse 278ms (cache miss)
1679 silly packumentCache full:https://registry.npmjs.org/url-parse set size:undefined disposed:false
1680 silly placeDep node_modules/data-urls whatwg-url@12.0.1 OK for: data-urls@4.0.0 want: ^12.0.0
1681 silly placeDep node_modules/domexception webidl-conversions@7.0.0 OK for: domexception@4.0.0 want: ^7.0.0
1682 silly placeDep ROOT @tootallnate/once@2.0.0 OK for: http-proxy-agent@5.0.0 want: 2
1683 silly placeDep ROOT agent-base@6.0.2 OK for: http-proxy-agent@5.0.0 want: 6
1684 silly placeDep node_modules/jsonc-eslint-parser espree@9.6.1 OK for: jsonc-eslint-parser@2.4.2 want: ^9.0.0
1685 silly placeDep ROOT language-subtag-registry@0.3.23 OK for: language-tags@1.0.9 want: ^0.3.20
1686 silly placeDep ROOT @napi-rs/nice@1.1.1 OK for: piscina@4.9.2 want: ^1.0.1
1687 silly fetch manifest @napi-rs/nice-darwin-x64@1.1.1
1688 silly packumentCache full:https://registry.npmjs.org/@napi-rs%2fnice-darwin-x64 cache-miss
1689 silly fetch manifest @napi-rs/nice-darwin-arm64@1.1.1
1690 silly packumentCache full:https://registry.npmjs.org/@napi-rs%2fnice-darwin-arm64 cache-miss
1691 silly fetch manifest @napi-rs/nice-linux-x64-gnu@1.1.1
1692 silly packumentCache full:https://registry.npmjs.org/@napi-rs%2fnice-linux-x64-gnu cache-miss
1693 silly fetch manifest @napi-rs/nice-win32-x64-msvc@1.1.1
1694 silly packumentCache full:https://registry.npmjs.org/@napi-rs%2fnice-win32-x64-msvc cache-miss
1695 silly fetch manifest @napi-rs/nice-linux-x64-musl@1.1.1
1696 silly packumentCache full:https://registry.npmjs.org/@napi-rs%2fnice-linux-x64-musl cache-miss
1697 silly fetch manifest @napi-rs/nice-linux-arm64-gnu@1.1.1
1698 silly packumentCache full:https://registry.npmjs.org/@napi-rs%2fnice-linux-arm64-gnu cache-miss
1699 silly fetch manifest @napi-rs/nice-win32-ia32-msvc@1.1.1
1700 silly packumentCache full:https://registry.npmjs.org/@napi-rs%2fnice-win32-ia32-msvc cache-miss
1701 silly fetch manifest @napi-rs/nice-linux-arm-gnueabihf@1.1.1
1702 silly packumentCache full:https://registry.npmjs.org/@napi-rs%2fnice-linux-arm-gnueabihf cache-miss
1703 silly fetch manifest @napi-rs/nice-android-arm64@1.1.1
1704 silly packumentCache full:https://registry.npmjs.org/@napi-rs%2fnice-android-arm64 cache-miss
1705 silly fetch manifest @napi-rs/nice-freebsd-x64@1.1.1
1706 silly packumentCache full:https://registry.npmjs.org/@napi-rs%2fnice-freebsd-x64 cache-miss
1707 silly fetch manifest @napi-rs/nice-linux-arm64-musl@1.1.1
1708 silly packumentCache full:https://registry.npmjs.org/@napi-rs%2fnice-linux-arm64-musl cache-miss
1709 http fetch GET 200 https://registry.npmjs.org/@napi-rs%2fnice-win32-x64-msvc 124ms (cache miss)
1710 silly packumentCache full:https://registry.npmjs.org/@napi-rs%2fnice-win32-x64-msvc set size:undefined disposed:false
1711 silly fetch manifest @napi-rs/nice-android-arm-eabi@1.1.1
1712 silly packumentCache full:https://registry.npmjs.org/@napi-rs%2fnice-android-arm-eabi cache-miss
1713 http fetch GET 200 https://registry.npmjs.org/@napi-rs%2fnice-linux-x64-musl 160ms (cache miss)
1714 silly packumentCache full:https://registry.npmjs.org/@napi-rs%2fnice-linux-x64-musl set size:undefined disposed:false
1715 silly fetch manifest @napi-rs/nice-win32-arm64-msvc@1.1.1
1716 silly packumentCache full:https://registry.npmjs.org/@napi-rs%2fnice-win32-arm64-msvc cache-miss
1717 http fetch GET 200 https://registry.npmjs.org/@napi-rs%2fnice-freebsd-x64 172ms (cache miss)
1718 silly packumentCache full:https://registry.npmjs.org/@napi-rs%2fnice-freebsd-x64 set size:undefined disposed:false
1719 silly fetch manifest @napi-rs/nice-linux-ppc64-gnu@1.1.1
1720 silly packumentCache full:https://registry.npmjs.org/@napi-rs%2fnice-linux-ppc64-gnu cache-miss
1721 http fetch GET 200 https://registry.npmjs.org/@napi-rs%2fnice-darwin-x64 305ms (cache miss)
1722 silly packumentCache full:https://registry.npmjs.org/@napi-rs%2fnice-darwin-x64 set size:undefined disposed:false
1723 silly fetch manifest @napi-rs/nice-linux-s390x-gnu@1.1.1
1724 silly packumentCache full:https://registry.npmjs.org/@napi-rs%2fnice-linux-s390x-gnu cache-miss
1725 http fetch GET 200 https://registry.npmjs.org/@napi-rs%2fnice-linux-arm-gnueabihf 336ms (cache miss)
1726 silly packumentCache full:https://registry.npmjs.org/@napi-rs%2fnice-linux-arm-gnueabihf set size:undefined disposed:false
1727 silly fetch manifest @napi-rs/nice-linux-riscv64-gnu@1.1.1
1728 silly packumentCache full:https://registry.npmjs.org/@napi-rs%2fnice-linux-riscv64-gnu cache-miss
1729 http fetch GET 200 https://registry.npmjs.org/@napi-rs%2fnice-linux-arm64-gnu 390ms (cache miss)
1730 silly packumentCache full:https://registry.npmjs.org/@napi-rs%2fnice-linux-arm64-gnu set size:undefined disposed:false
1731 silly fetch manifest @napi-rs/nice-openharmony-arm64@1.1.1
1732 silly packumentCache full:https://registry.npmjs.org/@napi-rs%2fnice-openharmony-arm64 cache-miss
1733 http fetch GET 200 https://registry.npmjs.org/@napi-rs%2fnice-win32-ia32-msvc 417ms (cache miss)
1734 silly packumentCache full:https://registry.npmjs.org/@napi-rs%2fnice-win32-ia32-msvc set size:undefined disposed:false
1735 http fetch GET 200 https://registry.npmjs.org/@napi-rs%2fnice-darwin-arm64 587ms (cache miss)
1736 silly packumentCache full:https://registry.npmjs.org/@napi-rs%2fnice-darwin-arm64 set size:undefined disposed:false
1737 http fetch GET 200 https://registry.npmjs.org/@napi-rs%2fnice-linux-s390x-gnu 308ms (cache miss)
1738 silly packumentCache full:https://registry.npmjs.org/@napi-rs%2fnice-linux-s390x-gnu set size:undefined disposed:false
1739 http fetch GET 200 https://registry.npmjs.org/@napi-rs%2fnice-win32-arm64-msvc 453ms (cache miss)
1740 silly packumentCache full:https://registry.npmjs.org/@napi-rs%2fnice-win32-arm64-msvc set size:undefined disposed:false
1741 http fetch GET 200 https://registry.npmjs.org/@napi-rs%2fnice-linux-x64-gnu 907ms (cache miss)
1742 silly packumentCache full:https://registry.npmjs.org/@napi-rs%2fnice-linux-x64-gnu set size:undefined disposed:false
1743 http fetch GET 200 https://registry.npmjs.org/@napi-rs%2fnice-linux-riscv64-gnu 686ms (cache miss)
1744 silly packumentCache full:https://registry.npmjs.org/@napi-rs%2fnice-linux-riscv64-gnu set size:undefined disposed:false
1745 http fetch GET 200 https://registry.npmjs.org/@napi-rs%2fnice-linux-arm64-musl 1025ms (cache miss)
1746 silly packumentCache full:https://registry.npmjs.org/@napi-rs%2fnice-linux-arm64-musl set size:undefined disposed:false
1747 http fetch GET 200 https://registry.npmjs.org/@napi-rs%2fnice-openharmony-arm64 650ms (cache miss)
1748 silly packumentCache full:https://registry.npmjs.org/@napi-rs%2fnice-openharmony-arm64 set size:undefined disposed:false
1749 http fetch GET 200 https://registry.npmjs.org/@napi-rs%2fnice-linux-ppc64-gnu 1175ms (cache miss)
1750 silly packumentCache full:https://registry.npmjs.org/@napi-rs%2fnice-linux-ppc64-gnu set size:undefined disposed:false
1751 http fetch GET 200 https://registry.npmjs.org/@napi-rs%2fnice-android-arm64 1496ms (cache miss)
1752 silly packumentCache full:https://registry.npmjs.org/@napi-rs%2fnice-android-arm64 set size:undefined disposed:false
1753 http fetch GET 200 https://registry.npmjs.org/@napi-rs%2fnice-android-arm-eabi 1877ms (cache miss)
1754 silly packumentCache full:https://registry.npmjs.org/@napi-rs%2fnice-android-arm-eabi set size:undefined disposed:false
1755 silly placeDep ROOT @napi-rs/nice-android-arm-eabi@1.1.1 OK for: @napi-rs/nice@1.1.1 want: 1.1.1
1756 silly placeDep ROOT @napi-rs/nice-android-arm64@1.1.1 OK for: @napi-rs/nice@1.1.1 want: 1.1.1
1757 silly placeDep ROOT @napi-rs/nice-darwin-arm64@1.1.1 OK for: @napi-rs/nice@1.1.1 want: 1.1.1
1758 silly placeDep ROOT @napi-rs/nice-darwin-x64@1.1.1 OK for: @napi-rs/nice@1.1.1 want: 1.1.1
1759 silly placeDep ROOT @napi-rs/nice-freebsd-x64@1.1.1 OK for: @napi-rs/nice@1.1.1 want: 1.1.1
1760 silly placeDep ROOT @napi-rs/nice-linux-arm-gnueabihf@1.1.1 OK for: @napi-rs/nice@1.1.1 want: 1.1.1
1761 silly placeDep ROOT @napi-rs/nice-linux-arm64-gnu@1.1.1 OK for: @napi-rs/nice@1.1.1 want: 1.1.1
1762 silly placeDep ROOT @napi-rs/nice-linux-arm64-musl@1.1.1 OK for: @napi-rs/nice@1.1.1 want: 1.1.1
1763 silly placeDep ROOT @napi-rs/nice-linux-ppc64-gnu@1.1.1 OK for: @napi-rs/nice@1.1.1 want: 1.1.1
1764 silly placeDep ROOT @napi-rs/nice-linux-riscv64-gnu@1.1.1 OK for: @napi-rs/nice@1.1.1 want: 1.1.1
1765 silly placeDep ROOT @napi-rs/nice-linux-s390x-gnu@1.1.1 OK for: @napi-rs/nice@1.1.1 want: 1.1.1
1766 silly placeDep ROOT @napi-rs/nice-linux-x64-gnu@1.1.1 OK for: @napi-rs/nice@1.1.1 want: 1.1.1
1767 silly placeDep ROOT @napi-rs/nice-linux-x64-musl@1.1.1 OK for: @napi-rs/nice@1.1.1 want: 1.1.1
1768 silly placeDep ROOT @napi-rs/nice-openharmony-arm64@1.1.1 OK for: @napi-rs/nice@1.1.1 want: 1.1.1
1769 silly placeDep ROOT @napi-rs/nice-win32-arm64-msvc@1.1.1 OK for: @napi-rs/nice@1.1.1 want: 1.1.1
1770 silly placeDep ROOT @napi-rs/nice-win32-ia32-msvc@1.1.1 OK for: @napi-rs/nice@1.1.1 want: 1.1.1
1771 silly placeDep ROOT @napi-rs/nice-win32-x64-msvc@1.1.1 OK for: @napi-rs/nice@1.1.1 want: 1.1.1
1772 silly placeDep ROOT object-assign@4.1.1 OK for: prop-types@15.8.1 want: ^4.1.1
1773 silly placeDep node_modules/prop-types react-is@16.13.1 OK for: prop-types@15.8.1 want: ^16.13.1
1774 silly placeDep node_modules/react-dom scheduler@0.23.2 OK for: react-dom@18.3.1 want: ^0.23.2
1775 silly placeDep node_modules/safe-array-concat isarray@2.0.5 OK for: safe-array-concat@1.1.3 want: ^2.0.5
1776 silly placeDep node_modules/safe-push-apply isarray@2.0.5 OK for: safe-push-apply@1.0.0 want: ^2.0.5
1777 silly placeDep ROOT xmlchars@2.2.0 OK for: saxes@6.0.0 want: ^2.2.0
1778 silly placeDep node_modules/seek-bzip commander@6.2.1 OK for: seek-bzip@2.0.0 want: ^6.0.0
1779 silly placeDep ROOT @polka/url@1.0.0-next.29 OK for: sirv@3.0.2 want: ^1.0.0-next.24
1780 silly placeDep ROOT mrmime@2.0.1 OK for: sirv@3.0.2 want: ^2.0.0
1781 silly placeDep ROOT totalist@3.0.1 OK for: sirv@3.0.2 want: ^3.0.0
1782 silly placeDep ROOT sort-keys@1.1.2 OK for: sort-keys-length@1.0.1 want: ^1.0.0
1783 silly fetch manifest is-plain-obj@^1.0.0
1784 silly packumentCache full:https://registry.npmjs.org/is-plain-obj cache-hit
1785 silly placeDep node_modules/sort-keys is-plain-obj@1.1.0 OK for: sort-keys@1.1.2 want: ^1.0.0
1786 silly placeDep ROOT inspect-with-kind@1.0.5 OK for: strip-dirs@3.0.0 want: ^1.0.5
1787 silly placeDep node_modules/strip-dirs is-plain-obj@1.1.0 OK for: strip-dirs@3.0.0 want: ^1.1.0
1788 silly placeDep ROOT @tokenizer/token@0.3.0 OK for: strtok3@10.3.4 want: ^0.3.0
1789 silly placeDep ROOT @borewit/text-codec@0.2.1 OK for: token-types@6.1.2 want: ^0.2.1
1790 silly placeDep ROOT psl@1.15.0 OK for: tough-cookie@4.1.4 want: ^1.1.33
1791 silly placeDep node_modules/tough-cookie universalify@0.2.0 OK for: tough-cookie@4.1.4 want: ^0.2.0
1792 silly placeDep ROOT url-parse@1.5.10 OK for: tough-cookie@4.1.4 want: ^1.5.3
1793 silly fetch manifest querystringify@^2.1.1
1794 silly packumentCache full:https://registry.npmjs.org/querystringify cache-miss
1795 http fetch GET 200 https://registry.npmjs.org/querystringify 123ms (cache miss)
1796 silly packumentCache full:https://registry.npmjs.org/querystringify set size:undefined disposed:false
1797 silly placeDep ROOT for-each@0.3.5 OK for: typed-array-byte-length@1.0.3 want: ^0.3.3
1798 silly placeDep ROOT reflect.getprototypeof@1.0.10 OK for: typed-array-byte-offset@1.0.4 want: ^1.0.9
1799 silly fetch manifest which-builtin-type@^1.2.1
1800 silly packumentCache full:https://registry.npmjs.org/which-builtin-type cache-miss
1801 http fetch GET 200 https://registry.npmjs.org/which-builtin-type 145ms (cache miss)
1802 silly packumentCache full:https://registry.npmjs.org/which-builtin-type set size:undefined disposed:false
1803 silly placeDep ROOT which-builtin-type@1.2.1 OK for: reflect.getprototypeof@1.0.10 want: ^1.2.1
1804 silly fetch manifest is-async-function@^2.0.0
1805 silly packumentCache full:https://registry.npmjs.org/is-async-function cache-miss
1806 silly fetch manifest is-finalizationregistry@^1.1.0
1807 silly packumentCache full:https://registry.npmjs.org/is-finalizationregistry cache-miss
1808 silly fetch manifest is-generator-function@^1.0.10
1809 silly packumentCache full:https://registry.npmjs.org/is-generator-function cache-miss
1810 silly fetch manifest which-boxed-primitive@^1.1.0
1811 silly packumentCache full:https://registry.npmjs.org/which-boxed-primitive cache-miss
1812 silly fetch manifest which-collection@^1.0.2
1813 silly packumentCache full:https://registry.npmjs.org/which-collection cache-miss
1814 http cache https://registry.npmjs.org/which-boxed-primitive 2ms (cache hit)
1815 silly packumentCache full:https://registry.npmjs.org/which-boxed-primitive set size:19407 disposed:false
1816 http fetch GET 200 https://registry.npmjs.org/is-finalizationregistry 121ms (cache miss)
1817 silly packumentCache full:https://registry.npmjs.org/is-finalizationregistry set size:undefined disposed:false
1818 http fetch GET 200 https://registry.npmjs.org/is-generator-function 122ms (cache miss)
1819 silly packumentCache full:https://registry.npmjs.org/is-generator-function set size:undefined disposed:false
1820 http fetch GET 200 https://registry.npmjs.org/is-async-function 142ms (cache miss)
1821 silly packumentCache full:https://registry.npmjs.org/is-async-function set size:undefined disposed:false
1822 http fetch GET 200 https://registry.npmjs.org/which-collection 143ms (cache miss)
1823 silly packumentCache full:https://registry.npmjs.org/which-collection set size:undefined disposed:false
1824 silly fetch manifest @typescript-eslint/parser@8.52.0
1825 silly packumentCache full:https://registry.npmjs.org/@typescript-eslint%2fparser cache-miss
1826 http cache https://registry.npmjs.org/@typescript-eslint%2fparser 15ms (cache hit)
1827 silly packumentCache full:https://registry.npmjs.org/@typescript-eslint%2fparser set size:14680934 disposed:false
1828 silly fetch manifest eslint@^8.57.0 || ^9.0.0
1829 silly packumentCache full:https://registry.npmjs.org/eslint cache-miss
1830 http cache https://registry.npmjs.org/eslint 8ms (cache hit)
1831 silly packumentCache full:https://registry.npmjs.org/eslint set size:1900943 disposed:false
1832 silly fetch manifest jiti@*
1833 silly packumentCache full:https://registry.npmjs.org/jiti cache-hit
1834 silly placeDep ROOT @typescript-eslint/eslint-plugin@8.52.0 OK for: typescript-eslint@8.52.0 want: 8.52.0
1835 silly placeDep node_modules/typescript-eslint @typescript-eslint/typescript-estree@8.52.0 OK for: typescript-eslint@8.52.0 want: 8.52.0
1836 silly placeDep node_modules/typescript-eslint @typescript-eslint/utils@8.52.0 OK for: typescript-eslint@8.52.0 want: 8.52.0
1837 silly fetch manifest @typescript-eslint/type-utils@8.52.0
1838 silly packumentCache full:https://registry.npmjs.org/@typescript-eslint%2ftype-utils cache-miss
1839 silly fetch manifest ignore@^7.0.5
1840 silly packumentCache full:https://registry.npmjs.org/ignore cache-miss
1841 http fetch GET 200 https://registry.npmjs.org/ignore 108ms (cache revalidated)
1842 silly packumentCache full:https://registry.npmjs.org/ignore set size:237380 disposed:false
1843 http fetch GET 200 https://registry.npmjs.org/@typescript-eslint%2ftype-utils 3671ms (cache updated)
1844 silly packumentCache full:https://registry.npmjs.org/@typescript-eslint%2ftype-utils set size:undefined disposed:false
1845 silly placeDep node_modules/@typescript-eslint/eslint-plugin @typescript-eslint/scope-manager@8.52.0 OK for: @typescript-eslint/eslint-plugin@8.52.0 want: 8.52.0
1846 silly placeDep ROOT @typescript-eslint/type-utils@8.52.0 REPLACE for: @typescript-eslint/eslint-plugin@8.52.0 want: 8.52.0
1847 silly placeDep ROOT @typescript-eslint/utils@8.52.0 REPLACE for: @typescript-eslint/eslint-plugin@8.52.0 want: 8.52.0
1848 silly placeDep ROOT @typescript-eslint/visitor-keys@8.52.0 OK for: @typescript-eslint/eslint-plugin@8.52.0 want: 8.52.0
1849 silly placeDep node_modules/@typescript-eslint/eslint-plugin ignore@7.0.5 OK for: @typescript-eslint/eslint-plugin@8.52.0 want: ^7.0.5
1850 silly placeDep ROOT @typescript-eslint/types@8.52.0 OK for: @typescript-eslint/type-utils@8.52.0 want: 8.52.0
1851 silly placeDep ROOT @typescript-eslint/typescript-estree@8.52.0 OK for: @typescript-eslint/type-utils@8.52.0 want: 8.52.0
1852 silly placeDep ROOT @typescript-eslint/project-service@8.52.0 OK for: @typescript-eslint/typescript-estree@8.52.0 want: 8.52.0
1853 silly placeDep ROOT @typescript-eslint/tsconfig-utils@8.52.0 OK for: @typescript-eslint/typescript-estree@8.52.0 want: 8.52.0
1854 silly placeDep node_modules/@typescript-eslint/typescript-estree minimatch@9.0.5 OK for: @typescript-eslint/typescript-estree@8.52.0 want: ^9.0.5
1855 silly fetch manifest @typescript-eslint/tsconfig-utils@^8.52.0
1856 silly packumentCache full:https://registry.npmjs.org/@typescript-eslint%2ftsconfig-utils cache-miss
1857 http cache https://registry.npmjs.org/@typescript-eslint%2ftsconfig-utils 2ms (cache hit)
1858 silly packumentCache full:https://registry.npmjs.org/@typescript-eslint%2ftsconfig-utils set size:769998 disposed:false
1859 silly placeDep ROOT @typescript-eslint/scope-manager@8.52.0 OK for: @typescript-eslint/utils@8.52.0 want: 8.52.0
1860 silly placeDep node_modules/@typescript-eslint/visitor-keys eslint-visitor-keys@4.2.1 OK for: @typescript-eslint/visitor-keys@8.52.0 want: ^4.2.1
1861 silly placeDep ROOT has-bigints@1.1.0 OK for: unbox-primitive@1.1.0 want: ^1.0.2
1862 silly placeDep ROOT which-boxed-primitive@1.1.1 OK for: unbox-primitive@1.1.0 want: ^1.1.1
1863 silly fetch manifest is-bigint@^1.1.0
1864 silly packumentCache full:https://registry.npmjs.org/is-bigint cache-miss
1865 silly fetch manifest is-boolean-object@^1.2.1
1866 silly packumentCache full:https://registry.npmjs.org/is-boolean-object cache-miss
1867 silly fetch manifest is-number-object@^1.1.1
1868 silly packumentCache full:https://registry.npmjs.org/is-number-object cache-miss
1869 http fetch GET 200 https://registry.npmjs.org/is-number-object 119ms (cache miss)
1870 silly packumentCache full:https://registry.npmjs.org/is-number-object set size:undefined disposed:false
1871 http fetch GET 200 https://registry.npmjs.org/is-boolean-object 144ms (cache miss)
1872 silly packumentCache full:https://registry.npmjs.org/is-boolean-object set size:undefined disposed:false
1873 http fetch GET 200 https://registry.npmjs.org/is-bigint 168ms (cache miss)
1874 silly packumentCache full:https://registry.npmjs.org/is-bigint set size:undefined disposed:false
1875 silly placeDep ROOT through@2.3.8 OK for: unbzip2-stream@1.4.3 want: ^2.3.8
1876 silly placeDep ROOT querystringify@2.2.0 OK for: url-parse@1.5.10 want: ^2.1.1
1877 silly placeDep ROOT is-bigint@1.1.0 OK for: which-boxed-primitive@1.1.1 want: ^1.1.0
1878 silly placeDep ROOT is-boolean-object@1.2.2 OK for: which-boxed-primitive@1.1.1 want: ^1.2.1
1879 silly placeDep ROOT is-number-object@1.1.1 OK for: which-boxed-primitive@1.1.1 want: ^1.1.1
1880 silly placeDep ROOT is-async-function@2.1.1 OK for: which-builtin-type@1.2.1 want: ^2.0.0
1881 silly placeDep ROOT is-finalizationregistry@1.1.1 OK for: which-builtin-type@1.2.1 want: ^1.1.0
1882 silly placeDep ROOT is-generator-function@1.1.2 OK for: which-builtin-type@1.2.1 want: ^1.0.10
1883 silly placeDep node_modules/which-builtin-type isarray@2.0.5 OK for: which-builtin-type@1.2.1 want: ^2.0.5
1884 silly placeDep ROOT which-collection@1.0.2 OK for: which-builtin-type@1.2.1 want: ^1.0.2
1885 silly fetch manifest async-function@^1.0.0
1886 silly packumentCache full:https://registry.npmjs.org/async-function cache-miss
1887 silly fetch manifest generator-function@^2.0.0
1888 silly packumentCache full:https://registry.npmjs.org/generator-function cache-miss
1889 silly fetch manifest is-map@^2.0.3
1890 silly packumentCache full:https://registry.npmjs.org/is-map cache-miss
1891 silly fetch manifest is-weakmap@^2.0.2
1892 silly packumentCache full:https://registry.npmjs.org/is-weakmap cache-miss
1893 silly fetch manifest is-weakset@^2.0.3
1894 silly packumentCache full:https://registry.npmjs.org/is-weakset cache-miss
1895 http fetch GET 200 https://registry.npmjs.org/is-map 109ms (cache miss)
1896 silly packumentCache full:https://registry.npmjs.org/is-map set size:undefined disposed:false
1897 http fetch GET 200 https://registry.npmjs.org/generator-function 117ms (cache miss)
1898 silly packumentCache full:https://registry.npmjs.org/generator-function set size:undefined disposed:false
1899 http fetch GET 200 https://registry.npmjs.org/async-function 117ms (cache miss)
1900 silly packumentCache full:https://registry.npmjs.org/async-function set size:undefined disposed:false
1901 http fetch GET 200 https://registry.npmjs.org/is-weakset 140ms (cache miss)
1902 silly packumentCache full:https://registry.npmjs.org/is-weakset set size:undefined disposed:false
1903 http fetch GET 200 https://registry.npmjs.org/is-weakmap 411ms (cache miss)
1904 silly packumentCache full:https://registry.npmjs.org/is-weakmap set size:undefined disposed:false
1905 silly placeDep ROOT async-function@1.0.0 OK for: is-async-function@2.1.1 want: ^1.0.0
1906 silly placeDep ROOT generator-function@2.0.1 OK for: is-generator-function@1.1.2 want: ^2.0.0
1907 silly placeDep ROOT is-map@2.0.3 OK for: which-collection@1.0.2 want: ^2.0.3
1908 silly placeDep ROOT is-weakmap@2.0.2 OK for: which-collection@1.0.2 want: ^2.0.2
1909 silly placeDep ROOT is-weakset@2.0.4 OK for: which-collection@1.0.2 want: ^2.0.3
1910 silly placeDep ROOT buffer-crc32@0.2.13 OK for: yauzl@3.2.0 want: ~0.2.3
1911 silly placeDep ROOT pend@1.2.0 OK for: yauzl@3.2.0 want: ~1.2.0
1912 silly placeDep node_modules/@swc-node/sourcemap-support source-map@0.6.1 OK for: source-map-support@0.5.21 want: ^0.6.0
1913 silly placeDep node_modules/@testing-library/dom/node_modules/pretty-format ansi-styles@5.2.0 OK for: pretty-format@27.5.1 want: ^5.0.0
1914 silly placeDep node_modules/@testing-library/dom react-is@17.0.2 OK for: pretty-format@27.5.1 want: ^17.0.1
1915 silly fetch manifest react-native-b4a@*
1916 silly packumentCache full:https://registry.npmjs.org/react-native-b4a cache-miss
1917 http fetch GET 200 https://registry.npmjs.org/react-native-b4a 112ms (cache miss)
1918 silly packumentCache full:https://registry.npmjs.org/react-native-b4a set size:undefined disposed:false
1919 silly fetch manifest react@*
1920 silly packumentCache full:https://registry.npmjs.org/react cache-miss
1921 http cache https://registry.npmjs.org/react 8ms (cache hit)
1922 silly packumentCache full:https://registry.npmjs.org/react set size:6362621 disposed:false
1923 silly fetch manifest react-native@*
1924 silly packumentCache full:https://registry.npmjs.org/react-native cache-miss
1925 http fetch GET 200 https://registry.npmjs.org/react-native 1584ms (cache miss)
1926 silly packumentCache full:https://registry.npmjs.org/react-native set size:undefined disposed:false
1927 silly fetch manifest @types/react@^19.1.1
1928 silly packumentCache full:https://registry.npmjs.org/@types%2freact cache-miss
1929 http cache https://registry.npmjs.org/@types%2freact 8ms (cache hit)
1930 silly packumentCache full:https://registry.npmjs.org/@types%2freact set size:2541992 disposed:false
1931 silly placeDep node_modules/@xhmikosr/decompress-tar b4a@1.7.3 OK for: tar-stream@3.1.7 want: ^1.6.4
1932 silly placeDep ROOT fast-fifo@1.3.2 OK for: tar-stream@3.1.7 want: ^1.2.0
1933 silly placeDep ROOT streamx@2.23.0 OK for: tar-stream@3.1.7 want: ^2.15.0
1934 silly fetch manifest events-universal@^1.0.0
1935 silly packumentCache full:https://registry.npmjs.org/events-universal cache-miss
1936 silly fetch manifest text-decoder@^1.1.0
1937 silly packumentCache full:https://registry.npmjs.org/text-decoder cache-miss
1938 http fetch GET 200 https://registry.npmjs.org/events-universal 90ms (cache miss)
1939 silly packumentCache full:https://registry.npmjs.org/events-universal set size:undefined disposed:false
1940 http fetch GET 200 https://registry.npmjs.org/text-decoder 104ms (cache miss)
1941 silly packumentCache full:https://registry.npmjs.org/text-decoder set size:undefined disposed:false
1942 silly placeDep ROOT events-universal@1.0.1 OK for: streamx@2.23.0 want: ^1.0.0
1943 silly placeDep ROOT text-decoder@1.2.3 OK for: streamx@2.23.0 want: ^1.1.0
1944 silly fetch manifest bare-events@^2.7.0
1945 silly packumentCache full:https://registry.npmjs.org/bare-events cache-miss
1946 http fetch GET 200 https://registry.npmjs.org/bare-events 138ms (cache miss)
1947 silly packumentCache full:https://registry.npmjs.org/bare-events set size:undefined disposed:false
1948 silly fetch manifest bare-abort-controller@*
1949 silly packumentCache full:https://registry.npmjs.org/bare-abort-controller cache-miss
1950 http fetch GET 200 https://registry.npmjs.org/bare-abort-controller 127ms (cache miss)
1951 silly packumentCache full:https://registry.npmjs.org/bare-abort-controller set size:undefined disposed:false
1952 silly placeDep ROOT bare-events@2.8.2 OK for: events-universal@1.0.1 want: ^2.7.0
1953 silly placeDep node_modules/text-decoder b4a@1.7.3 OK for: text-decoder@1.2.3 want: ^1.6.4
1954 silly placeDep node_modules/data-urls tr46@4.1.1 OK for: whatwg-url@12.0.1 want: ^4.1.1
1955 silly placeDep node_modules/data-urls webidl-conversions@7.0.0 OK for: whatwg-url@12.0.1 want: ^7.0.0
1956 silly placeDep node_modules/eslint-plugin-import brace-expansion@1.1.12 OK for: minimatch@3.1.2 want: ^1.1.7
1957 silly placeDep ROOT @types/json5@0.0.29 OK for: tsconfig-paths@3.15.0 want: ^0.0.29
1958 silly placeDep node_modules/eslint-plugin-import json5@1.0.2 OK for: tsconfig-paths@3.15.0 want: ^1.0.2
1959 silly placeDep node_modules/eslint-plugin-jsx-a11y brace-expansion@1.1.12 OK for: minimatch@3.1.2 want: ^1.1.7
1960 silly placeDep node_modules/eslint-plugin-react brace-expansion@1.1.12 OK for: minimatch@3.1.2 want: ^1.1.7
1961 silly placeDep node_modules/jsdom entities@6.0.1 OK for: parse5@7.3.0 want: ^6.0.0
1962 silly placeDep node_modules/jsdom tr46@4.1.1 OK for: whatwg-url@12.0.1 want: ^4.1.1
1963 silly reify mark retired [
1963 silly reify   '/Users/somanathkambar/IdeaProjects/OrderManagement/node_modules/@nx/eslint/node_modules/typescript',
1963 silly reify   '/Users/somanathkambar/IdeaProjects/OrderManagement/node_modules/@nx/eslint/node_modules/.bin/tsc',
1963 silly reify   '/Users/somanathkambar/IdeaProjects/OrderManagement/node_modules/@nx/eslint/node_modules/.bin/tsserver'
1963 silly reify ]
1964 silly reify mark retired [
1964 silly reify   '/Users/somanathkambar/IdeaProjects/OrderManagement/node_modules/@types/node'
1964 silly reify ]
1965 silly reify mark retired [
1965 silly reify   '/Users/somanathkambar/IdeaProjects/OrderManagement/node_modules/@typescript-eslint/project-service'
1965 silly reify ]
1966 silly reify mark retired [
1966 silly reify   '/Users/somanathkambar/IdeaProjects/OrderManagement/node_modules/@typescript-eslint/scope-manager'
1966 silly reify ]
1967 silly reify mark retired [
1967 silly reify   '/Users/somanathkambar/IdeaProjects/OrderManagement/node_modules/@typescript-eslint/tsconfig-utils'
1967 silly reify ]
1968 silly reify mark retired [
1968 silly reify   '/Users/somanathkambar/IdeaProjects/OrderManagement/node_modules/@typescript-eslint/type-utils'
1968 silly reify ]
1969 silly reify mark retired [
1969 silly reify   '/Users/somanathkambar/IdeaProjects/OrderManagement/node_modules/@typescript-eslint/types'
1969 silly reify ]
1970 silly reify mark retired [
1970 silly reify   '/Users/somanathkambar/IdeaProjects/OrderManagement/node_modules/@typescript-eslint/typescript-estree'
1970 silly reify ]
1971 silly reify mark retired [
1971 silly reify   '/Users/somanathkambar/IdeaProjects/OrderManagement/node_modules/@typescript-eslint/utils'
1971 silly reify ]
1972 silly reify mark retired [
1972 silly reify   '/Users/somanathkambar/IdeaProjects/OrderManagement/node_modules/@typescript-eslint/visitor-keys'
1972 silly reify ]
1973 silly reify mark retired [
1973 silly reify   '/Users/somanathkambar/IdeaProjects/OrderManagement/node_modules/typescript',
1973 silly reify   '/Users/somanathkambar/IdeaProjects/OrderManagement/node_modules/.bin/tsc',
1973 silly reify   '/Users/somanathkambar/IdeaProjects/OrderManagement/node_modules/.bin/tsserver'
1973 silly reify ]
1974 silly reify mark retired [
1974 silly reify   '/Users/somanathkambar/IdeaProjects/OrderManagement/node_modules/undici-types'
1974 silly reify ]
1975 silly reify moves {
1975 silly reify   '/Users/somanathkambar/IdeaProjects/OrderManagement/node_modules/@nx/eslint/node_modules/typescript': '/Users/somanathkambar/IdeaProjects/OrderManagement/node_modules/@nx/eslint/node_modules/.typescript-swM94CGr',
1975 silly reify   '/Users/somanathkambar/IdeaProjects/OrderManagement/node_modules/@nx/eslint/node_modules/.bin/tsc': '/Users/somanathkambar/IdeaProjects/OrderManagement/node_modules/@nx/eslint/node_modules/.bin/.tsc-Y8XFEv2D',
1975 silly reify   '/Users/somanathkambar/IdeaProjects/OrderManagement/node_modules/@nx/eslint/node_modules/.bin/tsserver': '/Users/somanathkambar/IdeaProjects/OrderManagement/node_modules/@nx/eslint/node_modules/.bin/.tsserver-z0nFxHJy',
1975 silly reify   '/Users/somanathkambar/IdeaProjects/OrderManagement/node_modules/@types/node': '/Users/somanathkambar/IdeaProjects/OrderManagement/node_modules/@types/.node-0a4eIpdY',
1975 silly reify   '/Users/somanathkambar/IdeaProjects/OrderManagement/node_modules/@typescript-eslint/project-service': '/Users/somanathkambar/IdeaProjects/OrderManagement/node_modules/@typescript-eslint/.project-service-ttYGBCQo',
1975 silly reify   '/Users/somanathkambar/IdeaProjects/OrderManagement/node_modules/@typescript-eslint/scope-manager': '/Users/somanathkambar/IdeaProjects/OrderManagement/node_modules/@typescript-eslint/.scope-manager-cZoEy52V',
1975 silly reify   '/Users/somanathkambar/IdeaProjects/OrderManagement/node_modules/@typescript-eslint/tsconfig-utils': '/Users/somanathkambar/IdeaProjects/OrderManagement/node_modules/@typescript-eslint/.tsconfig-utils-4ugFgjl8',
1975 silly reify   '/Users/somanathkambar/IdeaProjects/OrderManagement/node_modules/@typescript-eslint/type-utils': '/Users/somanathkambar/IdeaProjects/OrderManagement/node_modules/@typescript-eslint/.type-utils-vzNlh6Oy',
1975 silly reify   '/Users/somanathkambar/IdeaProjects/OrderManagement/node_modules/@typescript-eslint/types': '/Users/somanathkambar/IdeaProjects/OrderManagement/node_modules/@typescript-eslint/.types-JXhV9V5R',
1975 silly reify   '/Users/somanathkambar/IdeaProjects/OrderManagement/node_modules/@typescript-eslint/typescript-estree': '/Users/somanathkambar/IdeaProjects/OrderManagement/node_modules/@typescript-eslint/.typescript-estree-lqiHoojo',
1975 silly reify   '/Users/somanathkambar/IdeaProjects/OrderManagement/node_modules/@typescript-eslint/utils': '/Users/somanathkambar/IdeaProjects/OrderManagement/node_modules/@typescript-eslint/.utils-zkkttVmy',
1975 silly reify   '/Users/somanathkambar/IdeaProjects/OrderManagement/node_modules/@typescript-eslint/visitor-keys': '/Users/somanathkambar/IdeaProjects/OrderManagement/node_modules/@typescript-eslint/.visitor-keys-0Mg1Xfzt',
1975 silly reify   '/Users/somanathkambar/IdeaProjects/OrderManagement/node_modules/typescript': '/Users/somanathkambar/IdeaProjects/OrderManagement/node_modules/.typescript-IcGYCKLt',
1975 silly reify   '/Users/somanathkambar/IdeaProjects/OrderManagement/node_modules/.bin/tsc': '/Users/somanathkambar/IdeaProjects/OrderManagement/node_modules/.bin/.tsc-sUizY5V6',
1975 silly reify   '/Users/somanathkambar/IdeaProjects/OrderManagement/node_modules/.bin/tsserver': '/Users/somanathkambar/IdeaProjects/OrderManagement/node_modules/.bin/.tsserver-t0eBWeMp',
1975 silly reify   '/Users/somanathkambar/IdeaProjects/OrderManagement/node_modules/undici-types': '/Users/somanathkambar/IdeaProjects/OrderManagement/node_modules/.undici-types-MzoSjBre'
1975 silly reify }
1976 silly audit bulk request {
1976 silly audit   '@angular-devkit/core': [ '21.0.4' ],
1976 silly audit   '@angular-devkit/schematics': [ '21.0.4' ],
1976 silly audit   '@babel/code-frame': [ '7.27.1' ],
1976 silly audit   '@babel/compat-data': [ '7.28.5' ],
1976 silly audit   '@babel/core': [ '7.28.5' ],
1976 silly audit   semver: [ '6.3.1', '7.6.3', '5.7.2', '7.7.3' ],
1976 silly audit   '@babel/generator': [ '7.28.5' ],
1976 silly audit   '@babel/helper-annotate-as-pure': [ '7.27.3' ],
1976 silly audit   '@babel/helper-compilation-targets': [ '7.27.2' ],
1976 silly audit   '@babel/helper-create-class-features-plugin': [ '7.28.5' ],
1976 silly audit   '@babel/helper-create-regexp-features-plugin': [ '7.28.5' ],
1976 silly audit   '@babel/helper-define-polyfill-provider': [ '0.6.5' ],
1976 silly audit   resolve: [ '1.22.11', '1.22.8', '2.0.0-next.5' ],
1976 silly audit   '@babel/helper-globals': [ '7.28.0' ],
1976 silly audit   '@babel/helper-member-expression-to-functions': [ '7.28.5' ],
1976 silly audit   '@babel/helper-module-imports': [ '7.27.1' ],
1976 silly audit   '@babel/helper-module-transforms': [ '7.28.3' ],
1976 silly audit   '@babel/helper-optimise-call-expression': [ '7.27.1' ],
1976 silly audit   '@babel/helper-plugin-utils': [ '7.27.1' ],
1976 silly audit   '@babel/helper-remap-async-to-generator': [ '7.27.1' ],
1976 silly audit   '@babel/helper-replace-supers': [ '7.27.1' ],
1976 silly audit   '@babel/helper-skip-transparent-expression-wrappers': [ '7.27.1' ],
1976 silly audit   '@babel/helper-string-parser': [ '7.27.1' ],
1976 silly audit   '@babel/helper-validator-identifier': [ '7.28.5' ],
1976 silly audit   '@babel/helper-validator-option': [ '7.27.1' ],
1976 silly audit   '@babel/helper-wrap-function': [ '7.28.3' ],
1976 silly audit   '@babel/helpers': [ '7.28.4' ],
1976 silly audit   '@babel/parser': [ '7.28.5' ],
1976 silly audit   '@babel/plugin-bugfix-firefox-class-in-computed-class-key': [ '7.28.5' ],
1976 silly audit   '@babel/plugin-bugfix-safari-class-field-initializer-scope': [ '7.27.1' ],
1976 silly audit   '@babel/plugin-bugfix-safari-id-destructuring-collision-in-function-expression': [ '7.27.1' ],
1976 silly audit   '@babel/plugin-bugfix-v8-spread-parameters-in-optional-chaining': [ '7.27.1' ],
1976 silly audit   '@babel/plugin-bugfix-v8-static-class-fields-redefine-readonly': [ '7.28.3' ],
1976 silly audit   '@babel/plugin-proposal-decorators': [ '7.28.0' ],
1976 silly audit   '@babel/plugin-proposal-private-property-in-object': [ '7.21.0-placeholder-for-preset-env.2' ],
1976 silly audit   '@babel/plugin-syntax-decorators': [ '7.27.1' ],
1976 silly audit   '@babel/plugin-syntax-import-assertions': [ '7.27.1' ],
1976 silly audit   '@babel/plugin-syntax-import-attributes': [ '7.27.1' ],
1976 silly audit   '@babel/plugin-syntax-jsx': [ '7.27.1' ],
1976 silly audit   '@babel/plugin-syntax-typescript': [ '7.27.1' ],
1976 silly audit   '@babel/plugin-syntax-unicode-sets-regex': [ '7.18.6' ],
1976 silly audit   '@babel/plugin-transform-arrow-functions': [ '7.27.1' ],
1976 silly audit   '@babel/plugin-transform-async-generator-functions': [ '7.28.0' ],
1976 silly audit   '@babel/plugin-transform-async-to-generator': [ '7.27.1' ],
1976 silly audit   '@babel/plugin-transform-block-scoped-functions': [ '7.27.1' ],
1976 silly audit   '@babel/plugin-transform-block-scoping': [ '7.28.5' ],
1976 silly audit   '@babel/plugin-transform-class-properties': [ '7.27.1' ],
1976 silly audit   '@babel/plugin-transform-class-static-block': [ '7.28.3' ],
1976 silly audit   '@babel/plugin-transform-classes': [ '7.28.4' ],
1976 silly audit   '@babel/plugin-transform-computed-properties': [ '7.27.1' ],
1976 silly audit   '@babel/plugin-transform-destructuring': [ '7.28.5' ],
1976 silly audit   '@babel/plugin-transform-dotall-regex': [ '7.27.1' ],
1976 silly audit   '@babel/plugin-transform-duplicate-keys': [ '7.27.1' ],
1976 silly audit   '@babel/plugin-transform-duplicate-named-capturing-groups-regex': [ '7.27.1' ],
1976 silly audit   '@babel/plugin-transform-dynamic-import': [ '7.27.1' ],
1976 silly audit   '@babel/plugin-transform-explicit-resource-management': [ '7.28.0' ],
1976 silly audit   '@babel/plugin-transform-exponentiation-operator': [ '7.28.5' ],
1976 silly audit   '@babel/plugin-transform-export-namespace-from': [ '7.27.1' ],
1976 silly audit   '@babel/plugin-transform-for-of': [ '7.27.1' ],
1976 silly audit   '@babel/plugin-transform-function-name': [ '7.27.1' ],
1976 silly audit   '@babel/plugin-transform-json-strings': [ '7.27.1' ],
1976 silly audit   '@babel/plugin-transform-literals': [ '7.27.1' ],
1976 silly audit   '@babel/plugin-transform-logical-assignment-operators': [ '7.28.5' ],
1976 silly audit   '@babel/plugin-transform-member-expression-literals': [ '7.27.1' ],
1976 silly audit   '@babel/plugin-transform-modules-amd': [ '7.27.1' ],
1976 silly audit   '@babel/plugin-transform-modules-commonjs': [ '7.27.1' ],
1976 silly audit   '@babel/plugin-transform-modules-systemjs': [ '7.28.5' ],
1976 silly audit   '@babel/plugin-transform-modules-umd': [ '7.27.1' ],
1976 silly audit   '@babel/plugin-transform-named-capturing-groups-regex': [ '7.27.1' ],
1976 silly audit   '@babel/plugin-transform-new-target': [ '7.27.1' ],
1976 silly audit   '@babel/plugin-transform-nullish-coalescing-operator': [ '7.27.1' ],
1976 silly audit   '@babel/plugin-transform-numeric-separator': [ '7.27.1' ],
1976 silly audit   '@babel/plugin-transform-object-rest-spread': [ '7.28.4' ],
1976 silly audit   '@babel/plugin-transform-object-super': [ '7.27.1' ],
1976 silly audit   '@babel/plugin-transform-optional-catch-binding': [ '7.27.1' ],
1976 silly audit   '@babel/plugin-transform-optional-chaining': [ '7.28.5' ],
1976 silly audit   '@babel/plugin-transform-parameters': [ '7.27.7' ],
1976 silly audit   '@babel/plugin-transform-private-methods': [ '7.27.1' ],
1976 silly audit   '@babel/plugin-transform-private-property-in-object': [ '7.27.1' ],
1976 silly audit   '@babel/plugin-transform-property-literals': [ '7.27.1' ],
1976 silly audit   '@babel/plugin-transform-react-constant-elements': [ '7.27.1' ],
1976 silly audit   '@babel/plugin-transform-react-display-name': [ '7.28.0' ],
1976 silly audit   '@babel/plugin-transform-react-jsx': [ '7.27.1' ],
1976 silly audit   '@babel/plugin-transform-react-jsx-development': [ '7.27.1' ],
1976 silly audit   '@babel/plugin-transform-react-pure-annotations': [ '7.27.1' ],
1976 silly audit   '@babel/plugin-transform-regenerator': [ '7.28.4' ],
1976 silly audit   '@babel/plugin-transform-regexp-modifiers': [ '7.27.1' ],
1976 silly audit   '@babel/plugin-transform-reserved-words': [ '7.27.1' ],
1976 silly audit   '@babel/plugin-transform-runtime': [ '7.28.5' ],
1976 silly audit   '@babel/plugin-transform-shorthand-properties': [ '7.27.1' ],
1976 silly audit   '@babel/plugin-transform-spread': [ '7.27.1' ],
1976 silly audit   '@babel/plugin-transform-sticky-regex': [ '7.27.1' ],
1976 silly audit   '@babel/plugin-transform-template-literals': [ '7.27.1' ],
1976 silly audit   '@babel/plugin-transform-typeof-symbol': [ '7.27.1' ],
1976 silly audit   '@babel/plugin-transform-typescript': [ '7.28.5' ],
1976 silly audit   '@babel/plugin-transform-unicode-escapes': [ '7.27.1' ],
1976 silly audit   '@babel/plugin-transform-unicode-property-regex': [ '7.27.1' ],
1976 silly audit   '@babel/plugin-transform-unicode-regex': [ '7.27.1' ],
1976 silly audit   '@babel/plugin-transform-unicode-sets-regex': [ '7.27.1' ],
1976 silly audit   '@babel/preset-env': [ '7.28.5' ],
1976 silly audit   '@babel/preset-modules': [ '0.1.6-no-external-plugins' ],
1976 silly audit   '@babel/preset-react': [ '7.28.5' ],
1976 silly audit   '@babel/preset-typescript': [ '7.28.5' ],
1976 silly audit   '@babel/runtime': [ '7.28.4' ],
1976 silly audit   '@babel/template': [ '7.27.2' ],
1976 silly audit   '@babel/traverse': [ '7.28.5' ],
1976 silly audit   '@babel/types': [ '7.28.5' ],
1976 silly audit   '@bufbuild/protobuf': [ '2.10.2' ],
1976 silly audit   '@emnapi/core': [ '1.8.1' ],
1976 silly audit   '@emnapi/runtime': [ '1.8.1' ],
1976 silly audit   '@emnapi/wasi-threads': [ '1.1.0' ],
1976 silly audit   '@esbuild/aix-ppc64': [ '0.27.2' ],
1976 silly audit   '@esbuild/android-arm': [ '0.27.2' ],
1976 silly audit   '@esbuild/android-arm64': [ '0.27.2' ],
1976 silly audit   '@esbuild/android-x64': [ '0.27.2' ],
1976 silly audit   '@esbuild/darwin-arm64': [ '0.27.2' ],
1976 silly audit   '@esbuild/darwin-x64': [ '0.27.2' ],
1976 silly audit   '@esbuild/freebsd-arm64': [ '0.27.2' ],
1976 silly audit   '@esbuild/freebsd-x64': [ '0.27.2' ],
1976 silly audit   '@esbuild/linux-arm': [ '0.27.2' ],
1976 silly audit   '@esbuild/linux-arm64': [ '0.27.2' ],
1976 silly audit   '@esbuild/linux-ia32': [ '0.27.2' ],
1976 silly audit   '@esbuild/linux-loong64': [ '0.27.2' ],
1976 silly audit   '@esbuild/linux-mips64el': [ '0.27.2' ],
1976 silly audit   '@esbuild/linux-ppc64': [ '0.27.2' ],
1976 silly audit   '@esbuild/linux-riscv64': [ '0.27.2' ],
1976 silly audit   '@esbuild/linux-s390x': [ '0.27.2' ],
1976 silly audit   '@esbuild/linux-x64': [ '0.27.2' ],
1976 silly audit   '@esbuild/netbsd-arm64': [ '0.27.2' ],
1976 silly audit   '@esbuild/netbsd-x64': [ '0.27.2' ],
1976 silly audit   '@esbuild/openbsd-arm64': [ '0.27.2' ],
1976 silly audit   '@esbuild/openbsd-x64': [ '0.27.2' ],
1976 silly audit   '@esbuild/openharmony-arm64': [ '0.27.2' ],
1976 silly audit   '@esbuild/sunos-x64': [ '0.27.2' ],
1976 silly audit   '@esbuild/win32-arm64': [ '0.27.2' ],
1976 silly audit   '@esbuild/win32-ia32': [ '0.27.2' ],
1976 silly audit   '@esbuild/win32-x64': [ '0.27.2' ],
1976 silly audit   '@eslint-community/eslint-utils': [ '4.9.1' ],
1976 silly audit   '@eslint-community/regexpp': [ '4.12.2' ],
1976 silly audit   '@eslint/config-array': [ '0.21.1' ],
1976 silly audit   'brace-expansion': [ '1.1.12', '2.0.2' ],
1976 silly audit   minimatch: [ '3.1.2', '5.1.6', '9.0.3', '9.0.5' ],
1976 silly audit   '@eslint/config-helpers': [ '0.4.2' ],
1976 silly audit   '@eslint/core': [ '0.17.0' ],
1976 silly audit   '@eslint/eslintrc': [ '3.3.3' ],
1976 silly audit   ajv: [ '6.12.6', '8.17.1' ],
1976 silly audit   'json-schema-traverse': [ '0.4.1', '1.0.0' ],
1976 silly audit   '@eslint/js': [ '9.39.2' ],
1976 silly audit   '@eslint/object-schema': [ '2.1.7' ],
1976 silly audit   '@eslint/plugin-kit': [ '0.4.1' ],
1976 silly audit   '@humanfs/core': [ '0.19.1' ],
1976 silly audit   '@humanfs/node': [ '0.16.7' ],
1976 silly audit   '@humanwhocodes/module-importer': [ '1.0.1' ],
1976 silly audit   '@humanwhocodes/retry': [ '0.4.3' ],
1976 silly audit   '@jest/diff-sequences': [ '30.0.1' ],
1976 silly audit   '@jest/get-type': [ '30.1.0' ],
1976 silly audit   '@jest/schemas': [ '29.6.3', '30.0.5' ],
1976 silly audit   '@jest/types': [ '29.6.3' ],
1976 silly audit   chalk: [ '4.1.2', '3.0.0', '5.6.2' ],
1976 silly audit   '@jridgewell/gen-mapping': [ '0.3.13' ],
1976 silly audit   '@jridgewell/remapping': [ '2.3.5' ],
1976 silly audit   '@jridgewell/resolve-uri': [ '3.1.2' ],
1976 silly audit   '@jridgewell/source-map': [ '0.3.11' ],
1976 silly audit   '@jridgewell/sourcemap-codec': [ '1.5.5' ],
1976 silly audit   '@jridgewell/trace-mapping': [ '0.3.31' ],
1976 silly audit   '@jsonjoy.com/base64': [ '1.1.2' ],
1976 silly audit   '@jsonjoy.com/buffers': [ '1.2.1' ],
1976 silly audit   '@jsonjoy.com/codegen': [ '1.0.0' ],
1976 silly audit   '@jsonjoy.com/json-pack': [ '1.21.0' ],
1976 silly audit   '@jsonjoy.com/json-pointer': [ '1.0.2' ],
1976 silly audit   '@jsonjoy.com/util': [ '1.9.0' ],
1976 silly audit   '@leichtgewicht/ip-codec': [ '2.0.5' ],
1976 silly audit   '@module-federation/bridge-react-webpack-plugin': [ '0.21.6', '0.22.0' ],
1976 silly audit   '@module-federation/cli': [ '0.21.6', '0.22.0' ],
1976 silly audit   '@module-federation/dts-plugin': [ '0.21.6', '0.22.0' ],
1976 silly audit   '@module-federation/enhanced': [ '0.21.6', '0.22.0' ],
1976 silly audit   '@module-federation/data-prefetch': [ '0.21.6', '0.22.0' ],
1976 silly audit   react: [ '19.2.3', '18.3.1' ],
1976 silly audit   'react-dom': [ '19.2.3', '18.3.1' ],
1976 silly audit   '@module-federation/error-codes': [ '0.21.6', '0.22.0' ],
1976 silly audit   '@module-federation/inject-external-runtime-core-plugin': [ '0.21.6', '0.22.0' ],
1976 silly audit   '@module-federation/managers': [ '0.21.6', '0.22.0' ],
1976 silly audit   '@module-federation/manifest': [ '0.21.6', '0.22.0' ],
1976 silly audit   '@module-federation/rspack': [ '0.21.6', '0.22.0' ],
1976 silly audit   '@module-federation/runtime': [ '0.21.6', '0.22.0' ],
1976 silly audit   '@module-federation/runtime-core': [ '0.21.6', '0.22.0' ],
1976 silly audit   '@module-federation/runtime-tools': [ '0.21.6', '0.22.0' ],
1976 silly audit   '@module-federation/sdk': [ '0.21.6', '0.22.0' ],
1976 silly audit   '@module-federation/third-party-dts-extractor': [ '0.21.6', '0.22.0' ],
1976 silly audit   '@module-federation/webpack-bundler-runtime': [ '0.21.6', '0.22.0' ],
1976 silly audit   '@napi-rs/wasm-runtime': [ '1.0.7', '0.2.4' ],
1976 silly audit   '@nodelib/fs.scandir': [ '2.1.5' ],
1976 silly audit   '@nodelib/fs.stat': [ '2.0.5' ],
1976 silly audit   '@nodelib/fs.walk': [ '1.2.8' ],
1976 silly audit   '@nx/angular': [ '22.3.3' ],
1976 silly audit   jiti: [ '2.4.2', '2.6.1' ],
1976 silly audit   '@module-federation/node': [ '2.7.26' ],
1976 silly audit   '@nx/rspack': [ '22.3.3' ],
1976 silly audit   cosmiconfig: [ '9.0.0', '7.1.0', '8.3.6' ],
1976 silly audit   picomatch: [ '4.0.2', '2.3.1', '4.0.3' ],
1976 silly audit   'postcss-loader': [ '8.2.0', '6.2.1' ],
1976 silly audit   '@nx/devkit': [ '22.3.3' ],
1976 silly audit   '@nx/eslint': [ '22.3.3' ],
1976 silly audit   typescript: [ '5.9.3' ],
1976 silly audit   '@nx/js': [ '22.3.3' ],
1976 silly audit   'jsonc-parser': [ '3.2.0', '3.3.1' ],
1976 silly audit   '@nx/module-federation': [ '22.3.3' ],
1976 silly audit   '@nx/nx-darwin-arm64': [ '22.3.3' ],
1976 silly audit   '@nx/nx-darwin-x64': [ '22.3.3' ],
1976 silly audit   '@nx/nx-freebsd-x64': [ '22.3.3' ],
1976 silly audit   '@nx/nx-linux-arm-gnueabihf': [ '22.3.3' ],
1976 silly audit   '@nx/nx-linux-arm64-gnu': [ '22.3.3' ],
1976 silly audit   '@nx/nx-linux-arm64-musl': [ '22.3.3' ],
1976 silly audit   '@nx/nx-linux-x64-gnu': [ '22.3.3' ],
1976 silly audit   '@nx/nx-linux-x64-musl': [ '22.3.3' ],
1976 silly audit   '@nx/nx-win32-arm64-msvc': [ '22.3.3' ],
1976 silly audit   '@nx/nx-win32-x64-msvc': [ '22.3.3' ],
1976 silly audit   '@nx/react': [ '22.3.3' ],
1976 silly audit   '@nx/rollup': [ '22.3.3' ],
1976 silly audit   '@nx/vite': [ '22.3.3' ],
1976 silly audit   '@nx/vitest': [ '22.3.3' ],
1976 silly audit   '@nx/web': [ '22.3.3' ],
1976 silly audit   '@nx/webpack': [ '22.3.3' ],
1976 silly audit   '@nx/workspace': [ '22.3.3' ],
1976 silly audit   '@parcel/watcher': [ '2.5.1' ],
1976 silly audit   '@parcel/watcher-android-arm64': [ '2.5.1' ],
1976 silly audit   '@parcel/watcher-darwin-arm64': [ '2.5.1' ],
1976 silly audit   '@parcel/watcher-darwin-x64': [ '2.5.1' ],
1976 silly audit   '@parcel/watcher-freebsd-x64': [ '2.5.1' ],
1976 silly audit   '@parcel/watcher-linux-arm-glibc': [ '2.5.1' ],
1976 silly audit   '@parcel/watcher-linux-arm-musl': [ '2.5.1' ],
1976 silly audit   '@parcel/watcher-linux-arm64-glibc': [ '2.5.1' ],
1976 silly audit   '@parcel/watcher-linux-arm64-musl': [ '2.5.1' ],
1976 silly audit   '@parcel/watcher-linux-x64-glibc': [ '2.5.1' ],
1976 silly audit   '@parcel/watcher-linux-x64-musl': [ '2.5.1' ],
1976 silly audit   '@parcel/watcher-win32-arm64': [ '2.5.1' ],
1976 silly audit   '@parcel/watcher-win32-ia32': [ '2.5.1' ],
1976 silly audit   '@parcel/watcher-win32-x64': [ '2.5.1' ],
1976 silly audit   '@phenomnomnominal/tsquery': [ '5.0.1' ],
1976 silly audit   '@rollup/plugin-babel': [ '6.1.0' ],
1976 silly audit   '@rollup/plugin-commonjs': [ '25.0.8' ],
1976 silly audit   '@rollup/plugin-image': [ '3.0.3' ],
1976 silly audit   '@rollup/plugin-json': [ '6.1.0' ],
1976 silly audit   '@rollup/plugin-node-resolve': [ '15.3.1' ],
1976 silly audit   '@rollup/plugin-typescript': [ '12.3.0' ],
1976 silly audit   '@rollup/pluginutils': [ '5.3.0', '4.2.1' ],
1976 silly audit   '@rollup/rollup-android-arm-eabi': [ '4.55.1' ],
1976 silly audit   '@rollup/rollup-android-arm64': [ '4.55.1' ],
1976 silly audit   '@rollup/rollup-darwin-arm64': [ '4.55.1' ],
1976 silly audit   '@rollup/rollup-darwin-x64': [ '4.55.1' ],
1976 silly audit   '@rollup/rollup-freebsd-arm64': [ '4.55.1' ],
1976 silly audit   '@rollup/rollup-freebsd-x64': [ '4.55.1' ],
1976 silly audit   '@rollup/rollup-linux-arm-gnueabihf': [ '4.55.1' ],
1976 silly audit   '@rollup/rollup-linux-arm-musleabihf': [ '4.55.1' ],
1976 silly audit   '@rollup/rollup-linux-arm64-gnu': [ '4.55.1' ],
1976 silly audit   '@rollup/rollup-linux-arm64-musl': [ '4.55.1' ],
1976 silly audit   '@rollup/rollup-linux-loong64-gnu': [ '4.55.1' ],
1976 silly audit   '@rollup/rollup-linux-loong64-musl': [ '4.55.1' ],
1976 silly audit   '@rollup/rollup-linux-ppc64-gnu': [ '4.55.1' ],
1976 silly audit   '@rollup/rollup-linux-ppc64-musl': [ '4.55.1' ],
1976 silly audit   '@rollup/rollup-linux-riscv64-gnu': [ '4.55.1' ],
1976 silly audit   '@rollup/rollup-linux-riscv64-musl': [ '4.55.1' ],
1976 silly audit   '@rollup/rollup-linux-s390x-gnu': [ '4.55.1' ],
1976 silly audit   '@rollup/rollup-linux-x64-gnu': [ '4.55.1' ],
1976 silly audit   '@rollup/rollup-linux-x64-musl': [ '4.55.1' ],
1976 silly audit   '@rollup/rollup-openbsd-x64': [ '4.55.1' ],
1976 silly audit   '@rollup/rollup-openharmony-arm64': [ '4.55.1' ],
1976 silly audit   '@rollup/rollup-win32-arm64-msvc': [ '4.55.1' ],
1976 silly audit   '@rollup/rollup-win32-ia32-msvc': [ '4.55.1' ],
1976 silly audit   '@rollup/rollup-win32-x64-gnu': [ '4.55.1' ],
1976 silly audit   '@rollup/rollup-win32-x64-msvc': [ '4.55.1' ],
1976 silly audit   '@rspack/binding': [ '1.7.0' ],
1976 silly audit   '@rspack/binding-darwin-arm64': [ '1.7.0' ],
1976 silly audit   '@rspack/binding-darwin-x64': [ '1.7.0' ],
1976 silly audit   '@rspack/binding-linux-arm64-gnu': [ '1.7.0' ],
1976 silly audit   '@rspack/binding-linux-arm64-musl': [ '1.7.0' ],
1976 silly audit   '@rspack/binding-linux-x64-gnu': [ '1.7.0' ],
1976 silly audit   '@rspack/binding-linux-x64-musl': [ '1.7.0' ],
1976 silly audit   '@rspack/binding-wasm32-wasi': [ '1.7.0' ],
1976 silly audit   '@rspack/binding-win32-arm64-msvc': [ '1.7.0' ],
1976 silly audit   '@rspack/binding-win32-ia32-msvc': [ '1.7.0' ],
1976 silly audit   '@rspack/binding-win32-x64-msvc': [ '1.7.0' ],
1976 silly audit   '@rspack/core': [ '1.7.0' ],
1976 silly audit   '@rspack/dev-server': [ '1.1.5' ],
1976 silly audit   chokidar: [ '3.6.0', '4.0.3' ],
1976 silly audit   'glob-parent': [ '5.1.2', '6.0.2' ],
1976 silly audit   'http-proxy-middleware': [ '2.0.9', '3.0.5' ],
1976 silly audit   readdirp: [ '3.6.0', '4.1.2' ],
1976 silly audit   '@rspack/lite-tapable': [ '1.1.0' ],
1976 silly audit   '@rspack/plugin-react-refresh': [ '1.5.3' ],
1976 silly audit   '@schematics/angular': [ '21.0.4' ],
1976 silly audit   '@sinclair/typebox': [ '0.27.8', '0.34.46' ],
1976 silly audit   '@standard-schema/spec': [ '1.1.0' ],
1976 silly audit   '@svgr/babel-plugin-add-jsx-attribute': [ '8.0.0' ],
1976 silly audit   '@svgr/babel-plugin-remove-jsx-attribute': [ '8.0.0' ],
1976 silly audit   '@svgr/babel-plugin-remove-jsx-empty-expression': [ '8.0.0' ],
1976 silly audit   '@svgr/babel-plugin-replace-jsx-attribute-value': [ '8.0.0' ],
1976 silly audit   '@svgr/babel-plugin-svg-dynamic-title': [ '8.0.0' ],
1976 silly audit   '@svgr/babel-plugin-svg-em-dimensions': [ '8.0.0' ],
1976 silly audit   '@svgr/babel-plugin-transform-react-native-svg': [ '8.1.0' ],
1976 silly audit   '@svgr/babel-plugin-transform-svg-component': [ '8.0.0' ],
1976 silly audit   '@svgr/babel-preset': [ '8.1.0' ],
1976 silly audit   '@svgr/core': [ '8.1.0' ],
1976 silly audit   '@svgr/hast-util-to-babel-ast': [ '8.0.0' ],
1976 silly audit   '@svgr/plugin-jsx': [ '8.1.0' ],
1976 silly audit   '@svgr/plugin-svgo': [ '8.1.0' ],
1976 silly audit   '@svgr/webpack': [ '8.1.0' ],
1976 silly audit   '@trysound/sax': [ '0.2.0' ],
1976 silly audit   '@tybys/wasm-util': [ '0.10.1', '0.9.0' ],
1976 silly audit   '@types/body-parser': [ '1.19.6' ],
1976 silly audit   '@types/bonjour': [ '3.5.13' ],
1976 silly audit   '@types/chai': [ '5.2.3' ],
1976 silly audit   '@types/connect': [ '3.4.38' ],
1976 silly audit   '@types/connect-history-api-fallback': [ '1.5.4' ],
1976 silly audit   '@types/deep-eql': [ '4.0.2' ],
1976 silly audit   '@types/eslint': [ '9.6.1' ],
1976 silly audit   '@types/eslint-scope': [ '3.7.7' ],
1976 silly audit   '@types/estree': [ '1.0.8' ],
1976 silly audit   '@types/express': [ '4.17.25' ],
1976 silly audit   '@types/express-serve-static-core': [ '4.19.7' ],
1976 silly audit   '@types/http-errors': [ '2.0.5' ],
1976 silly audit   '@types/http-proxy': [ '1.17.17' ],
1976 silly audit   '@types/istanbul-lib-coverage': [ '2.0.6' ],
1976 silly audit   '@types/istanbul-lib-report': [ '3.0.3' ],
1976 silly audit   '@types/istanbul-reports': [ '3.0.4' ],
1976 silly audit   '@types/json-schema': [ '7.0.15' ],
1976 silly audit   '@types/mime': [ '1.3.5' ],
1976 silly audit   '@types/node-forge': [ '1.3.14' ],
1976 silly audit   '@types/parse-json': [ '4.0.2' ],
1976 silly audit   '@types/qs': [ '6.14.0' ],
1976 silly audit   '@types/range-parser': [ '1.2.7' ],
1976 silly audit   '@types/resolve': [ '1.20.2' ],
1976 silly audit   '@types/retry': [ '0.12.2' ],
1976 silly audit   '@types/semver': [ '7.5.8' ],
1976 silly audit   '@types/send': [ '1.2.1', '0.17.6' ],
1976 silly audit   '@types/serve-index': [ '1.9.4' ],
1976 silly audit   '@types/serve-static': [ '1.15.10' ],
1976 silly audit   '@types/sockjs': [ '0.3.36' ],
1976 silly audit   '@types/ws': [ '8.18.1' ],
1976 silly audit   '@types/yargs': [ '17.0.35' ],
1976 silly audit   '@types/yargs-parser': [ '21.0.3' ],
1976 silly audit   '@typescript-eslint/scope-manager': [ '8.52.0' ],
1976 silly audit   '@typescript-eslint/types': [ '8.52.0' ],
1976 silly audit   '@typescript-eslint/typescript-estree': [ '8.52.0' ],
1976 silly audit   '@typescript-eslint/utils': [ '8.52.0' ],
1976 silly audit   '@typescript-eslint/visitor-keys': [ '8.52.0' ],
1976 silly audit   'eslint-visitor-keys': [ '3.4.3', '4.2.1' ],
1976 silly audit   '@vitest/expect': [ '4.0.16' ],
1976 silly audit   '@vitest/mocker': [ '4.0.16' ],
1976 silly audit   'estree-walker': [ '3.0.3', '2.0.2', '0.6.1' ],
1976 silly audit   'magic-string': [ '0.30.21', '0.30.19' ],
1976 silly audit   '@vitest/pretty-format': [ '4.0.16' ],
1976 silly audit   '@vitest/runner': [ '4.0.16' ],
1976 silly audit   '@vitest/snapshot': [ '4.0.16' ],
1976 silly audit   '@vitest/spy': [ '4.0.16' ],
1976 silly audit   '@vitest/utils': [ '4.0.16' ],
1976 silly audit   '@webassemblyjs/ast': [ '1.14.1' ],
1976 silly audit   '@webassemblyjs/floating-point-hex-parser': [ '1.13.2' ],
1976 silly audit   '@webassemblyjs/helper-api-error': [ '1.13.2' ],
1976 silly audit   '@webassemblyjs/helper-buffer': [ '1.14.1' ],
1976 silly audit   '@webassemblyjs/helper-numbers': [ '1.13.2' ],
1976 silly audit   '@webassemblyjs/helper-wasm-bytecode': [ '1.13.2' ],
1976 silly audit   '@webassemblyjs/helper-wasm-section': [ '1.14.1' ],
1976 silly audit   '@webassemblyjs/ieee754': [ '1.13.2' ],
1976 silly audit   '@webassemblyjs/leb128': [ '1.13.2' ],
1976 silly audit   '@webassemblyjs/utf8': [ '1.13.2' ],
1976 silly audit   '@webassemblyjs/wasm-edit': [ '1.14.1' ],
1976 silly audit   '@webassemblyjs/wasm-gen': [ '1.14.1' ],
1976 silly audit   '@webassemblyjs/wasm-opt': [ '1.14.1' ],
1976 silly audit   '@webassemblyjs/wasm-parser': [ '1.14.1' ],
1976 silly audit   '@webassemblyjs/wast-printer': [ '1.14.1' ],
1976 silly audit   '@xstate/react': [ '4.1.3' ],
1976 silly audit   '@xtuc/ieee754': [ '1.2.0' ],
1976 silly audit   '@xtuc/long': [ '4.2.2' ],
1976 silly audit   '@yarnpkg/lockfile': [ '1.1.0' ],
1976 silly audit   '@yarnpkg/parsers': [ '3.0.2' ],
1976 silly audit   argparse: [ '1.0.10', '2.0.1' ],
1976 silly audit   'js-yaml': [ '3.14.2', '4.1.1' ],
1976 silly audit   '@zkochan/js-yaml': [ '0.0.7' ],
1976 silly audit   accepts: [ '1.3.8' ],
1976 silly audit   acorn: [ '8.15.0' ],
1976 silly audit   'acorn-import-phases': [ '1.0.4' ],
1976 silly audit   'acorn-jsx': [ '5.3.2' ],
1976 silly audit   address: [ '1.2.2' ],
1976 silly audit   'adm-zip': [ '0.5.16' ],
1976 silly audit   'ajv-formats': [ '3.0.1', '2.1.1' ],
1976 silly audit   'ajv-keywords': [ '5.1.0', '3.5.2' ],
1976 silly audit   'ansi-colors': [ '4.1.3' ],
1976 silly audit   'ansi-html-community': [ '0.0.8' ],
1976 silly audit   'ansi-regex': [ '5.0.1', '6.2.2' ],
1976 silly audit   'ansi-styles': [ '4.3.0', '5.2.0' ],
1976 silly audit   anymatch: [ '3.1.3' ],
1976 silly audit   'array-flatten': [ '1.1.1' ],
1976 silly audit   'array-union': [ '3.0.1' ],
1976 silly audit   'assertion-error': [ '2.0.1' ],
1976 silly audit   async: [ '3.2.6' ],
1976 silly audit   asynckit: [ '0.4.0' ],
1976 silly audit   'at-least-node': [ '1.0.0' ],
1976 silly audit   autoprefixer: [ '10.4.23' ],
1976 silly audit   axios: [ '1.13.2' ],
1976 silly audit   'babel-loader': [ '9.2.1' ],
1976 silly audit   'babel-plugin-const-enum': [ '1.2.0' ],
1976 silly audit   'babel-plugin-macros': [ '3.1.0' ],
1976 silly audit   yaml: [ '1.10.2', '2.8.2' ],
1976 silly audit   'babel-plugin-polyfill-corejs2': [ '0.4.14' ],
1976 silly audit   'babel-plugin-polyfill-corejs3': [ '0.13.0' ],
1976 silly audit   'babel-plugin-polyfill-regenerator': [ '0.6.5' ],
1976 silly audit   'babel-plugin-transform-typescript-metadata': [ '0.3.2' ],
1976 silly audit   'balanced-match': [ '1.0.2' ],
1976 silly audit   'base64-js': [ '1.5.1' ],
1976 silly audit   'baseline-browser-mapping': [ '2.9.11' ],
1976 silly audit   'basic-auth': [ '2.0.1' ],
1976 silly audit   'safe-buffer': [ '5.1.2', '5.2.1' ],
1976 silly audit   batch: [ '0.6.1' ],
1976 silly audit   'big.js': [ '5.2.2' ],
1976 silly audit   'binary-extensions': [ '2.3.0' ],
1976 silly audit   bl: [ '4.1.0' ],
1976 silly audit   'body-parser': [ '1.20.4' ],
1976 silly audit   debug: [ '2.6.9', '4.4.3', '3.2.7' ],
1976 silly audit   ms: [ '2.0.0', '2.1.3' ],
1976 silly audit   'bonjour-service': [ '1.3.0' ],
1976 silly audit   boolbase: [ '1.0.0' ],
1976 silly audit   braces: [ '3.0.3' ],
1976 silly audit   browserslist: [ '4.28.1' ],
1976 silly audit   btoa: [ '1.2.1' ],
1976 silly audit   buffer: [ '5.7.1' ],
1976 silly audit   'buffer-builder': [ '0.2.0' ],
1976 silly audit   'buffer-from': [ '1.1.2' ],
1976 silly audit   'bundle-name': [ '4.1.0' ],
1976 silly audit   bytes: [ '3.1.2' ],
1976 silly audit   'call-bind-apply-helpers': [ '1.0.2' ],
1976 silly audit   'call-bound': [ '1.0.4' ],
1976 silly audit   callsites: [ '3.1.0' ],
1976 silly audit   camelcase: [ '6.3.0' ],
1976 silly audit   'caniuse-api': [ '3.0.0' ],
1976 silly audit   'caniuse-lite': [ '1.0.30001762' ],
1976 silly audit   chai: [ '6.2.2' ],
1976 silly audit   'chrome-trace-event': [ '1.0.4' ],
1976 silly audit   'ci-info': [ '3.9.0' ],
1976 silly audit   'class-variance-authority': [ '0.7.1' ],
1976 silly audit   'cli-cursor': [ '3.1.0', '5.0.0' ],
1976 silly audit   'cli-spinners': [ '2.6.1', '3.3.0' ],
1976 silly audit   cliui: [ '8.0.1' ],
1976 silly audit   clone: [ '1.0.4' ],
1976 silly audit   'clone-deep': [ '4.0.1' ],
1976 silly audit   'is-plain-object': [ '2.0.4', '5.0.0' ],
1976 silly audit   clsx: [ '2.1.1' ],
1976 silly audit   'color-convert': [ '2.0.1' ],
1976 silly audit   'color-name': [ '1.1.4' ],
1976 silly audit   colord: [ '2.9.3' ],
1976 silly audit   colorette: [ '2.0.20' ],
1976 silly audit   'colorjs.io': [ '0.5.2' ],
1976 silly audit   columnify: [ '1.6.0' ],
1976 silly audit   'combined-stream': [ '1.0.8' ],
1976 silly audit   commander: [ '11.1.0', '7.2.0', '2.20.3', '8.3.0', '6.2.1' ],
1976 silly audit   'common-path-prefix': [ '3.0.0' ],
1976 silly audit   commondir: [ '1.0.1' ],
1976 silly audit   compressible: [ '2.0.18' ],
1976 silly audit   compression: [ '1.8.1' ],
1976 silly audit   negotiator: [ '0.6.4', '0.6.3' ],
1976 silly audit   'concat-map': [ '0.0.1' ],
1976 silly audit   'concat-with-sourcemaps': [ '1.1.0' ],
1976 silly audit   'source-map': [ '0.6.1', '0.7.6' ],
1976 silly audit   'connect-history-api-fallback': [ '2.0.0' ],
1976 silly audit   'content-disposition': [ '0.5.4' ],
1976 silly audit   'content-type': [ '1.0.5' ],
1976 silly audit   'convert-source-map': [ '2.0.0' ],
1976 silly audit   cookie: [ '0.7.2' ],
1976 silly audit   'cookie-signature': [ '1.0.7' ],
1976 silly audit   cookies: [ '0.9.1' ],
1976 silly audit   'copy-anything': [ '2.0.6' ],
1976 silly audit   'copy-webpack-plugin': [ '10.2.4' ],
1976 silly audit   'core-js-compat': [ '3.47.0' ],
1976 silly audit   'core-util-is': [ '1.0.3' ],
1976 silly audit   corser: [ '2.0.1' ],
1976 silly audit   'cron-parser': [ '4.9.0' ],
1976 silly audit   'cross-spawn': [ '7.0.6' ],
1976 silly audit   'css-declaration-sorter': [ '7.3.1', '6.4.1' ],
1976 silly audit   'css-loader': [ '6.11.0' ],
1976 silly audit   'css-minimizer-webpack-plugin': [ '5.0.1' ],
1976 silly audit   'css-select': [ '5.2.2', '4.3.0' ],
1976 silly audit   'css-tree': [ '2.3.1', '2.2.1', '1.1.3' ],
1976 silly audit   'css-what': [ '6.2.2' ],
1976 silly audit   cssesc: [ '3.0.0' ],
1976 silly audit   cssnano: [ '6.1.2', '5.1.15' ],
1976 silly audit   'cssnano-preset-default': [ '6.1.2', '5.2.14' ],
1976 silly audit   'cssnano-utils': [ '4.0.2', '3.1.0' ],
1976 silly audit   csso: [ '5.0.5', '4.2.0' ],
1976 silly audit   'mdn-data': [ '2.0.28', '2.0.30', '2.0.14' ],
1976 silly audit   'date-format': [ '4.0.14' ],
1976 silly audit   'deep-equal': [ '1.0.1' ],
1976 silly audit   'deep-is': [ '0.1.4' ],
1976 silly audit   deepmerge: [ '4.3.1' ],
1976 silly audit   'default-browser': [ '5.4.0' ],
1976 silly audit   'default-browser-id': [ '5.0.1' ],
1976 silly audit   defaults: [ '1.0.4', '2.0.2' ],
1976 silly audit   'define-lazy-prop': [ '2.0.0', '3.0.0' ],
1976 silly audit   'delayed-stream': [ '1.0.0' ],
1976 silly audit   delegates: [ '1.0.0' ],
1976 silly audit   depd: [ '2.0.0', '1.1.2' ],
1976 silly audit   destroy: [ '1.2.0' ],
1976 silly audit   'detect-libc': [ '1.0.3' ],
1976 silly audit   'detect-node': [ '2.1.0' ],
1976 silly audit   'detect-port': [ '1.6.1' ],
1976 silly audit   'dir-glob': [ '3.0.1' ],
1976 silly audit   'dns-packet': [ '5.6.1' ],
1976 silly audit   'dom-serializer': [ '2.0.0', '1.4.1' ],
1976 silly audit   domelementtype: [ '2.3.0' ],
1976 silly audit   domhandler: [ '5.0.3', '4.3.1' ],
1976 silly audit   domutils: [ '3.2.2', '2.8.0' ],
1976 silly audit   'dot-case': [ '3.0.4' ],
1976 silly audit   dotenv: [ '16.4.7' ],
1976 silly audit   'dotenv-expand': [ '11.0.7' ],
1976 silly audit   'dunder-proto': [ '1.0.1' ],
1976 silly audit   'ee-first': [ '1.1.1' ],
1976 silly audit   ejs: [ '3.1.10' ],
1976 silly audit   'electron-to-chromium': [ '1.5.267' ],
1976 silly audit   'emoji-regex': [ '8.0.0', '9.2.2' ],
1976 silly audit   'emojis-list': [ '3.0.0' ],
1976 silly audit   encodeurl: [ '2.0.0' ],
1976 silly audit   encoding: [ '0.1.13' ],
1976 silly audit   'iconv-lite': [ '0.6.3', '0.4.24' ],
1976 silly audit   'end-of-stream': [ '1.4.5' ],
1976 silly audit   'enhanced-resolve': [ '5.18.4' ],
1976 silly audit   enquirer: [ '2.3.6' ],
1976 silly audit   entities: [ '4.5.0', '2.2.0', '6.0.1' ],
1976 silly audit   'env-paths': [ '2.2.1' ],
1976 silly audit   errno: [ '0.1.8' ],
1976 silly audit   'error-ex': [ '1.3.4' ],
1976 silly audit   'error-stack-parser': [ '2.1.4' ],
1976 silly audit   'es-define-property': [ '1.0.1' ],
1976 silly audit   'es-errors': [ '1.3.0' ],
1976 silly audit   'es-module-lexer': [ '1.7.0', '2.0.0' ],
1976 silly audit   'es-object-atoms': [ '1.1.1' ],
1976 silly audit   'es-set-tostringtag': [ '2.1.0' ],
1976 silly audit   esbuild: [ '0.27.2' ],
1976 silly audit   escalade: [ '3.2.0' ],
1976 silly audit   'escape-html': [ '1.0.3' ],
1976 silly audit   'escape-string-regexp': [ '4.0.0', '1.0.5' ],
1976 silly audit   eslint: [ '9.39.2' ],
1976 silly audit   'eslint-scope': [ '8.4.0', '5.1.1' ],
1976 silly audit   espree: [ '10.4.0', '9.6.1' ],
1976 silly audit   esprima: [ '4.0.1' ],
1976 silly audit   esquery: [ '1.7.0' ],
1976 silly audit   esrecurse: [ '4.3.0' ],
1976 silly audit   estraverse: [ '5.3.0', '4.3.0' ],
1976 silly audit   esutils: [ '2.0.3' ],
1976 silly audit   etag: [ '1.8.1' ],
1976 silly audit   eventemitter3: [ '4.0.7' ],
1976 silly audit   events: [ '3.3.0' ],
1976 silly audit   'expand-tilde': [ '2.0.2' ],
1976 silly audit   'expect-type': [ '1.3.0' ],
1976 silly audit   express: [ '4.22.1' ],
1976 silly audit   'fast-deep-equal': [ '3.1.3' ],
1976 silly audit   'fast-glob': [ '3.3.3' ],
1976 silly audit   'fast-json-stable-stringify': [ '2.1.0' ],
1976 silly audit   'fast-levenshtein': [ '2.0.6' ],
1976 silly audit   'fast-uri': [ '3.1.0' ],
1976 silly audit   fastq: [ '1.20.1' ],
1976 silly audit   'faye-websocket': [ '0.11.4' ],
1976 silly audit   fdir: [ '6.5.0' ],
1976 silly audit   figures: [ '3.2.0' ],
1976 silly audit   'file-entry-cache': [ '8.0.0' ],
1976 silly audit   'file-loader': [ '6.2.0' ],
1976 silly audit   'schema-utils': [ '3.3.0', '4.3.3' ],
1976 silly audit   filelist: [ '1.0.4' ],
1976 silly audit   'fill-range': [ '7.1.1' ],
1976 silly audit   finalhandler: [ '1.3.2' ],
1976 silly audit   'find-cache-dir': [ '4.0.0', '3.3.2' ],
1976 silly audit   'find-file-up': [ '2.0.1' ],
1976 silly audit   'find-pkg': [ '2.0.0' ],
1976 silly audit   'find-up': [ '5.0.0', '6.3.0', '4.1.0' ],
1976 silly audit   flat: [ '5.0.2' ],
1976 silly audit   'flat-cache': [ '4.0.1' ],
1976 silly audit   flatted: [ '3.3.3' ],
1976 silly audit   'follow-redirects': [ '1.15.11' ],
1976 silly audit   'fork-ts-checker-webpack-plugin': [ '7.2.13' ],
1976 silly audit   'fs-extra': [ '10.1.0', '9.1.0', '8.1.0' ],
1976 silly audit   'form-data': [ '4.0.5' ],
1976 silly audit   forwarded: [ '0.2.0' ],
1976 silly audit   'fraction.js': [ '5.3.4' ],
1976 silly audit   fresh: [ '0.5.2' ],
1976 silly audit   'front-matter': [ '4.0.2' ],
1976 silly audit   'fs-constants': [ '1.0.0' ],
1976 silly audit   'fs-monkey': [ '1.1.0' ],
1976 silly audit   'fs.realpath': [ '1.0.0' ],
1976 silly audit   fsevents: [ '2.3.3' ],
1976 silly audit   'function-bind': [ '1.1.2' ],
1976 silly audit   'generic-names': [ '4.0.0' ],
1976 silly audit   'loader-utils': [ '3.3.1', '2.0.4' ],
1976 silly audit   gensync: [ '1.0.0-beta.2' ],
1976 silly audit   'get-caller-file': [ '2.0.5' ],
1976 silly audit   'get-east-asian-width': [ '1.4.0' ],
1976 silly audit   'get-intrinsic': [ '1.3.0' ],
1976 silly audit   'get-proto': [ '1.0.1' ],
1976 silly audit   glob: [ '8.1.0' ],
1976 silly audit   'glob-to-regex.js': [ '1.2.0' ],
1976 silly audit   'glob-to-regexp': [ '0.4.1' ],
1976 silly audit   'global-modules': [ '1.0.0' ],
1976 silly audit   'global-prefix': [ '1.0.2' ],
1976 silly audit   which: [ '1.3.1', '2.0.2' ],
1976 silly audit   globals: [ '14.0.0', '15.15.0' ],
1976 silly audit   globby: [ '12.2.0' ],
1976 silly audit   gopd: [ '1.2.0' ],
1976 silly audit   'graceful-fs': [ '4.2.11' ],
1976 silly audit   'handle-thing': [ '2.0.1' ],
1976 silly audit   'has-flag': [ '4.0.0' ],
1976 silly audit   'has-symbols': [ '1.1.0' ],
1976 silly audit   'has-tostringtag': [ '1.0.2' ],
1976 silly audit   hasown: [ '2.0.2' ],
1976 silly audit   he: [ '1.2.0' ],
1976 silly audit   'homedir-polyfill': [ '1.0.3' ],
1976 silly audit   'hpack.js': [ '2.1.6' ],
1976 silly audit   'readable-stream': [ '2.3.8', '3.6.2' ],
1976 silly audit   string_decoder: [ '1.1.1', '1.3.0' ],
1976 silly audit   'html-encoding-sniffer': [ '3.0.0' ],
1976 silly audit   'html-entities': [ '2.6.0' ],
1976 silly audit   'http-assert': [ '1.5.0' ],
1976 silly audit   'http-errors': [ '1.8.1', '2.0.1', '1.6.3' ],
1976 silly audit   statuses: [ '1.5.0', '2.0.2' ],
1976 silly audit   'http-deceiver': [ '1.2.7' ],
1976 silly audit   'http-parser-js': [ '0.5.10' ],
1976 silly audit   'http-proxy': [ '1.18.1' ],
1976 silly audit   'http-server': [ '14.1.1' ],
1976 silly audit   hyperdyperid: [ '1.2.0' ],
1976 silly audit   'icss-replace-symbols': [ '1.1.0' ],
1976 silly audit   'icss-utils': [ '5.1.0' ],
1976 silly audit   ieee754: [ '1.2.1' ],
1976 silly audit   ignore: [ '5.3.2', '7.0.5' ],
1976 silly audit   'image-size': [ '0.5.5' ],
1976 silly audit   immutable: [ '5.1.4' ],
1976 silly audit   'import-cwd': [ '3.0.0' ],
1976 silly audit   'import-fresh': [ '3.3.1' ],
1976 silly audit   'import-from': [ '3.0.0' ],
1976 silly audit   'resolve-from': [ '5.0.0', '4.0.0' ],
1976 silly audit   imurmurhash: [ '0.1.4' ],
1976 silly audit   inflight: [ '1.0.6' ],
1976 silly audit   inherits: [ '2.0.4', '2.0.3' ],
1976 silly audit   ini: [ '1.3.8' ],
1976 silly audit   'ipaddr.js': [ '1.9.1', '2.3.0' ],
1976 silly audit   'is-arrayish': [ '0.2.1' ],
1976 silly audit   'is-binary-path': [ '2.1.0' ],
1976 silly audit   'is-core-module': [ '2.16.1' ],
1976 silly audit   'is-docker': [ '2.2.1', '3.0.0' ],
1976 silly audit   'is-extglob': [ '2.1.1' ],
1976 silly audit   'is-fullwidth-code-point': [ '3.0.0' ],
1976 silly audit   'is-glob': [ '4.0.3' ],
1976 silly audit   'is-inside-container': [ '1.0.0' ],
1976 silly audit   'is-interactive': [ '2.0.0', '1.0.0' ],
1976 silly audit   'is-module': [ '1.0.0' ],
1976 silly audit   'is-network-error': [ '1.3.0' ],
1976 silly audit   'is-number': [ '7.0.0' ],
1976 silly audit   'is-plain-obj': [ '3.0.0', '1.1.0' ],
1976 silly audit   'is-reference': [ '1.2.1' ],
1976 silly audit   'is-unicode-supported': [ '2.1.0', '0.1.0' ],
1976 silly audit   'is-what': [ '3.14.1' ],
1976 silly audit   'is-windows': [ '1.0.2' ],
1976 silly audit   'is-wsl': [ '2.2.0', '3.1.0' ],
1976 silly audit   isarray: [ '1.0.0', '2.0.5' ],
1976 silly audit   isexe: [ '2.0.0' ],
1976 silly audit   isobject: [ '3.0.1' ],
1976 silly audit   'isomorphic-ws': [ '5.0.0' ],
1976 silly audit   jake: [ '10.9.4' ],
1976 silly audit   'jest-diff': [ '30.2.0' ],
1976 silly audit   'jest-util': [ '29.7.0' ],
1976 silly audit   'jest-worker': [ '29.7.0', '27.5.1' ],
1976 silly audit   'supports-color': [ '8.1.1', '7.2.0' ],
1976 silly audit   'js-tokens': [ '4.0.0', '9.0.1' ],
1976 silly audit   jsesc: [ '3.1.0' ],
1976 silly audit   'json-buffer': [ '3.0.1' ],
1976 silly audit   'json-parse-even-better-errors': [ '2.3.1' ],
1976 silly audit   'json-stable-stringify-without-jsonify': [ '1.0.1' ],
1976 silly audit   json5: [ '2.2.3', '1.0.2' ],
1976 silly audit   jsonfile: [ '6.2.0', '4.0.0' ],
1976 silly audit   keygrip: [ '1.1.0' ],
1976 silly audit   keyv: [ '4.5.4' ],
1976 silly audit   'kind-of': [ '6.0.3' ],
1976 silly audit   klona: [ '2.0.6' ],
1976 silly audit   koa: [ '3.0.3' ],
1976 silly audit   'koa-compose': [ '4.1.0' ],
1976 silly audit   'media-typer': [ '1.1.0', '0.3.0' ],
1976 silly audit   'mime-db': [ '1.54.0', '1.52.0' ],
1976 silly audit   'mime-types': [ '3.0.2', '2.1.35' ],
1976 silly audit   'type-is': [ '2.0.1', '1.6.18' ],
1976 silly audit   'launch-editor': [ '2.12.0' ],
1976 silly audit   less: [ '4.5.1' ],
1976 silly audit   'less-loader': [ '11.1.4' ],
1976 silly audit   levn: [ '0.4.1' ],
1976 silly audit   'license-webpack-plugin': [ '4.0.2' ],
1976 silly audit   lilconfig: [ '3.1.3', '2.1.0' ],
1976 silly audit   'lines-and-columns': [ '2.0.3', '1.2.4' ],
1976 silly audit   'loader-runner': [ '4.3.1' ],
1976 silly audit   'locate-path': [ '6.0.0', '7.2.0', '5.0.0' ],
1976 silly audit   'lodash.camelcase': [ '4.3.0' ],
1976 silly audit   'lodash.clonedeepwith': [ '4.5.0' ],
1976 silly audit   'lodash.debounce': [ '4.0.8' ],
1976 silly audit   'lodash.memoize': [ '4.1.2' ],
1976 silly audit   'lodash.merge': [ '4.6.2' ],
1976 silly audit   'lodash.uniq': [ '4.5.0' ],
1976 silly audit   'log-symbols': [ '7.0.1', '4.1.0' ],
1976 silly audit   log4js: [ '6.9.1' ],
1976 silly audit   'long-timeout': [ '0.1.1' ],
1976 silly audit   'loose-envify': [ '1.4.0' ],
1976 silly audit   'lower-case': [ '2.0.2' ],
1976 silly audit   'lru-cache': [ '5.1.1' ],
1976 silly audit   'lucide-react': [ '0.562.0' ],
1976 silly audit   luxon: [ '3.7.2' ],
1976 silly audit   'make-dir': [ '2.1.0', '3.1.0', '4.0.0' ],
1976 silly audit   'math-intrinsics': [ '1.1.0' ],
1976 silly audit   memfs: [ '3.5.3', '4.51.1' ],
1976 silly audit   'merge-descriptors': [ '1.0.3' ],
1976 silly audit   'merge-stream': [ '2.0.0' ],
1976 silly audit   merge2: [ '1.4.1' ],
1976 silly audit   methods: [ '1.1.2' ],
1976 silly audit   micromatch: [ '4.0.8' ],
1976 silly audit   mime: [ '1.6.0' ],
1976 silly audit   'mimic-fn': [ '2.1.0' ],
1976 silly audit   'mimic-function': [ '5.0.1' ],
1976 silly audit   'mini-css-extract-plugin': [ '2.4.7' ],
1976 silly audit   'mini-svg-data-uri': [ '1.4.4' ],
1976 silly audit   'minimalistic-assert': [ '1.0.1' ],
1976 silly audit   minimist: [ '1.2.8' ],
1976 silly audit   'multicast-dns': [ '7.2.5' ],
1976 silly audit   nanoid: [ '3.3.11' ],
1976 silly audit   'natural-compare': [ '1.4.0' ],
1976 silly audit   needle: [ '3.3.1' ],
1976 silly audit   'neo-async': [ '2.6.2' ],
1976 silly audit   'no-case': [ '3.0.4' ],
1976 silly audit   'node-abort-controller': [ '3.1.1' ],
1976 silly audit   'node-addon-api': [ '7.1.1' ],
1976 silly audit   'node-fetch': [ '2.7.0' ],
1976 silly audit   'node-forge': [ '1.3.3' ],
1976 silly audit   'node-machine-id': [ '1.1.12' ],
1976 silly audit   'node-releases': [ '2.0.27' ],
1976 silly audit   'node-schedule': [ '2.1.1' ],
1976 silly audit   'normalize-path': [ '3.0.0' ],
1976 silly audit   'normalize-url': [ '6.1.0', '8.1.1' ],
1976 silly audit   'npm-run-path': [ '4.0.1' ],
1976 silly audit   'nth-check': [ '2.1.1' ],
1976 silly audit   nx: [ '22.3.3' ],
1976 silly audit   ora: [ '5.3.0', '9.0.0' ],
1976 silly audit   'object-inspect': [ '1.13.4' ],
1976 silly audit   obuf: [ '1.1.2' ],
1976 silly audit   obug: [ '2.1.1' ],
1976 silly audit   'on-finished': [ '2.4.1' ],
1976 silly audit   'on-headers': [ '1.1.0' ],
1976 silly audit   once: [ '1.4.0' ],
1976 silly audit   onetime: [ '5.1.2', '7.0.0' ],
1976 silly audit   open: [ '8.4.2', '10.2.0' ],
1976 silly audit   opener: [ '1.5.2' ],
1976 silly audit   optionator: [ '0.9.4' ],
1976 silly audit   'restore-cursor': [ '5.1.0', '3.1.0' ],
1976 silly audit   'signal-exit': [ '4.1.0', '3.0.7' ],
1976 silly audit   'string-width': [ '8.1.0', '4.2.3' ],
1976 silly audit   'strip-ansi': [ '7.1.2', '6.0.1' ],
1976 silly audit   'p-finally': [ '1.0.0' ],
1976 silly audit   'p-limit': [ '3.1.0', '4.0.0', '2.3.0' ],
1976 silly audit   'p-locate': [ '5.0.0', '6.0.0', '4.1.0' ],
1976 silly audit   'p-queue': [ '6.6.2' ],
1976 silly audit   'p-retry': [ '6.2.1' ],
1976 silly audit   'p-timeout': [ '3.2.0' ],
1976 silly audit   'p-try': [ '2.2.0' ],
1976 silly audit   'parent-module': [ '1.0.1' ],
1976 silly audit   'parse-json': [ '5.2.0' ],
1976 silly audit   'parse-node-version': [ '1.0.1' ],
1976 silly audit   'parse-passwd': [ '1.0.0' ],
1976 silly audit   parse5: [ '4.0.0', '7.3.0' ],
1976 silly audit   parseurl: [ '1.3.3' ],
1976 silly audit   'path-exists': [ '4.0.0', '5.0.0' ],
1976 silly audit   'path-key': [ '3.1.1' ],
1976 silly audit   'path-parse': [ '1.0.7' ],
1976 silly audit   'path-to-regexp': [ '0.1.12' ],
1976 silly audit   'path-type': [ '4.0.0' ],
1976 silly audit   pathe: [ '2.0.3' ],
1976 silly audit   picocolors: [ '1.1.1' ],
1976 silly audit   pify: [ '4.0.1', '2.3.0', '5.0.0' ],
1976 silly audit   'pkg-dir': [ '7.0.0', '4.2.0' ],
1976 silly audit   'yocto-queue': [ '1.2.2', '0.1.0' ],
1976 silly audit   portfinder: [ '1.0.38' ],
1976 silly audit   postcss: [ '8.5.6' ],
1976 silly audit   'postcss-calc': [ '9.0.1', '8.2.4' ],
1976 silly audit   'postcss-colormin': [ '6.1.0', '5.3.1' ],
1976 silly audit   'postcss-convert-values': [ '6.1.0', '5.1.3' ],
1976 silly audit   'postcss-discard-comments': [ '6.0.2', '5.1.2' ],
1976 silly audit   'postcss-discard-duplicates': [ '6.0.3', '5.1.0' ],
1976 silly audit   'postcss-discard-empty': [ '6.0.3', '5.1.1' ],
1976 silly audit   'postcss-discard-overridden': [ '6.0.2', '5.1.0' ],
1976 silly audit   'postcss-import': [ '14.1.0' ],
1976 silly audit   'postcss-load-config': [ '3.1.4' ],
1976 silly audit   'postcss-merge-longhand': [ '6.0.5', '5.1.7' ],
1976 silly audit   'postcss-merge-rules': [ '6.1.1', '5.1.4' ],
1976 silly audit   'postcss-minify-font-values': [ '6.1.0', '5.1.0' ],
1976 silly audit   'postcss-minify-gradients': [ '6.0.3', '5.1.1' ],
1976 silly audit   'postcss-minify-params': [ '6.1.0', '5.1.4' ],
1976 silly audit   'postcss-minify-selectors': [ '6.0.4', '5.2.1' ],
1976 silly audit   'postcss-modules': [ '4.3.1' ],
1976 silly audit   'postcss-modules-extract-imports': [ '3.1.0' ],
1976 silly audit   'postcss-modules-local-by-default': [ '4.2.0' ],
1976 silly audit   'postcss-selector-parser': [ '7.1.1', '6.1.2' ],
1976 silly audit   'postcss-modules-scope': [ '3.2.1' ],
1976 silly audit   'postcss-modules-values': [ '4.0.0' ],
1976 silly audit   'postcss-normalize-charset': [ '6.0.2', '5.1.0' ],
1976 silly audit   'postcss-normalize-display-values': [ '6.0.2', '5.1.0' ],
1976 silly audit   'postcss-normalize-positions': [ '6.0.2', '5.1.1' ],
1976 silly audit   'postcss-normalize-repeat-style': [ '6.0.2', '5.1.1' ],
1976 silly audit   'postcss-normalize-string': [ '6.0.2', '5.1.0' ],
1976 silly audit   'postcss-normalize-timing-functions': [ '6.0.2', '5.1.0' ],
1976 silly audit   'postcss-normalize-unicode': [ '6.1.0', '5.1.1' ],
1976 silly audit   'postcss-normalize-url': [ '6.0.2', '5.1.0' ],
1976 silly audit   'postcss-normalize-whitespace': [ '6.0.2', '5.1.1' ],
1976 silly audit   'postcss-ordered-values': [ '6.0.2', '5.1.3' ],
1976 silly audit   'postcss-reduce-initial': [ '6.1.0', '5.1.2' ],
1976 silly audit   'postcss-reduce-transforms': [ '6.0.2', '5.1.0' ],
1976 silly audit   'postcss-svgo': [ '6.0.3', '5.1.0' ],
1976 silly audit   'postcss-unique-selectors': [ '6.0.4', '5.1.1' ],
1976 silly audit   'postcss-value-parser': [ '4.2.0' ],
1976 silly audit   'prelude-ls': [ '1.2.1' ],
1976 silly audit   'pretty-format': [ '30.2.0', '27.5.1' ],
1976 silly audit   'process-nextick-args': [ '2.0.1' ],
1976 silly audit   'promise.series': [ '0.2.0' ],
1976 silly audit   'proxy-addr': [ '2.0.7' ],
1976 silly audit   'proxy-from-env': [ '1.1.0' ],
1976 silly audit   prr: [ '1.0.1' ],
1976 silly audit   punycode: [ '2.3.1' ],
1976 silly audit   qs: [ '6.14.1' ],
1976 silly audit   'queue-microtask': [ '1.2.3' ],
1976 silly audit   rambda: [ '9.4.2' ],
1976 silly audit   randombytes: [ '2.1.0' ],
1976 silly audit   'range-parser': [ '1.2.1' ],
1976 silly audit   'raw-body': [ '2.5.3' ],
1976 silly audit   'react-is': [ '18.3.1', '16.13.1', '17.0.2' ],
1976 silly audit   'react-refresh': [ '0.18.0', '0.17.0' ],
1976 silly audit   'read-cache': [ '1.0.0' ],
1976 silly audit   regenerate: [ '1.4.2' ],
1976 silly audit   'regenerate-unicode-properties': [ '10.2.2' ],
1976 silly audit   'regexpu-core': [ '6.4.0' ],
1976 silly audit   regjsgen: [ '0.8.0' ],
1976 silly audit   regjsparser: [ '0.13.0' ],
1976 silly audit   'require-directory': [ '2.1.1' ],
1976 silly audit   'require-from-string': [ '2.0.2' ],
1976 silly audit   'requires-port': [ '1.0.0' ],
1976 silly audit   'resolve-dir': [ '1.0.1' ],
1976 silly audit   'resolve.exports': [ '2.0.3' ],
1976 silly audit   retry: [ '0.13.1' ],
1976 silly audit   reusify: [ '1.1.0' ],
1976 silly audit   rfdc: [ '1.4.1' ],
1976 silly audit   rollup: [ '4.55.1' ],
1976 silly audit   'rollup-plugin-postcss': [ '4.0.2' ],
1976 silly audit   stylehacks: [ '5.1.1', '6.1.1' ],
1976 silly audit   svgo: [ '2.8.0', '3.3.2' ],
1976 silly audit   'rollup-plugin-typescript2': [ '0.36.0' ],
1976 silly audit   'rollup-pluginutils': [ '2.8.2' ],
1976 silly audit   'run-applescript': [ '7.1.0' ],
1976 silly audit   'run-parallel': [ '1.2.0' ],
1976 silly audit   rxjs: [ '7.8.2' ],
1976 silly audit   'safe-identifier': [ '0.4.2' ],
1976 silly audit   'safer-buffer': [ '2.1.2' ],
1976 silly audit   sass: [ '1.97.1' ],
1976 silly audit   'sass-embedded': [ '1.97.1' ],
1976 silly audit   'sass-embedded-all-unknown': [ '1.97.1' ],
1976 silly audit   'sass-embedded-android-arm': [ '1.97.1' ],
1976 silly audit   'sass-embedded-android-arm64': [ '1.97.1' ],
1976 silly audit   'sass-embedded-android-riscv64': [ '1.97.1' ],
1976 silly audit   'sass-embedded-android-x64': [ '1.97.1' ],
1976 silly audit   'sass-embedded-darwin-arm64': [ '1.97.1' ],
1976 silly audit   'sass-embedded-darwin-x64': [ '1.97.1' ],
1976 silly audit   'sass-embedded-linux-arm': [ '1.97.1' ],
1976 silly audit   'sass-embedded-linux-arm64': [ '1.97.1' ],
1976 silly audit   'sass-embedded-linux-musl-arm': [ '1.97.1' ],
1976 silly audit   'sass-embedded-linux-musl-arm64': [ '1.97.1' ],
1976 silly audit   'sass-embedded-linux-musl-riscv64': [ '1.97.1' ],
1976 silly audit   'sass-embedded-linux-musl-x64': [ '1.97.1' ],
1976 silly audit   'sass-embedded-linux-riscv64': [ '1.97.1' ],
1976 silly audit   'sass-embedded-linux-x64': [ '1.97.1' ],
1976 silly audit   'sass-embedded-unknown-all': [ '1.97.1' ],
1976 silly audit   'sass-embedded-win32-arm64': [ '1.97.1' ],
1976 silly audit   'sass-embedded-win32-x64': [ '1.97.1' ],
1976 silly audit   'sass-loader': [ '16.0.6' ],
1976 silly audit   sax: [ '1.4.3' ],
1976 silly audit   scheduler: [ '0.27.0', '0.23.2' ],
1976 silly audit   'secure-compare': [ '3.0.1' ],
1976 silly audit   'select-hose': [ '2.0.0' ],
1976 silly audit   selfsigned: [ '2.4.1' ],
1976 silly audit   send: [ '0.19.2' ],
1976 silly audit   'serialize-javascript': [ '6.0.2' ],
1976 silly audit   'serve-index': [ '1.9.1' ],
1976 silly audit   setprototypeof: [ '1.1.0', '1.2.0' ],
1976 silly audit   'serve-static': [ '1.16.3' ],
1976 silly audit   'shallow-clone': [ '3.0.1' ],
1976 silly audit   'shebang-command': [ '2.0.0' ],
1976 silly audit   'shebang-regex': [ '3.0.0' ],
1976 silly audit   'shell-quote': [ '1.8.3' ],
1976 silly audit   'side-channel': [ '1.1.0' ],
1976 silly audit   'side-channel-list': [ '1.0.0' ],
1976 silly audit   'side-channel-map': [ '1.0.1' ],
1976 silly audit   'side-channel-weakmap': [ '1.0.2' ],
1976 silly audit   siginfo: [ '2.0.0' ],
1976 silly audit   slash: [ '4.0.0', '3.0.0' ],
1976 silly audit   'snake-case': [ '3.0.4' ],
1976 silly audit   sockjs: [ '0.3.24' ],
1976 silly audit   'sorted-array-functions': [ '1.3.0' ],
1976 silly audit   'source-map-js': [ '1.2.1' ],
1976 silly audit   'source-map-loader': [ '5.0.0' ],
1976 silly audit   'source-map-support': [ '0.5.19', '0.5.21' ],
1976 silly audit   spdy: [ '4.0.2' ],
1976 silly audit   'spdy-transport': [ '3.0.0' ],
1976 silly audit   'sprintf-js': [ '1.0.3' ],
1976 silly audit   stable: [ '0.1.8' ],
1976 silly audit   stackback: [ '0.0.2' ],
1976 silly audit   stackframe: [ '1.3.4' ],
1976 silly audit   'std-env': [ '3.10.0' ],
1976 silly audit   'stdin-discarder': [ '0.2.2' ],
1976 silly audit   streamroller: [ '3.1.5' ],
1976 silly audit   universalify: [ '0.1.2', '2.0.1', '0.2.0' ],
1976 silly audit   'string-hash': [ '1.1.3' ],
1976 silly audit   'strip-bom': [ '3.0.0' ],
1976 silly audit   'strip-json-comments': [ '3.1.1' ],
1976 silly audit   'style-inject': [ '0.3.0' ],
1976 silly audit   'style-loader': [ '3.3.4' ],
1976 silly audit   'supports-preserve-symlinks-flag': [ '1.0.0' ],
1976 silly audit   'svg-parser': [ '2.0.4' ],
1976 silly audit   'sync-child-process': [ '1.0.2' ],
1976 silly audit   'sync-message-port': [ '1.1.3' ],
1976 silly audit   'tailwind-merge': [ '3.4.0' ],
1976 silly audit   tailwindcss: [ '4.1.18' ],
1976 silly audit   tapable: [ '2.3.0' ],
1976 silly audit   'tar-stream': [ '2.2.0', '3.1.7' ],
1976 silly audit   terser: [ '5.44.1' ],
1976 silly audit   'terser-webpack-plugin': [ '5.3.16' ],
1976 silly audit   thingies: [ '2.5.0' ],
1976 silly audit   thunky: [ '1.1.0' ],
1976 silly audit   tinybench: [ '2.9.0' ],
1976 silly audit   tinyexec: [ '1.0.2' ],
1976 silly audit   tinyglobby: [ '0.2.15' ],
1976 silly audit   tinyrainbow: [ '3.0.3' ],
1976 silly audit   tmp: [ '0.2.5' ],
1976 silly audit   'to-regex-range': [ '5.0.1' ],
1976 silly audit   toidentifier: [ '1.0.1' ],
1976 silly audit   tr46: [ '0.0.3', '4.1.1' ],
1976 silly audit   'tree-dump': [ '1.1.0' ],
1976 silly audit   'tree-kill': [ '1.2.2' ],
1976 silly audit   'ts-api-utils': [ '2.4.0' ],
1976 silly audit   'ts-checker-rspack-plugin': [ '1.2.3' ],
1976 silly audit   'ts-loader': [ '9.5.4' ],
1976 silly audit   'tsconfig-paths': [ '4.2.0', '3.15.0' ],
1976 silly audit   'tsconfig-paths-webpack-plugin': [ '4.2.0' ],
1976 silly audit   tslib: [ '2.8.1' ],
1976 silly audit   tsscmp: [ '1.0.6' ],
1976 silly audit   'type-check': [ '0.4.0' ],
1976 silly audit   'typed-assert': [ '1.0.9' ],
1976 silly audit   'unicode-canonical-property-names-ecmascript': [ '2.0.1' ],
1976 silly audit   'unicode-match-property-ecmascript': [ '2.0.0' ],
1976 silly audit   'unicode-match-property-value-ecmascript': [ '2.2.1' ],
1976 silly audit   'unicode-property-aliases-ecmascript': [ '2.2.0' ],
1976 silly audit   union: [ '0.5.0' ],
1976 silly audit   unpipe: [ '1.0.0' ],
1976 silly audit   upath: [ '2.0.1' ],
1976 silly audit   'update-browserslist-db': [ '1.2.3' ],
1976 silly audit   'uri-js': [ '4.4.1' ],
1976 silly audit   'url-join': [ '4.0.1' ],
1976 silly audit   'use-isomorphic-layout-effect': [ '1.2.1' ],
1976 silly audit   'use-sync-external-store': [ '1.6.0' ],
1976 silly audit   'util-deprecate': [ '1.0.2' ],
1976 silly audit   'utils-merge': [ '1.0.1' ],
1976 silly audit   uuid: [ '8.3.2' ],
1976 silly audit   varint: [ '6.0.0' ],
1976 silly audit   vary: [ '1.1.2' ],
1976 silly audit   vite: [ '7.3.0' ],
1976 silly audit   vitest: [ '4.0.16' ],
1976 silly audit   watchpack: [ '2.5.0' ],
1976 silly audit   wbuf: [ '1.7.3' ],
1976 silly audit   wcwidth: [ '1.0.1' ],
1976 silly audit   'webidl-conversions': [ '3.0.1', '7.0.0' ],
1976 silly audit   webpack: [ '5.104.1' ],
1976 silly audit   'webpack-dev-middleware': [ '7.4.5' ],
1976 silly audit   'webpack-dev-server': [ '5.2.2' ],
1976 silly audit   'webpack-merge': [ '5.10.0' ],
1976 silly audit   'webpack-node-externals': [ '3.0.0' ],
1976 silly audit   'webpack-sources': [ '3.3.3' ],
1976 silly audit   'webpack-subresource-integrity': [ '5.1.0' ],
1976 silly audit   'websocket-driver': [ '0.7.4' ],
1976 silly audit   'websocket-extensions': [ '0.1.4' ],
1976 silly audit   'whatwg-encoding': [ '2.0.0' ],
1976 silly audit   'whatwg-url': [ '5.0.0', '12.0.1' ],
1976 silly audit   'why-is-node-running': [ '2.3.0' ],
1976 silly audit   wildcard: [ '2.0.1' ],
1976 silly audit   'word-wrap': [ '1.2.5' ],
1976 silly audit   'wrap-ansi': [ '7.0.0' ],
1976 silly audit   wrappy: [ '1.0.2' ],
1976 silly audit   ws: [ '8.18.0' ],
1976 silly audit   'wsl-utils': [ '0.1.0' ],
1976 silly audit   xstate: [ '5.25.0' ],
1976 silly audit   y18n: [ '5.0.8' ],
1976 silly audit   yallist: [ '3.1.1' ],
1976 silly audit   yargs: [ '17.7.2' ],
1976 silly audit   'yargs-parser': [ '21.1.1' ],
1976 silly audit   yoctocolors: [ '2.1.2' ],
1976 silly audit   '@nx/eslint-plugin': [ '22.3.3' ],
1976 silly audit   '@typescript-eslint/parser': [ '8.52.0' ],
1976 silly audit   '@swc-node/register': [ '1.9.2' ],
1976 silly audit   '@swc/core': [ '1.5.29' ],
1976 silly audit   '@swc/cli': [ '0.6.0' ],
1976 silly audit   '@swc/helpers': [ '0.5.18' ],
1976 silly audit   '@testing-library/dom': [ '10.4.0' ],
1976 silly audit   '@testing-library/react': [ '16.3.0' ],
1976 silly audit   '@types/node': [ '20.19.9' ],
1976 silly audit   '@types/react': [ '18.3.1' ],
1976 silly audit   '@types/react-dom': [ '18.3.0' ],
1976 silly audit   '@vitejs/plugin-react': [ '4.7.0' ],
1976 silly audit   '@vitest/coverage-v8': [ '4.0.16' ],
1976 silly audit   '@vitest/ui': [ '4.0.16' ],
1976 silly audit   'eslint-config-prettier': [ '10.1.8' ],
1976 silly audit   'eslint-plugin-import': [ '2.31.0' ],
1976 silly audit   'eslint-plugin-jsx-a11y': [ '6.10.1' ],
1976 silly audit   'eslint-plugin-react': [ '7.35.0' ],
1976 silly audit   'eslint-plugin-react-hooks': [ '5.0.0' ],
1976 silly audit   jsdom: [ '22.1.0' ],
1976 silly audit   prettier: [ '3.6.2' ],
1976 silly audit   'typescript-eslint': [ '8.52.0' ],
1976 silly audit   'confusing-browser-globals': [ '1.0.11' ],
1976 silly audit   'jsonc-eslint-parser': [ '2.4.2' ],
1976 silly audit   '@swc-node/core': [ '1.14.1' ],
1976 silly audit   '@swc/types': [ '0.1.25' ],
1976 silly audit   '@swc-node/sourcemap-support': [ '0.5.1' ],
1976 silly audit   pirates: [ '4.0.7' ],
1976 silly audit   '@swc/counter': [ '0.1.3' ],
1976 silly audit   '@xhmikosr/bin-wrapper': [ '13.2.0' ],
1976 silly audit   piscina: [ '4.9.2' ],
1976 silly audit   '@swc/core-darwin-arm64': [ '1.5.29' ],
1976 silly audit   '@swc/core-darwin-x64': [ '1.5.29' ],
1976 silly audit   '@swc/core-linux-arm-gnueabihf': [ '1.5.29' ],
1976 silly audit   '@swc/core-linux-arm64-gnu': [ '1.5.29' ],
1976 silly audit   '@swc/core-linux-arm64-musl': [ '1.5.29' ],
1976 silly audit   '@swc/core-linux-x64-gnu': [ '1.5.29' ],
1976 silly audit   '@swc/core-linux-x64-musl': [ '1.5.29' ],
1976 silly audit   '@swc/core-win32-arm64-msvc': [ '1.5.29' ],
1976 silly audit   '@swc/core-win32-ia32-msvc': [ '1.5.29' ],
1976 silly audit   '@swc/core-win32-x64-msvc': [ '1.5.29' ],
1976 silly audit   '@types/aria-query': [ '5.0.4' ],
1976 silly audit   'aria-query': [ '5.3.0', '5.3.2' ],
1976 silly audit   'dom-accessibility-api': [ '0.5.16' ],
1976 silly audit   'lz-string': [ '1.5.0' ],
1976 silly audit   'undici-types': [ '6.21.0' ],
1976 silly audit   '@types/prop-types': [ '15.7.15' ],
1976 silly audit   csstype: [ '3.2.3' ],
1976 silly audit   '@babel/plugin-transform-react-jsx-self': [ '7.27.1' ],
1976 silly audit   '@babel/plugin-transform-react-jsx-source': [ '7.27.1' ],
1976 silly audit   '@rolldown/pluginutils': [ '1.0.0-beta.27' ],
1976 silly audit   '@types/babel__core': [ '7.20.5' ],
1976 silly audit   '@types/babel__generator': [ '7.27.0' ],
1976 silly audit   '@types/babel__template': [ '7.4.4' ],
1976 silly audit   '@types/babel__traverse': [ '7.28.0' ],
1976 silly audit   '@bcoe/v8-coverage': [ '1.0.2' ],
1976 silly audit   'ast-v8-to-istanbul': [ '0.3.10' ],
1976 silly audit   'istanbul-lib-coverage': [ '3.2.2' ],
1976 silly audit   'istanbul-lib-report': [ '3.0.1' ],
1976 silly audit   'istanbul-lib-source-maps': [ '5.0.6' ],
1976 silly audit   'istanbul-reports': [ '3.2.0' ],
1976 silly audit   magicast: [ '0.5.1' ],
1976 silly audit   fflate: [ '0.8.2' ],
1976 silly audit   sirv: [ '3.0.2' ],
1976 silly audit   '@xhmikosr/bin-check': [ '7.1.0' ],
1976 silly audit   '@xhmikosr/downloader': [ '15.2.0' ],
1976 silly audit   '@xhmikosr/os-filter-obj': [ '3.0.0' ],
1976 silly audit   'bin-version-check': [ '5.1.0' ],
1976 silly audit   execa: [ '5.1.1' ],
1976 silly audit   '@xhmikosr/archive-type': [ '7.1.0' ],
1976 silly audit   '@xhmikosr/decompress': [ '10.2.0' ],
1976 silly audit   'ext-name': [ '5.0.0' ],
1976 silly audit   'file-type': [ '20.5.0' ],
1976 silly audit   filenamify: [ '6.0.0' ],
1976 silly audit   'get-stream': [ '6.0.1' ],
1976 silly audit   got: [ '13.0.0' ],
1976 silly audit   '@xhmikosr/decompress-tar': [ '8.1.0' ],
1976 silly audit   '@xhmikosr/decompress-tarbz2': [ '8.1.0' ],
1976 silly audit   '@xhmikosr/decompress-targz': [ '8.1.0' ],
1976 silly audit   '@xhmikosr/decompress-unzip': [ '7.1.0' ],
1976 silly audit   'strip-dirs': [ '3.0.0' ],
1976 silly audit   'is-stream': [ '2.0.1' ],
1976 silly audit   'seek-bzip': [ '2.0.0' ],
1976 silly audit   'unbzip2-stream': [ '1.4.3' ],
1976 silly audit   yauzl: [ '3.2.0' ],
1976 silly audit   arch: [ '3.0.0' ],
1976 silly audit   dequal: [ '2.0.3' ],
1976 silly audit   'bin-version': [ '6.0.0' ],
1976 silly audit   'semver-truncate': [ '3.0.0' ],
1976 silly audit   'find-versions': [ '5.1.0' ],
1976 silly audit   '@rtsao/scc': [ '1.1.0' ],
1976 silly audit   'array-includes': [ '3.1.9' ],
1976 silly audit   'array.prototype.findlastindex': [ '1.2.6' ],
1976 silly audit   'array.prototype.flat': [ '1.3.3' ],
1976 silly audit   'array.prototype.flatmap': [ '1.3.3' ],
1976 silly audit   doctrine: [ '2.1.0' ],
1976 silly audit   'eslint-import-resolver-node': [ '0.3.9' ],
1976 silly audit   'eslint-module-utils': [ '2.12.1' ],
1976 silly audit   'object.fromentries': [ '2.0.8' ],
1976 silly audit   'object.groupby': [ '1.0.3' ],
1976 silly audit   'object.values': [ '1.2.1' ],
1976 silly audit   'string.prototype.trimend': [ '1.0.9' ],
1976 silly audit   'call-bind': [ '1.0.8' ],
1976 silly audit   'define-properties': [ '1.2.1' ],
1976 silly audit   'es-abstract': [ '1.24.1' ],
1976 silly audit   'is-string': [ '1.1.1' ],
1976 silly audit   'es-shim-unscopables': [ '1.1.0' ],
1976 silly audit   'set-function-length': [ '1.2.2' ],
1976 silly audit   'define-data-property': [ '1.1.4' ],
1976 silly audit   'has-property-descriptors': [ '1.0.2' ],
1976 silly audit   'object-keys': [ '1.1.1' ],
1976 silly audit   'array-buffer-byte-length': [ '1.0.2' ],
1976 silly audit   'arraybuffer.prototype.slice': [ '1.0.4' ],
1976 silly audit   'available-typed-arrays': [ '1.0.7' ],
1976 silly audit   'data-view-buffer': [ '1.0.2' ],
1976 silly audit   'data-view-byte-length': [ '1.0.2' ],
1976 silly audit   'data-view-byte-offset': [ '1.0.1' ],
1976 silly audit   'es-to-primitive': [ '1.3.0' ],
1976 silly audit   'function.prototype.name': [ '1.1.8' ],
1976 silly audit   'get-symbol-description': [ '1.1.0' ],
1976 silly audit   globalthis: [ '1.0.4' ],
1976 silly audit   'has-proto': [ '1.2.0' ],
1976 silly audit   'internal-slot': [ '1.1.0' ],
1976 silly audit   'is-array-buffer': [ '3.0.5' ],
1976 silly audit   'is-callable': [ '1.2.7' ],
1976 silly audit   'is-data-view': [ '1.0.2' ],
1976 silly audit   'is-negative-zero': [ '2.0.3' ],
1976 silly audit   'is-regex': [ '1.2.1' ],
1976 silly audit   'is-set': [ '2.0.3' ],
1976 silly audit   'is-shared-array-buffer': [ '1.0.4' ],
1976 silly audit   'is-typed-array': [ '1.1.15' ],
1976 silly audit   'is-weakref': [ '1.1.1' ],
1976 silly audit   'object.assign': [ '4.1.7' ],
1976 silly audit   'own-keys': [ '1.0.1' ],
1976 silly audit   'regexp.prototype.flags': [ '1.5.4' ],
1976 silly audit   'safe-array-concat': [ '1.1.3' ],
1976 silly audit   'safe-push-apply': [ '1.0.0' ],
1976 silly audit   'safe-regex-test': [ '1.1.0' ],
1976 silly audit   'set-proto': [ '1.0.0' ],
1976 silly audit   'stop-iteration-iterator': [ '1.1.0' ],
1976 silly audit   'string.prototype.trim': [ '1.2.10' ],
1976 silly audit   'string.prototype.trimstart': [ '1.0.8' ],
1976 silly audit   'typed-array-buffer': [ '1.0.3' ],
1976 silly audit   'typed-array-byte-length': [ '1.0.3' ],
1976 silly audit   'typed-array-byte-offset': [ '1.0.4' ],
1976 silly audit   'typed-array-length': [ '1.0.7' ],
1976 silly audit   'unbox-primitive': [ '1.1.0' ],
1976 silly audit   'which-typed-array': [ '1.1.19' ],
1976 silly audit   'possible-typed-array-names': [ '1.1.0' ],
1976 silly audit   'is-date-object': [ '1.1.0' ],
1976 silly audit   'is-symbol': [ '1.1.1' ],
1976 silly audit   'ast-types-flow': [ '0.0.8' ],
1976 silly audit   'axe-core': [ '4.11.0' ],
1976 silly audit   'axobject-query': [ '4.1.0' ],
1976 silly audit   'damerau-levenshtein': [ '1.0.8' ],
1976 silly audit   'es-iterator-helpers': [ '1.2.2' ],
1976 silly audit   'jsx-ast-utils': [ '3.3.5' ],
1976 silly audit   'language-tags': [ '1.0.9' ],
1976 silly audit   'string.prototype.includes': [ '2.0.1' ],
1976 silly audit   'iterator.prototype': [ '1.1.5' ],
1976 silly audit   'array.prototype.findlast': [ '1.2.5' ],
1976 silly audit   'array.prototype.tosorted': [ '1.1.4' ],
1976 silly audit   'object.entries': [ '1.1.9' ],
1976 silly audit   'prop-types': [ '15.8.1' ],
1976 silly audit   'string.prototype.matchall': [ '4.0.12' ],
1976 silly audit   'string.prototype.repeat': [ '1.0.0' ],
1976 silly audit   'human-signals': [ '2.1.0' ],
1976 silly audit   'strip-final-newline': [ '2.0.0' ],
1976 silly audit   'ext-list': [ '2.2.2' ],
1976 silly audit   'sort-keys-length': [ '1.0.1' ],
1976 silly audit   '@tokenizer/inflate': [ '0.2.7' ],
1976 silly audit   strtok3: [ '10.3.4' ],
1976 silly audit   'token-types': [ '6.1.2' ],
1976 silly audit   'uint8array-extras': [ '1.5.0' ],
1976 silly audit   'filename-reserved-regex': [ '3.0.0' ],
1976 silly audit   'semver-regex': [ '4.0.5' ],
1976 silly audit   'functions-have-names': [ '1.2.3' ],
1976 silly audit   '@sindresorhus/is': [ '5.6.0' ],
1976 silly audit   '@szmarczak/http-timer': [ '5.0.1' ],
1976 silly audit   'cacheable-lookup': [ '7.0.0' ],
1976 silly audit   'cacheable-request': [ '10.2.14' ],
1976 silly audit   'decompress-response': [ '6.0.0' ],
1976 silly audit   'form-data-encoder': [ '2.1.4' ],
1976 silly audit   'http2-wrapper': [ '2.2.1' ],
1976 silly audit   'lowercase-keys': [ '3.0.0' ],
1976 silly audit   'p-cancelable': [ '3.0.0' ],
1976 silly audit   responselike: [ '3.0.0' ],
1976 silly audit   'defer-to-connect': [ '2.0.1' ],
1976 silly audit   '@types/http-cache-semantics': [ '4.0.4' ],
1976 silly audit   'http-cache-semantics': [ '4.2.0' ],
1976 silly audit   'mimic-response': [ '4.0.0', '3.1.0' ],
1976 silly audit   'quick-lru': [ '5.1.1' ],
1976 silly audit   'resolve-alpn': [ '1.2.1' ],
1976 silly audit   'html-escaper': [ '2.0.2' ],
1976 silly audit   'set-function-name': [ '2.0.2' ],
1976 silly audit   abab: [ '2.0.6' ],
1976 silly audit   cssstyle: [ '3.0.0' ],
1976 silly audit   'data-urls': [ '4.0.0' ],
1976 silly audit   'decimal.js': [ '10.6.0' ],
1976 silly audit   domexception: [ '4.0.0' ],
1976 silly audit   'http-proxy-agent': [ '5.0.0' ],
1976 silly audit   'https-proxy-agent': [ '5.0.1' ],
1976 silly audit   'is-potential-custom-element-name': [ '1.0.1' ],
1976 silly audit   nwsapi: [ '2.2.23' ],
1976 silly audit   'rrweb-cssom': [ '0.6.0' ],
1976 silly audit   saxes: [ '6.0.0' ],
1976 silly audit   'symbol-tree': [ '3.2.4' ],
1976 silly audit   'tough-cookie': [ '4.1.4' ],
1976 silly audit   'w3c-xmlserializer': [ '4.0.0' ],
1976 silly audit   'whatwg-mimetype': [ '3.0.0' ],
1976 silly audit   'xml-name-validator': [ '4.0.0' ],
1976 silly audit   '@tootallnate/once': [ '2.0.0' ],
1976 silly audit   'agent-base': [ '6.0.2' ],
1976 silly audit   'language-subtag-registry': [ '0.3.23' ],
1976 silly audit   '@napi-rs/nice': [ '1.1.1' ],
1976 silly audit   '@napi-rs/nice-android-arm-eabi': [ '1.1.1' ],
1976 silly audit   '@napi-rs/nice-android-arm64': [ '1.1.1' ],
1976 silly audit   '@napi-rs/nice-darwin-arm64': [ '1.1.1' ],
1976 silly audit   '@napi-rs/nice-darwin-x64': [ '1.1.1' ],
1976 silly audit   '@napi-rs/nice-freebsd-x64': [ '1.1.1' ],
1976 silly audit   '@napi-rs/nice-linux-arm-gnueabihf': [ '1.1.1' ],
1976 silly audit   '@napi-rs/nice-linux-arm64-gnu': [ '1.1.1' ],
1976 silly audit   '@napi-rs/nice-linux-arm64-musl': [ '1.1.1' ],
1976 silly audit   '@napi-rs/nice-linux-ppc64-gnu': [ '1.1.1' ],
1976 silly audit   '@napi-rs/nice-linux-riscv64-gnu': [ '1.1.1' ],
1976 silly audit   '@napi-rs/nice-linux-s390x-gnu': [ '1.1.1' ],
1976 silly audit   '@napi-rs/nice-linux-x64-gnu': [ '1.1.1' ],
1976 silly audit   '@napi-rs/nice-linux-x64-musl': [ '1.1.1' ],
1976 silly audit   '@napi-rs/nice-openharmony-arm64': [ '1.1.1' ],
1976 silly audit   '@napi-rs/nice-win32-arm64-msvc': [ '1.1.1' ],
1976 silly audit   '@napi-rs/nice-win32-ia32-msvc': [ '1.1.1' ],
1976 silly audit   '@napi-rs/nice-win32-x64-msvc': [ '1.1.1' ],
1976 silly audit   'object-assign': [ '4.1.1' ],
1976 silly audit   xmlchars: [ '2.2.0' ],
1976 silly audit   '@polka/url': [ '1.0.0-next.29' ],
1976 silly audit   mrmime: [ '2.0.1' ],
1976 silly audit   totalist: [ '3.0.1' ],
1976 silly audit   'sort-keys': [ '1.1.2' ],
1976 silly audit   'inspect-with-kind': [ '1.0.5' ],
1976 silly audit   '@tokenizer/token': [ '0.3.0' ],
1976 silly audit   '@borewit/text-codec': [ '0.2.1' ],
1976 silly audit   psl: [ '1.15.0' ],
1976 silly audit   'url-parse': [ '1.5.10' ],
1976 silly audit   'for-each': [ '0.3.5' ],
1976 silly audit   'reflect.getprototypeof': [ '1.0.10' ],
1976 silly audit   'which-builtin-type': [ '1.2.1' ],
1976 silly audit   '@typescript-eslint/eslint-plugin': [ '8.52.0' ],
1976 silly audit   '@typescript-eslint/type-utils': [ '8.52.0' ],
1976 silly audit   '@typescript-eslint/project-service': [ '8.52.0' ],
1976 silly audit   '@typescript-eslint/tsconfig-utils': [ '8.52.0' ],
1976 silly audit   'has-bigints': [ '1.1.0' ],
1976 silly audit   'which-boxed-primitive': [ '1.1.1' ],
1976 silly audit   through: [ '2.3.8' ],
1976 silly audit   querystringify: [ '2.2.0' ],
1976 silly audit   'is-bigint': [ '1.1.0' ],
1976 silly audit   'is-boolean-object': [ '1.2.2' ],
1976 silly audit   'is-number-object': [ '1.1.1' ],
1976 silly audit   'is-async-function': [ '2.1.1' ],
1976 silly audit   'is-finalizationregistry': [ '1.1.1' ],
1976 silly audit   'is-generator-function': [ '1.1.2' ],
1976 silly audit   'which-collection': [ '1.0.2' ],
1976 silly audit   'async-function': [ '1.0.0' ],
1976 silly audit   'generator-function': [ '2.0.1' ],
1976 silly audit   'is-map': [ '2.0.3' ],
1976 silly audit   'is-weakmap': [ '2.0.2' ],
1976 silly audit   'is-weakset': [ '2.0.4' ],
1976 silly audit   'buffer-crc32': [ '0.2.13' ],
1976 silly audit   pend: [ '1.2.0' ],
1976 silly audit   b4a: [ '1.7.3' ],
1976 silly audit   'fast-fifo': [ '1.3.2' ],
1976 silly audit   streamx: [ '2.23.0' ],
1976 silly audit   'events-universal': [ '1.0.1' ],
1976 silly audit   'text-decoder': [ '1.2.3' ],
1976 silly audit   'bare-events': [ '2.8.2' ],
1976 silly audit   '@types/json5': [ '0.0.29' ]
1976 silly audit }
1977 http cache bare-events@https://registry.npmjs.org/bare-events/-/bare-events-2.8.2.tgz 0ms (cache hit)
1978 http cache @types/json5@https://registry.npmjs.org/@types/json5/-/json5-0.0.29.tgz 0ms (cache hit)
1979 http cache events-universal@https://registry.npmjs.org/events-universal/-/events-universal-1.0.1.tgz 0ms (cache hit)
1980 http cache streamx@https://registry.npmjs.org/streamx/-/streamx-2.23.0.tgz 0ms (cache hit)
1981 http cache fast-fifo@https://registry.npmjs.org/fast-fifo/-/fast-fifo-1.3.2.tgz 0ms (cache hit)
1982 http cache text-decoder@https://registry.npmjs.org/text-decoder/-/text-decoder-1.2.3.tgz 0ms (cache hit)
1983 http cache pend@https://registry.npmjs.org/pend/-/pend-1.2.0.tgz 0ms (cache hit)
1984 http cache buffer-crc32@https://registry.npmjs.org/buffer-crc32/-/buffer-crc32-0.2.13.tgz 0ms (cache hit)
1985 http cache is-weakset@https://registry.npmjs.org/is-weakset/-/is-weakset-2.0.4.tgz 0ms (cache hit)
1986 http cache is-weakmap@https://registry.npmjs.org/is-weakmap/-/is-weakmap-2.0.2.tgz 0ms (cache hit)
1987 http cache is-map@https://registry.npmjs.org/is-map/-/is-map-2.0.3.tgz 0ms (cache hit)
1988 http cache async-function@https://registry.npmjs.org/async-function/-/async-function-1.0.0.tgz 0ms (cache hit)
1989 http cache generator-function@https://registry.npmjs.org/generator-function/-/generator-function-2.0.1.tgz 0ms (cache hit)
1990 http cache is-generator-function@https://registry.npmjs.org/is-generator-function/-/is-generator-function-1.1.2.tgz 0ms (cache hit)
1991 http cache is-finalizationregistry@https://registry.npmjs.org/is-finalizationregistry/-/is-finalizationregistry-1.1.1.tgz 0ms (cache hit)
1992 http cache is-async-function@https://registry.npmjs.org/is-async-function/-/is-async-function-2.1.1.tgz 0ms (cache hit)
1993 http cache is-number-object@https://registry.npmjs.org/is-number-object/-/is-number-object-1.1.1.tgz 0ms (cache hit)
1994 http cache is-boolean-object@https://registry.npmjs.org/is-boolean-object/-/is-boolean-object-1.2.2.tgz 0ms (cache hit)
1995 http cache which-collection@https://registry.npmjs.org/which-collection/-/which-collection-1.0.2.tgz 0ms (cache hit)
1996 http cache querystringify@https://registry.npmjs.org/querystringify/-/querystringify-2.2.0.tgz 0ms (cache hit)
1997 http cache is-bigint@https://registry.npmjs.org/is-bigint/-/is-bigint-1.1.0.tgz 0ms (cache hit)
1998 http cache through@https://registry.npmjs.org/through/-/through-2.3.8.tgz 0ms (cache hit)
1999 http cache which-boxed-primitive@https://registry.npmjs.org/which-boxed-primitive/-/which-boxed-primitive-1.1.1.tgz 0ms (cache hit)
2000 http cache @typescript-eslint/eslint-plugin@https://registry.npmjs.org/@typescript-eslint/eslint-plugin/-/eslint-plugin-8.52.0.tgz 0ms (cache hit)
2001 http cache has-bigints@https://registry.npmjs.org/has-bigints/-/has-bigints-1.1.0.tgz 0ms (cache hit)
2002 http cache for-each@https://registry.npmjs.org/for-each/-/for-each-0.3.5.tgz 0ms (cache hit)
2003 http cache which-builtin-type@https://registry.npmjs.org/which-builtin-type/-/which-builtin-type-1.2.1.tgz 0ms (cache hit)
2004 http cache reflect.getprototypeof@https://registry.npmjs.org/reflect.getprototypeof/-/reflect.getprototypeof-1.0.10.tgz 0ms (cache hit)
2005 http cache url-parse@https://registry.npmjs.org/url-parse/-/url-parse-1.5.10.tgz 0ms (cache hit)
2006 http cache psl@https://registry.npmjs.org/psl/-/psl-1.15.0.tgz 0ms (cache hit)
2007 http cache @tokenizer/token@https://registry.npmjs.org/@tokenizer/token/-/token-0.3.0.tgz 0ms (cache hit)
2008 http cache @borewit/text-codec@https://registry.npmjs.org/@borewit/text-codec/-/text-codec-0.2.1.tgz 0ms (cache hit)
2009 http cache sort-keys@https://registry.npmjs.org/sort-keys/-/sort-keys-1.1.2.tgz 0ms (cache hit)
2010 http cache inspect-with-kind@https://registry.npmjs.org/inspect-with-kind/-/inspect-with-kind-1.0.5.tgz 0ms (cache hit)
2011 http cache xmlchars@https://registry.npmjs.org/xmlchars/-/xmlchars-2.2.0.tgz 0ms (cache hit)
2012 http cache totalist@https://registry.npmjs.org/totalist/-/totalist-3.0.1.tgz 0ms (cache hit)
2013 http cache object-assign@https://registry.npmjs.org/object-assign/-/object-assign-4.1.1.tgz 0ms (cache hit)
2014 http cache @polka/url@https://registry.npmjs.org/@polka/url/-/url-1.0.0-next.29.tgz 0ms (cache hit)
2015 http cache @napi-rs/nice-darwin-arm64@https://registry.npmjs.org/@napi-rs/nice-darwin-arm64/-/nice-darwin-arm64-1.1.1.tgz 0ms (cache hit)
2016 http cache mrmime@https://registry.npmjs.org/mrmime/-/mrmime-2.0.1.tgz 0ms (cache hit)
2017 http cache language-subtag-registry@https://registry.npmjs.org/language-subtag-registry/-/language-subtag-registry-0.3.23.tgz 0ms (cache hit)
2018 http cache @napi-rs/nice@https://registry.npmjs.org/@napi-rs/nice/-/nice-1.1.1.tgz 0ms (cache hit)
2019 http cache agent-base@https://registry.npmjs.org/agent-base/-/agent-base-6.0.2.tgz 0ms (cache hit)
2020 http cache @tootallnate/once@https://registry.npmjs.org/@tootallnate/once/-/once-2.0.0.tgz 0ms (cache hit)
2021 http cache whatwg-mimetype@https://registry.npmjs.org/whatwg-mimetype/-/whatwg-mimetype-3.0.0.tgz 0ms (cache hit)
2022 http cache xml-name-validator@https://registry.npmjs.org/xml-name-validator/-/xml-name-validator-4.0.0.tgz 0ms (cache hit)
2023 http cache w3c-xmlserializer@https://registry.npmjs.org/w3c-xmlserializer/-/w3c-xmlserializer-4.0.0.tgz 0ms (cache hit)
2024 http cache tough-cookie@https://registry.npmjs.org/tough-cookie/-/tough-cookie-4.1.4.tgz 0ms (cache hit)
2025 http cache symbol-tree@https://registry.npmjs.org/symbol-tree/-/symbol-tree-3.2.4.tgz 0ms (cache hit)
2026 http cache rrweb-cssom@https://registry.npmjs.org/rrweb-cssom/-/rrweb-cssom-0.6.0.tgz 0ms (cache hit)
2027 http cache https-proxy-agent@https://registry.npmjs.org/https-proxy-agent/-/https-proxy-agent-5.0.1.tgz 0ms (cache hit)
2028 http cache nwsapi@https://registry.npmjs.org/nwsapi/-/nwsapi-2.2.23.tgz 0ms (cache hit)
2029 http cache is-potential-custom-element-name@https://registry.npmjs.org/is-potential-custom-element-name/-/is-potential-custom-element-name-1.0.1.tgz 0ms (cache hit)
2030 http cache http-proxy-agent@https://registry.npmjs.org/http-proxy-agent/-/http-proxy-agent-5.0.0.tgz 0ms (cache hit)
2031 http cache decimal.js@https://registry.npmjs.org/decimal.js/-/decimal.js-10.6.0.tgz 0ms (cache hit)
2032 http cache data-urls@https://registry.npmjs.org/data-urls/-/data-urls-4.0.0.tgz 0ms (cache hit)
2033 http cache domexception@https://registry.npmjs.org/domexception/-/domexception-4.0.0.tgz 0ms (cache hit)
2034 http cache cssstyle@https://registry.npmjs.org/cssstyle/-/cssstyle-3.0.0.tgz 0ms (cache hit)
2035 http cache html-escaper@https://registry.npmjs.org/html-escaper/-/html-escaper-2.0.2.tgz 0ms (cache hit)
2036 http cache saxes@https://registry.npmjs.org/saxes/-/saxes-6.0.0.tgz 0ms (cache hit)
2037 http cache set-function-name@https://registry.npmjs.org/set-function-name/-/set-function-name-2.0.2.tgz 0ms (cache hit)
2038 http cache abab@https://registry.npmjs.org/abab/-/abab-2.0.6.tgz 0ms (cache hit)
2039 http cache resolve-alpn@https://registry.npmjs.org/resolve-alpn/-/resolve-alpn-1.2.1.tgz 0ms (cache hit)
2040 http cache mimic-response@https://registry.npmjs.org/mimic-response/-/mimic-response-4.0.0.tgz 0ms (cache hit)
2041 http cache http-cache-semantics@https://registry.npmjs.org/http-cache-semantics/-/http-cache-semantics-4.2.0.tgz 0ms (cache hit)
2042 http cache quick-lru@https://registry.npmjs.org/quick-lru/-/quick-lru-5.1.1.tgz 0ms (cache hit)
2043 http cache @types/http-cache-semantics@https://registry.npmjs.org/@types/http-cache-semantics/-/http-cache-semantics-4.0.4.tgz 0ms (cache hit)
2044 http cache defer-to-connect@https://registry.npmjs.org/defer-to-connect/-/defer-to-connect-2.0.1.tgz 0ms (cache hit)
2045 http cache responselike@https://registry.npmjs.org/responselike/-/responselike-3.0.0.tgz 0ms (cache hit)
2046 http cache p-cancelable@https://registry.npmjs.org/p-cancelable/-/p-cancelable-3.0.0.tgz 0ms (cache hit)
2047 http cache http2-wrapper@https://registry.npmjs.org/http2-wrapper/-/http2-wrapper-2.2.1.tgz 0ms (cache hit)
2048 http cache lowercase-keys@https://registry.npmjs.org/lowercase-keys/-/lowercase-keys-3.0.0.tgz 0ms (cache hit)
2049 http cache form-data-encoder@https://registry.npmjs.org/form-data-encoder/-/form-data-encoder-2.1.4.tgz 0ms (cache hit)
2050 http cache decompress-response@https://registry.npmjs.org/decompress-response/-/decompress-response-6.0.0.tgz 0ms (cache hit)
2051 http cache cacheable-lookup@https://registry.npmjs.org/cacheable-lookup/-/cacheable-lookup-7.0.0.tgz 0ms (cache hit)
2052 http cache functions-have-names@https://registry.npmjs.org/functions-have-names/-/functions-have-names-1.2.3.tgz 0ms (cache hit)
2053 http cache @szmarczak/http-timer@https://registry.npmjs.org/@szmarczak/http-timer/-/http-timer-5.0.1.tgz 0ms (cache hit)
2054 http cache @sindresorhus/is@https://registry.npmjs.org/@sindresorhus/is/-/is-5.6.0.tgz 0ms (cache hit)
2055 http cache semver-regex@https://registry.npmjs.org/semver-regex/-/semver-regex-4.0.5.tgz 0ms (cache hit)
2056 http cache uint8array-extras@https://registry.npmjs.org/uint8array-extras/-/uint8array-extras-1.5.0.tgz 0ms (cache hit)
2057 http cache cacheable-request@https://registry.npmjs.org/cacheable-request/-/cacheable-request-10.2.14.tgz 0ms (cache hit)
2058 http cache token-types@https://registry.npmjs.org/token-types/-/token-types-6.1.2.tgz 0ms (cache hit)
2059 http cache filename-reserved-regex@https://registry.npmjs.org/filename-reserved-regex/-/filename-reserved-regex-3.0.0.tgz 0ms (cache hit)
2060 http cache strtok3@https://registry.npmjs.org/strtok3/-/strtok3-10.3.4.tgz 0ms (cache hit)
2061 http cache @tokenizer/inflate@https://registry.npmjs.org/@tokenizer/inflate/-/inflate-0.2.7.tgz 0ms (cache hit)
2062 http cache sort-keys-length@https://registry.npmjs.org/sort-keys-length/-/sort-keys-length-1.0.1.tgz 0ms (cache hit)
2063 http cache strip-final-newline@https://registry.npmjs.org/strip-final-newline/-/strip-final-newline-2.0.0.tgz 0ms (cache hit)
2064 http cache ext-list@https://registry.npmjs.org/ext-list/-/ext-list-2.2.2.tgz 0ms (cache hit)
2065 http cache human-signals@https://registry.npmjs.org/human-signals/-/human-signals-2.1.0.tgz 0ms (cache hit)
2066 http cache string.prototype.matchall@https://registry.npmjs.org/string.prototype.matchall/-/string.prototype.matchall-4.0.12.tgz 0ms (cache hit)
2067 http cache object.entries@https://registry.npmjs.org/object.entries/-/object.entries-1.1.9.tgz 0ms (cache hit)
2068 http cache array.prototype.tosorted@https://registry.npmjs.org/array.prototype.tosorted/-/array.prototype.tosorted-1.1.4.tgz 0ms (cache hit)
2069 http cache string.prototype.repeat@https://registry.npmjs.org/string.prototype.repeat/-/string.prototype.repeat-1.0.0.tgz 0ms (cache hit)
2070 http cache iterator.prototype@https://registry.npmjs.org/iterator.prototype/-/iterator.prototype-1.1.5.tgz 0ms (cache hit)
2071 http cache prop-types@https://registry.npmjs.org/prop-types/-/prop-types-15.8.1.tgz 0ms (cache hit)
2072 http cache string.prototype.includes@https://registry.npmjs.org/string.prototype.includes/-/string.prototype.includes-2.0.1.tgz 0ms (cache hit)
2073 http cache array.prototype.findlast@https://registry.npmjs.org/array.prototype.findlast/-/array.prototype.findlast-1.2.5.tgz 0ms (cache hit)
2074 http cache language-tags@https://registry.npmjs.org/language-tags/-/language-tags-1.0.9.tgz 0ms (cache hit)
2075 http cache es-iterator-helpers@https://registry.npmjs.org/es-iterator-helpers/-/es-iterator-helpers-1.2.2.tgz 0ms (cache hit)
2076 http cache jsx-ast-utils@https://registry.npmjs.org/jsx-ast-utils/-/jsx-ast-utils-3.3.5.tgz 0ms (cache hit)
2077 http cache ast-types-flow@https://registry.npmjs.org/ast-types-flow/-/ast-types-flow-0.0.8.tgz 0ms (cache hit)
2078 http cache axobject-query@https://registry.npmjs.org/axobject-query/-/axobject-query-4.1.0.tgz 0ms (cache hit)
2079 http cache is-symbol@https://registry.npmjs.org/is-symbol/-/is-symbol-1.1.1.tgz 0ms (cache hit)
2080 http cache damerau-levenshtein@https://registry.npmjs.org/damerau-levenshtein/-/damerau-levenshtein-1.0.8.tgz 0ms (cache hit)
2081 http cache is-date-object@https://registry.npmjs.org/is-date-object/-/is-date-object-1.1.0.tgz 0ms (cache hit)
2082 http cache possible-typed-array-names@https://registry.npmjs.org/possible-typed-array-names/-/possible-typed-array-names-1.1.0.tgz 0ms (cache hit)
2083 http cache which-typed-array@https://registry.npmjs.org/which-typed-array/-/which-typed-array-1.1.19.tgz 0ms (cache hit)
2084 http cache axe-core@https://registry.npmjs.org/axe-core/-/axe-core-4.11.0.tgz 0ms (cache hit)
2085 http cache unbox-primitive@https://registry.npmjs.org/unbox-primitive/-/unbox-primitive-1.1.0.tgz 0ms (cache hit)
2086 http cache typed-array-length@https://registry.npmjs.org/typed-array-length/-/typed-array-length-1.0.7.tgz 0ms (cache hit)
2087 http cache typed-array-byte-length@https://registry.npmjs.org/typed-array-byte-length/-/typed-array-byte-length-1.0.3.tgz 0ms (cache hit)
2088 http cache string.prototype.trimstart@https://registry.npmjs.org/string.prototype.trimstart/-/string.prototype.trimstart-1.0.8.tgz 0ms (cache hit)
2089 http cache typed-array-buffer@https://registry.npmjs.org/typed-array-buffer/-/typed-array-buffer-1.0.3.tgz 0ms (cache hit)
2090 http cache string.prototype.trim@https://registry.npmjs.org/string.prototype.trim/-/string.prototype.trim-1.2.10.tgz 0ms (cache hit)
2091 http cache stop-iteration-iterator@https://registry.npmjs.org/stop-iteration-iterator/-/stop-iteration-iterator-1.1.0.tgz 0ms (cache hit)
2092 http cache set-proto@https://registry.npmjs.org/set-proto/-/set-proto-1.0.0.tgz 0ms (cache hit)
2093 http cache typed-array-byte-offset@https://registry.npmjs.org/typed-array-byte-offset/-/typed-array-byte-offset-1.0.4.tgz 0ms (cache hit)
2094 http cache safe-regex-test@https://registry.npmjs.org/safe-regex-test/-/safe-regex-test-1.1.0.tgz 0ms (cache hit)
2095 http cache safe-array-concat@https://registry.npmjs.org/safe-array-concat/-/safe-array-concat-1.1.3.tgz 0ms (cache hit)
2096 http cache safe-push-apply@https://registry.npmjs.org/safe-push-apply/-/safe-push-apply-1.0.0.tgz 0ms (cache hit)
2097 http cache regexp.prototype.flags@https://registry.npmjs.org/regexp.prototype.flags/-/regexp.prototype.flags-1.5.4.tgz 0ms (cache hit)
2098 http cache own-keys@https://registry.npmjs.org/own-keys/-/own-keys-1.0.1.tgz 0ms (cache hit)
2099 http cache is-weakref@https://registry.npmjs.org/is-weakref/-/is-weakref-1.1.1.tgz 0ms (cache hit)
2100 http cache is-typed-array@https://registry.npmjs.org/is-typed-array/-/is-typed-array-1.1.15.tgz 0ms (cache hit)
2101 http cache object.assign@https://registry.npmjs.org/object.assign/-/object.assign-4.1.7.tgz 0ms (cache hit)
2102 http cache is-shared-array-buffer@https://registry.npmjs.org/is-shared-array-buffer/-/is-shared-array-buffer-1.0.4.tgz 0ms (cache hit)
2103 http cache is-regex@https://registry.npmjs.org/is-regex/-/is-regex-1.2.1.tgz 0ms (cache hit)
2104 http cache is-set@https://registry.npmjs.org/is-set/-/is-set-2.0.3.tgz 0ms (cache hit)
2105 http cache is-data-view@https://registry.npmjs.org/is-data-view/-/is-data-view-1.0.2.tgz 0ms (cache hit)
2106 http cache is-callable@https://registry.npmjs.org/is-callable/-/is-callable-1.2.7.tgz 0ms (cache hit)
2107 http cache is-array-buffer@https://registry.npmjs.org/is-array-buffer/-/is-array-buffer-3.0.5.tgz 0ms (cache hit)
2108 http cache internal-slot@https://registry.npmjs.org/internal-slot/-/internal-slot-1.1.0.tgz 0ms (cache hit)
2109 http cache has-proto@https://registry.npmjs.org/has-proto/-/has-proto-1.2.0.tgz 0ms (cache hit)
2110 http cache globalthis@https://registry.npmjs.org/globalthis/-/globalthis-1.0.4.tgz 0ms (cache hit)
2111 http cache get-symbol-description@https://registry.npmjs.org/get-symbol-description/-/get-symbol-description-1.1.0.tgz 0ms (cache hit)
2112 http cache function.prototype.name@https://registry.npmjs.org/function.prototype.name/-/function.prototype.name-1.1.8.tgz 0ms (cache hit)
2113 http cache es-to-primitive@https://registry.npmjs.org/es-to-primitive/-/es-to-primitive-1.3.0.tgz 0ms (cache hit)
2114 http cache data-view-byte-offset@https://registry.npmjs.org/data-view-byte-offset/-/data-view-byte-offset-1.0.1.tgz 0ms (cache hit)
2115 http cache data-view-byte-length@https://registry.npmjs.org/data-view-byte-length/-/data-view-byte-length-1.0.2.tgz 0ms (cache hit)
2116 http cache data-view-buffer@https://registry.npmjs.org/data-view-buffer/-/data-view-buffer-1.0.2.tgz 0ms (cache hit)
2117 http cache available-typed-arrays@https://registry.npmjs.org/available-typed-arrays/-/available-typed-arrays-1.0.7.tgz 0ms (cache hit)
2118 http cache arraybuffer.prototype.slice@https://registry.npmjs.org/arraybuffer.prototype.slice/-/arraybuffer.prototype.slice-1.0.4.tgz 0ms (cache hit)
2119 http cache array-buffer-byte-length@https://registry.npmjs.org/array-buffer-byte-length/-/array-buffer-byte-length-1.0.2.tgz 0ms (cache hit)
2120 http cache object-keys@https://registry.npmjs.org/object-keys/-/object-keys-1.1.1.tgz 0ms (cache hit)
2121 http cache has-property-descriptors@https://registry.npmjs.org/has-property-descriptors/-/has-property-descriptors-1.0.2.tgz 0ms (cache hit)
2122 http cache define-data-property@https://registry.npmjs.org/define-data-property/-/define-data-property-1.1.4.tgz 0ms (cache hit)
2123 http cache set-function-length@https://registry.npmjs.org/set-function-length/-/set-function-length-1.2.2.tgz 0ms (cache hit)
2124 http cache es-abstract@https://registry.npmjs.org/es-abstract/-/es-abstract-1.24.1.tgz 0ms (cache hit)
2125 http cache is-negative-zero@https://registry.npmjs.org/is-negative-zero/-/is-negative-zero-2.0.3.tgz 0ms (cache hit)
2126 http cache is-string@https://registry.npmjs.org/is-string/-/is-string-1.1.1.tgz 0ms (cache hit)
2127 http cache es-shim-unscopables@https://registry.npmjs.org/es-shim-unscopables/-/es-shim-unscopables-1.1.0.tgz 0ms (cache hit)
2128 http cache call-bind@https://registry.npmjs.org/call-bind/-/call-bind-1.0.8.tgz 0ms (cache hit)
2129 http cache string.prototype.trimend@https://registry.npmjs.org/string.prototype.trimend/-/string.prototype.trimend-1.0.9.tgz 0ms (cache hit)
2130 http cache define-properties@https://registry.npmjs.org/define-properties/-/define-properties-1.2.1.tgz 0ms (cache hit)
2131 http cache object.values@https://registry.npmjs.org/object.values/-/object.values-1.2.1.tgz 0ms (cache hit)
2132 http cache object.fromentries@https://registry.npmjs.org/object.fromentries/-/object.fromentries-2.0.8.tgz 0ms (cache hit)
2133 http cache doctrine@https://registry.npmjs.org/doctrine/-/doctrine-2.1.0.tgz 0ms (cache hit)
2134 http cache eslint-import-resolver-node@https://registry.npmjs.org/eslint-import-resolver-node/-/eslint-import-resolver-node-0.3.9.tgz 0ms (cache hit)
2135 http cache object.groupby@https://registry.npmjs.org/object.groupby/-/object.groupby-1.0.3.tgz 0ms (cache hit)
2136 http cache array.prototype.flatmap@https://registry.npmjs.org/array.prototype.flatmap/-/array.prototype.flatmap-1.3.3.tgz 0ms (cache hit)
2137 http cache eslint-module-utils@https://registry.npmjs.org/eslint-module-utils/-/eslint-module-utils-2.12.1.tgz 0ms (cache hit)
2138 http cache array.prototype.findlastindex@https://registry.npmjs.org/array.prototype.findlastindex/-/array.prototype.findlastindex-1.2.6.tgz 0ms (cache hit)
2139 http cache array.prototype.flat@https://registry.npmjs.org/array.prototype.flat/-/array.prototype.flat-1.3.3.tgz 0ms (cache hit)
2140 http cache array-includes@https://registry.npmjs.org/array-includes/-/array-includes-3.1.9.tgz 0ms (cache hit)
2141 http cache @rtsao/scc@https://registry.npmjs.org/@rtsao/scc/-/scc-1.1.0.tgz 0ms (cache hit)
2142 http cache find-versions@https://registry.npmjs.org/find-versions/-/find-versions-5.1.0.tgz 0ms (cache hit)
2143 http cache bin-version@https://registry.npmjs.org/bin-version/-/bin-version-6.0.0.tgz 0ms (cache hit)
2144 http cache arch@https://registry.npmjs.org/arch/-/arch-3.0.0.tgz 0ms (cache hit)
2145 http cache yauzl@https://registry.npmjs.org/yauzl/-/yauzl-3.2.0.tgz 0ms (cache hit)
2146 http cache unbzip2-stream@https://registry.npmjs.org/unbzip2-stream/-/unbzip2-stream-1.4.3.tgz 0ms (cache hit)
2147 http cache semver-truncate@https://registry.npmjs.org/semver-truncate/-/semver-truncate-3.0.0.tgz 0ms (cache hit)
2148 http cache is-stream@https://registry.npmjs.org/is-stream/-/is-stream-2.0.1.tgz 0ms (cache hit)
2149 http cache @xhmikosr/decompress-unzip@https://registry.npmjs.org/@xhmikosr/decompress-unzip/-/decompress-unzip-7.1.0.tgz 0ms (cache hit)
2150 http cache seek-bzip@https://registry.npmjs.org/seek-bzip/-/seek-bzip-2.0.0.tgz 0ms (cache hit)
2151 http cache strip-dirs@https://registry.npmjs.org/strip-dirs/-/strip-dirs-3.0.0.tgz 0ms (cache hit)
2152 http cache @xhmikosr/decompress-tarbz2@https://registry.npmjs.org/@xhmikosr/decompress-tarbz2/-/decompress-tarbz2-8.1.0.tgz 0ms (cache hit)
2153 http cache dequal@https://registry.npmjs.org/dequal/-/dequal-2.0.3.tgz 0ms (cache hit)
2154 http cache @xhmikosr/decompress-tar@https://registry.npmjs.org/@xhmikosr/decompress-tar/-/decompress-tar-8.1.0.tgz 0ms (cache hit)
2155 http cache @xhmikosr/decompress-targz@https://registry.npmjs.org/@xhmikosr/decompress-targz/-/decompress-targz-8.1.0.tgz 0ms (cache hit)
2156 http cache get-stream@https://registry.npmjs.org/get-stream/-/get-stream-6.0.1.tgz 0ms (cache hit)
2157 http cache filenamify@https://registry.npmjs.org/filenamify/-/filenamify-6.0.0.tgz 0ms (cache hit)
2158 http cache got@https://registry.npmjs.org/got/-/got-13.0.0.tgz 0ms (cache hit)
2159 http cache @xhmikosr/decompress@https://registry.npmjs.org/@xhmikosr/decompress/-/decompress-10.2.0.tgz 0ms (cache hit)
2160 http cache execa@https://registry.npmjs.org/execa/-/execa-5.1.1.tgz 0ms (cache hit)
2161 http cache @xhmikosr/archive-type@https://registry.npmjs.org/@xhmikosr/archive-type/-/archive-type-7.1.0.tgz 0ms (cache hit)
2162 http cache file-type@https://registry.npmjs.org/file-type/-/file-type-20.5.0.tgz 0ms (cache hit)
2163 http cache bin-version-check@https://registry.npmjs.org/bin-version-check/-/bin-version-check-5.1.0.tgz 0ms (cache hit)
2164 http cache @xhmikosr/os-filter-obj@https://registry.npmjs.org/@xhmikosr/os-filter-obj/-/os-filter-obj-3.0.0.tgz 0ms (cache hit)
2165 http cache @xhmikosr/bin-check@https://registry.npmjs.org/@xhmikosr/bin-check/-/bin-check-7.1.0.tgz 0ms (cache hit)
2166 http cache @xhmikosr/downloader@https://registry.npmjs.org/@xhmikosr/downloader/-/downloader-15.2.0.tgz 0ms (cache hit)
2167 http cache ext-name@https://registry.npmjs.org/ext-name/-/ext-name-5.0.0.tgz 0ms (cache hit)
2168 http cache sirv@https://registry.npmjs.org/sirv/-/sirv-3.0.2.tgz 0ms (cache hit)
2169 http cache magicast@https://registry.npmjs.org/magicast/-/magicast-0.5.1.tgz 0ms (cache hit)
2170 http cache fflate@https://registry.npmjs.org/fflate/-/fflate-0.8.2.tgz 0ms (cache hit)
2171 http cache istanbul-lib-source-maps@https://registry.npmjs.org/istanbul-lib-source-maps/-/istanbul-lib-source-maps-5.0.6.tgz 0ms (cache hit)
2172 http cache istanbul-reports@https://registry.npmjs.org/istanbul-reports/-/istanbul-reports-3.2.0.tgz 0ms (cache hit)
2173 http cache istanbul-lib-coverage@https://registry.npmjs.org/istanbul-lib-coverage/-/istanbul-lib-coverage-3.2.2.tgz 0ms (cache hit)
2174 http cache istanbul-lib-report@https://registry.npmjs.org/istanbul-lib-report/-/istanbul-lib-report-3.0.1.tgz 0ms (cache hit)
2175 http cache @bcoe/v8-coverage@https://registry.npmjs.org/@bcoe/v8-coverage/-/v8-coverage-1.0.2.tgz 0ms (cache hit)
2176 http cache ast-v8-to-istanbul@https://registry.npmjs.org/ast-v8-to-istanbul/-/ast-v8-to-istanbul-0.3.10.tgz 0ms (cache hit)
2177 http cache @types/babel__traverse@https://registry.npmjs.org/@types/babel__traverse/-/babel__traverse-7.28.0.tgz 0ms (cache hit)
2178 http cache @rolldown/pluginutils@https://registry.npmjs.org/@rolldown/pluginutils/-/pluginutils-1.0.0-beta.27.tgz 0ms (cache hit)
2179 http cache @types/babel__template@https://registry.npmjs.org/@types/babel__template/-/babel__template-7.4.4.tgz 0ms (cache hit)
2180 http cache @types/babel__generator@https://registry.npmjs.org/@types/babel__generator/-/babel__generator-7.27.0.tgz 0ms (cache hit)
2181 http cache @types/prop-types@https://registry.npmjs.org/@types/prop-types/-/prop-types-15.7.15.tgz 0ms (cache hit)
2182 http cache @babel/plugin-transform-react-jsx-self@https://registry.npmjs.org/@babel/plugin-transform-react-jsx-self/-/plugin-transform-react-jsx-self-7.27.1.tgz 0ms (cache hit)
2183 http cache @types/babel__core@https://registry.npmjs.org/@types/babel__core/-/babel__core-7.20.5.tgz 0ms (cache hit)
2184 http cache csstype@https://registry.npmjs.org/csstype/-/csstype-3.2.3.tgz 0ms (cache hit)
2185 http cache @babel/plugin-transform-react-jsx-source@https://registry.npmjs.org/@babel/plugin-transform-react-jsx-source/-/plugin-transform-react-jsx-source-7.27.1.tgz 0ms (cache hit)
2186 http cache lz-string@https://registry.npmjs.org/lz-string/-/lz-string-1.5.0.tgz 0ms (cache hit)
2187 http cache dom-accessibility-api@https://registry.npmjs.org/dom-accessibility-api/-/dom-accessibility-api-0.5.16.tgz 0ms (cache hit)
2188 http cache aria-query@https://registry.npmjs.org/aria-query/-/aria-query-5.3.0.tgz 0ms (cache hit)
2189 http cache @types/aria-query@https://registry.npmjs.org/@types/aria-query/-/aria-query-5.0.4.tgz 0ms (cache hit)
2190 http cache @swc/core-darwin-arm64@https://registry.npmjs.org/@swc/core-darwin-arm64/-/core-darwin-arm64-1.5.29.tgz 0ms (cache hit)
2191 http cache @xhmikosr/bin-wrapper@https://registry.npmjs.org/@xhmikosr/bin-wrapper/-/bin-wrapper-13.2.0.tgz 0ms (cache hit)
2192 http cache pirates@https://registry.npmjs.org/pirates/-/pirates-4.0.7.tgz 0ms (cache hit)
2193 http cache piscina@https://registry.npmjs.org/piscina/-/piscina-4.9.2.tgz 0ms (cache hit)
2194 http cache @swc-node/sourcemap-support@https://registry.npmjs.org/@swc-node/sourcemap-support/-/sourcemap-support-0.5.1.tgz 0ms (cache hit)
2195 http cache jsonc-eslint-parser@https://registry.npmjs.org/jsonc-eslint-parser/-/jsonc-eslint-parser-2.4.2.tgz 0ms (cache hit)
2196 http cache @swc/types@https://registry.npmjs.org/@swc/types/-/types-0.1.25.tgz 0ms (cache hit)
2197 http cache typescript-eslint@https://registry.npmjs.org/typescript-eslint/-/typescript-eslint-8.52.0.tgz 0ms (cache hit)
2198 http cache @swc/counter@https://registry.npmjs.org/@swc/counter/-/counter-0.1.3.tgz 0ms (cache hit)
2199 http cache prettier@https://registry.npmjs.org/prettier/-/prettier-3.6.2.tgz 0ms (cache hit)
2200 http cache confusing-browser-globals@https://registry.npmjs.org/confusing-browser-globals/-/confusing-browser-globals-1.0.11.tgz 0ms (cache hit)
2201 http cache jsdom@https://registry.npmjs.org/jsdom/-/jsdom-22.1.0.tgz 0ms (cache hit)
2202 http cache eslint-plugin-react-hooks@https://registry.npmjs.org/eslint-plugin-react-hooks/-/eslint-plugin-react-hooks-5.0.0.tgz 0ms (cache hit)
2203 http cache eslint-plugin-react@https://registry.npmjs.org/eslint-plugin-react/-/eslint-plugin-react-7.35.0.tgz 0ms (cache hit)
2204 http cache eslint-plugin-import@https://registry.npmjs.org/eslint-plugin-import/-/eslint-plugin-import-2.31.0.tgz 0ms (cache hit)
2205 http cache @vitest/ui@https://registry.npmjs.org/@vitest/ui/-/ui-4.0.16.tgz 0ms (cache hit)
2206 http cache @vitest/coverage-v8@https://registry.npmjs.org/@vitest/coverage-v8/-/coverage-v8-4.0.16.tgz 0ms (cache hit)
2207 http cache eslint-config-prettier@https://registry.npmjs.org/eslint-config-prettier/-/eslint-config-prettier-10.1.8.tgz 0ms (cache hit)
2208 http cache @vitejs/plugin-react@https://registry.npmjs.org/@vitejs/plugin-react/-/plugin-react-4.7.0.tgz 0ms (cache hit)
2209 http cache @types/react-dom@https://registry.npmjs.org/@types/react-dom/-/react-dom-18.3.0.tgz 0ms (cache hit)
2210 http cache eslint-plugin-jsx-a11y@https://registry.npmjs.org/eslint-plugin-jsx-a11y/-/eslint-plugin-jsx-a11y-6.10.1.tgz 0ms (cache hit)
2211 http cache @types/react@https://registry.npmjs.org/@types/react/-/react-18.3.1.tgz 0ms (cache hit)
2212 http cache react-dom@https://registry.npmjs.org/react-dom/-/react-dom-18.3.1.tgz 0ms (cache hit)
2213 http cache @testing-library/dom@https://registry.npmjs.org/@testing-library/dom/-/dom-10.4.0.tgz 1ms (cache hit)
2214 http cache @swc/cli@https://registry.npmjs.org/@swc/cli/-/cli-0.6.0.tgz 0ms (cache hit)
2215 http cache @swc/helpers@https://registry.npmjs.org/@swc/helpers/-/helpers-0.5.18.tgz 0ms (cache hit)
2216 http cache @swc-node/register@https://registry.npmjs.org/@swc-node/register/-/register-1.9.2.tgz 0ms (cache hit)
2217 http cache @typescript-eslint/parser@https://registry.npmjs.org/@typescript-eslint/parser/-/parser-8.52.0.tgz 0ms (cache hit)
2218 http cache undici-types@https://registry.npmjs.org/undici-types/-/undici-types-6.21.0.tgz 0ms (cache hit)
2219 http cache @nx/eslint-plugin@https://registry.npmjs.org/@nx/eslint-plugin/-/eslint-plugin-22.3.3.tgz 0ms (cache hit)
2220 http cache @swc/core@https://registry.npmjs.org/@swc/core/-/core-1.5.29.tgz 0ms (cache hit)
2221 http cache typescript@https://registry.npmjs.org/typescript/-/typescript-5.9.3.tgz 0ms (cache hit)
2222 http cache @typescript-eslint/visitor-keys@https://registry.npmjs.org/@typescript-eslint/visitor-keys/-/visitor-keys-8.52.0.tgz 0ms (cache hit)
2223 http cache @typescript-eslint/typescript-estree@https://registry.npmjs.org/@typescript-eslint/typescript-estree/-/typescript-estree-8.52.0.tgz 0ms (cache hit)
2224 http cache @typescript-eslint/utils@https://registry.npmjs.org/@typescript-eslint/utils/-/utils-8.52.0.tgz 0ms (cache hit)
2225 http cache @testing-library/react@https://registry.npmjs.org/@testing-library/react/-/react-16.3.0.tgz 0ms (cache hit)
2226 http cache @typescript-eslint/types@https://registry.npmjs.org/@typescript-eslint/types/-/types-8.52.0.tgz 0ms (cache hit)
2227 http cache @typescript-eslint/tsconfig-utils@https://registry.npmjs.org/@typescript-eslint/tsconfig-utils/-/tsconfig-utils-8.52.0.tgz 0ms (cache hit)
2228 http cache @typescript-eslint/project-service@https://registry.npmjs.org/@typescript-eslint/project-service/-/project-service-8.52.0.tgz 0ms (cache hit)
2229 http cache @typescript-eslint/scope-manager@https://registry.npmjs.org/@typescript-eslint/scope-manager/-/scope-manager-8.52.0.tgz 0ms (cache hit)
2230 http cache @types/node@https://registry.npmjs.org/@types/node/-/node-20.19.9.tgz 0ms (cache hit)
2231 http cache ignore@https://registry.npmjs.org/ignore/-/ignore-7.0.5.tgz 0ms (cache hit)
2232 http cache isarray@https://registry.npmjs.org/isarray/-/isarray-2.0.5.tgz 0ms (cache hit)
2233 http cache b4a@https://registry.npmjs.org/b4a/-/b4a-1.7.3.tgz 0ms (cache hit)
2234 http cache is-plain-obj@https://registry.npmjs.org/is-plain-obj/-/is-plain-obj-1.1.0.tgz 0ms (cache hit)
2235 http cache universalify@https://registry.npmjs.org/universalify/-/universalify-0.2.0.tgz 0ms (cache hit)
2236 http cache webidl-conversions@https://registry.npmjs.org/webidl-conversions/-/webidl-conversions-7.0.0.tgz 0ms (cache hit)
2237 http cache webidl-conversions@https://registry.npmjs.org/webidl-conversions/-/webidl-conversions-7.0.0.tgz 0ms (cache hit)
2238 http cache whatwg-url@https://registry.npmjs.org/whatwg-url/-/whatwg-url-12.0.1.tgz 0ms (cache hit)
2239 http cache tr46@https://registry.npmjs.org/tr46/-/tr46-4.1.1.tgz 0ms (cache hit)
2240 http cache mimic-response@https://registry.npmjs.org/mimic-response/-/mimic-response-3.1.0.tgz 0ms (cache hit)
2241 http cache react-is@https://registry.npmjs.org/react-is/-/react-is-16.13.1.tgz 0ms (cache hit)
2242 http cache @typescript-eslint/type-utils@https://registry.npmjs.org/@typescript-eslint/type-utils/-/type-utils-8.52.0.tgz 0ms (cache hit)
2243 http cache normalize-url@https://registry.npmjs.org/normalize-url/-/normalize-url-8.1.1.tgz 0ms (cache hit)
2244 http cache isarray@https://registry.npmjs.org/isarray/-/isarray-2.0.5.tgz 0ms (cache hit)
2245 http cache debug@https://registry.npmjs.org/debug/-/debug-3.2.7.tgz 0ms (cache hit)
2246 http cache commander@https://registry.npmjs.org/commander/-/commander-6.2.1.tgz 0ms (cache hit)
2247 http cache isarray@https://registry.npmjs.org/isarray/-/isarray-2.0.5.tgz 0ms (cache hit)
2248 http cache is-plain-obj@https://registry.npmjs.org/is-plain-obj/-/is-plain-obj-1.1.0.tgz 0ms (cache hit)
2249 http cache debug@https://registry.npmjs.org/debug/-/debug-3.2.7.tgz 0ms (cache hit)
2250 http cache make-dir@https://registry.npmjs.org/make-dir/-/make-dir-4.0.0.tgz 0ms (cache hit)
2251 http cache tar-stream@https://registry.npmjs.org/tar-stream/-/tar-stream-3.1.7.tgz 0ms (cache hit)
2252 http cache defaults@https://registry.npmjs.org/defaults/-/defaults-2.0.2.tgz 0ms (cache hit)
2253 http cache js-tokens@https://registry.npmjs.org/js-tokens/-/js-tokens-9.0.1.tgz 0ms (cache hit)
2254 http cache source-map@https://registry.npmjs.org/source-map/-/source-map-0.6.1.tgz 0ms (cache hit)
2255 http cache estree-walker@https://registry.npmjs.org/estree-walker/-/estree-walker-3.0.3.tgz 0ms (cache hit)
2256 http cache b4a@https://registry.npmjs.org/b4a/-/b4a-1.7.3.tgz 0ms (cache hit)
2257 http cache source-map-support@https://registry.npmjs.org/source-map-support/-/source-map-support-0.5.21.tgz 0ms (cache hit)
2258 http cache entities@https://registry.npmjs.org/entities/-/entities-6.0.1.tgz 0ms (cache hit)
2259 http cache whatwg-url@https://registry.npmjs.org/whatwg-url/-/whatwg-url-12.0.1.tgz 0ms (cache hit)
2260 http cache webidl-conversions@https://registry.npmjs.org/webidl-conversions/-/webidl-conversions-7.0.0.tgz 0ms (cache hit)
2261 http cache parse5@https://registry.npmjs.org/parse5/-/parse5-7.3.0.tgz 0ms (cache hit)
2262 http cache tr46@https://registry.npmjs.org/tr46/-/tr46-4.1.1.tgz 0ms (cache hit)
2263 http cache semver@https://registry.npmjs.org/semver/-/semver-6.3.1.tgz 0ms (cache hit)
2264 http cache brace-expansion@https://registry.npmjs.org/brace-expansion/-/brace-expansion-1.1.12.tgz 0ms (cache hit)
2265 http cache resolve@https://registry.npmjs.org/resolve/-/resolve-2.0.0-next.5.tgz 0ms (cache hit)
2266 http cache espree@https://registry.npmjs.org/espree/-/espree-9.6.1.tgz 0ms (cache hit)
2267 http cache minimatch@https://registry.npmjs.org/minimatch/-/minimatch-3.1.2.tgz 0ms (cache hit)
2268 http cache brace-expansion@https://registry.npmjs.org/brace-expansion/-/brace-expansion-1.1.12.tgz 0ms (cache hit)
2269 http cache emoji-regex@https://registry.npmjs.org/emoji-regex/-/emoji-regex-9.2.2.tgz 0ms (cache hit)
2270 http cache minimatch@https://registry.npmjs.org/minimatch/-/minimatch-3.1.2.tgz 0ms (cache hit)
2271 http cache tsconfig-paths@https://registry.npmjs.org/tsconfig-paths/-/tsconfig-paths-3.15.0.tgz 0ms (cache hit)
2272 http cache json5@https://registry.npmjs.org/json5/-/json5-1.0.2.tgz 0ms (cache hit)
2273 http cache aria-query@https://registry.npmjs.org/aria-query/-/aria-query-5.3.2.tgz 0ms (cache hit)
2274 http cache brace-expansion@https://registry.npmjs.org/brace-expansion/-/brace-expansion-1.1.12.tgz 0ms (cache hit)
2275 http cache minimatch@https://registry.npmjs.org/minimatch/-/minimatch-3.1.2.tgz 0ms (cache hit)
2276 http cache scheduler@https://registry.npmjs.org/scheduler/-/scheduler-0.23.2.tgz 0ms (cache hit)
2277 http cache semver@https://registry.npmjs.org/semver/-/semver-6.3.1.tgz 0ms (cache hit)
2278 http cache react-refresh@https://registry.npmjs.org/react-refresh/-/react-refresh-0.17.0.tgz 0ms (cache hit)
2279 http cache debug@https://registry.npmjs.org/debug/-/debug-3.2.7.tgz 0ms (cache hit)
2280 http cache pretty-format@https://registry.npmjs.org/pretty-format/-/pretty-format-27.5.1.tgz 0ms (cache hit)
2281 http cache react-is@https://registry.npmjs.org/react-is/-/react-is-17.0.2.tgz 0ms (cache hit)
2282 http cache chalk@https://registry.npmjs.org/chalk/-/chalk-4.1.2.tgz 0ms (cache hit)
2283 http cache ansi-styles@https://registry.npmjs.org/ansi-styles/-/ansi-styles-5.2.0.tgz 0ms (cache hit)
2284 http cache slash@https://registry.npmjs.org/slash/-/slash-3.0.0.tgz 0ms (cache hit)
2285 http cache commander@https://registry.npmjs.org/commander/-/commander-8.3.0.tgz 0ms (cache hit)
2286 silly tarball no local data for bare-events@https://registry.npmjs.org/bare-events/-/bare-events-2.8.2.tgz. Extracting by manifest.
2287 silly tarball no local data for @types/json5@https://registry.npmjs.org/@types/json5/-/json5-0.0.29.tgz. Extracting by manifest.
2288 http cache globals@https://registry.npmjs.org/globals/-/globals-15.15.0.tgz 0ms (cache hit)
2289 silly tarball no local data for events-universal@https://registry.npmjs.org/events-universal/-/events-universal-1.0.1.tgz. Extracting by manifest.
2290 http cache @swc-node/core@https://registry.npmjs.org/@swc-node/core/-/core-1.14.1.tgz 0ms (cache hit)
2291 silly tarball no local data for streamx@https://registry.npmjs.org/streamx/-/streamx-2.23.0.tgz. Extracting by manifest.
2292 silly tarball no local data for fast-fifo@https://registry.npmjs.org/fast-fifo/-/fast-fifo-1.3.2.tgz. Extracting by manifest.
2293 http cache chalk@https://registry.npmjs.org/chalk/-/chalk-4.1.2.tgz 0ms (cache hit)
2294 silly tarball no local data for text-decoder@https://registry.npmjs.org/text-decoder/-/text-decoder-1.2.3.tgz. Extracting by manifest.
2295 silly tarball no local data for pend@https://registry.npmjs.org/pend/-/pend-1.2.0.tgz. Extracting by manifest.
2296 silly tarball no local data for buffer-crc32@https://registry.npmjs.org/buffer-crc32/-/buffer-crc32-0.2.13.tgz. Extracting by manifest.
2297 silly tarball no local data for is-weakset@https://registry.npmjs.org/is-weakset/-/is-weakset-2.0.4.tgz. Extracting by manifest.
2298 silly tarball no local data for is-weakmap@https://registry.npmjs.org/is-weakmap/-/is-weakmap-2.0.2.tgz. Extracting by manifest.
2299 silly tarball no local data for is-map@https://registry.npmjs.org/is-map/-/is-map-2.0.3.tgz. Extracting by manifest.
2300 silly tarball no local data for async-function@https://registry.npmjs.org/async-function/-/async-function-1.0.0.tgz. Extracting by manifest.
2301 silly tarball no local data for generator-function@https://registry.npmjs.org/generator-function/-/generator-function-2.0.1.tgz. Extracting by manifest.
2302 silly tarball no local data for is-generator-function@https://registry.npmjs.org/is-generator-function/-/is-generator-function-1.1.2.tgz. Extracting by manifest.
2303 silly tarball no local data for is-finalizationregistry@https://registry.npmjs.org/is-finalizationregistry/-/is-finalizationregistry-1.1.1.tgz. Extracting by manifest.
2304 silly tarball no local data for is-async-function@https://registry.npmjs.org/is-async-function/-/is-async-function-2.1.1.tgz. Extracting by manifest.
2305 silly tarball no local data for is-number-object@https://registry.npmjs.org/is-number-object/-/is-number-object-1.1.1.tgz. Extracting by manifest.
2306 silly tarball no local data for is-boolean-object@https://registry.npmjs.org/is-boolean-object/-/is-boolean-object-1.2.2.tgz. Extracting by manifest.
2307 silly tarball no local data for which-collection@https://registry.npmjs.org/which-collection/-/which-collection-1.0.2.tgz. Extracting by manifest.
2308 silly tarball no local data for querystringify@https://registry.npmjs.org/querystringify/-/querystringify-2.2.0.tgz. Extracting by manifest.
2309 silly tarball no local data for is-bigint@https://registry.npmjs.org/is-bigint/-/is-bigint-1.1.0.tgz. Extracting by manifest.
2310 silly tarball no local data for through@https://registry.npmjs.org/through/-/through-2.3.8.tgz. Extracting by manifest.
2311 silly tarball no local data for which-boxed-primitive@https://registry.npmjs.org/which-boxed-primitive/-/which-boxed-primitive-1.1.1.tgz. Extracting by manifest.
2312 silly tarball no local data for @typescript-eslint/eslint-plugin@https://registry.npmjs.org/@typescript-eslint/eslint-plugin/-/eslint-plugin-8.52.0.tgz. Extracting by manifest.
2313 silly tarball no local data for has-bigints@https://registry.npmjs.org/has-bigints/-/has-bigints-1.1.0.tgz. Extracting by manifest.
2314 silly tarball no local data for for-each@https://registry.npmjs.org/for-each/-/for-each-0.3.5.tgz. Extracting by manifest.
2315 silly tarball no local data for which-builtin-type@https://registry.npmjs.org/which-builtin-type/-/which-builtin-type-1.2.1.tgz. Extracting by manifest.
2316 silly tarball no local data for reflect.getprototypeof@https://registry.npmjs.org/reflect.getprototypeof/-/reflect.getprototypeof-1.0.10.tgz. Extracting by manifest.
2317 silly tarball no local data for url-parse@https://registry.npmjs.org/url-parse/-/url-parse-1.5.10.tgz. Extracting by manifest.
2318 silly tarball no local data for psl@https://registry.npmjs.org/psl/-/psl-1.15.0.tgz. Extracting by manifest.
2319 silly tarball no local data for @tokenizer/token@https://registry.npmjs.org/@tokenizer/token/-/token-0.3.0.tgz. Extracting by manifest.
2320 silly tarball no local data for @borewit/text-codec@https://registry.npmjs.org/@borewit/text-codec/-/text-codec-0.2.1.tgz. Extracting by manifest.
2321 silly tarball no local data for sort-keys@https://registry.npmjs.org/sort-keys/-/sort-keys-1.1.2.tgz. Extracting by manifest.
2322 silly tarball no local data for inspect-with-kind@https://registry.npmjs.org/inspect-with-kind/-/inspect-with-kind-1.0.5.tgz. Extracting by manifest.
2323 silly tarball no local data for xmlchars@https://registry.npmjs.org/xmlchars/-/xmlchars-2.2.0.tgz. Extracting by manifest.
2324 silly tarball no local data for totalist@https://registry.npmjs.org/totalist/-/totalist-3.0.1.tgz. Extracting by manifest.
2325 silly tarball no local data for object-assign@https://registry.npmjs.org/object-assign/-/object-assign-4.1.1.tgz. Extracting by manifest.
2326 silly tarball no local data for @polka/url@https://registry.npmjs.org/@polka/url/-/url-1.0.0-next.29.tgz. Extracting by manifest.
2327 silly tarball no local data for @napi-rs/nice-darwin-arm64@https://registry.npmjs.org/@napi-rs/nice-darwin-arm64/-/nice-darwin-arm64-1.1.1.tgz. Extracting by manifest.
2328 silly tarball no local data for mrmime@https://registry.npmjs.org/mrmime/-/mrmime-2.0.1.tgz. Extracting by manifest.
2329 silly tarball no local data for language-subtag-registry@https://registry.npmjs.org/language-subtag-registry/-/language-subtag-registry-0.3.23.tgz. Extracting by manifest.
2330 silly tarball no local data for @napi-rs/nice@https://registry.npmjs.org/@napi-rs/nice/-/nice-1.1.1.tgz. Extracting by manifest.
2331 silly tarball no local data for agent-base@https://registry.npmjs.org/agent-base/-/agent-base-6.0.2.tgz. Extracting by manifest.
2332 silly tarball no local data for @tootallnate/once@https://registry.npmjs.org/@tootallnate/once/-/once-2.0.0.tgz. Extracting by manifest.
2333 silly tarball no local data for whatwg-mimetype@https://registry.npmjs.org/whatwg-mimetype/-/whatwg-mimetype-3.0.0.tgz. Extracting by manifest.
2334 silly tarball no local data for xml-name-validator@https://registry.npmjs.org/xml-name-validator/-/xml-name-validator-4.0.0.tgz. Extracting by manifest.
2335 silly tarball no local data for w3c-xmlserializer@https://registry.npmjs.org/w3c-xmlserializer/-/w3c-xmlserializer-4.0.0.tgz. Extracting by manifest.
2336 silly tarball no local data for tough-cookie@https://registry.npmjs.org/tough-cookie/-/tough-cookie-4.1.4.tgz. Extracting by manifest.
2337 silly tarball no local data for symbol-tree@https://registry.npmjs.org/symbol-tree/-/symbol-tree-3.2.4.tgz. Extracting by manifest.
2338 silly tarball no local data for rrweb-cssom@https://registry.npmjs.org/rrweb-cssom/-/rrweb-cssom-0.6.0.tgz. Extracting by manifest.
2339 silly tarball no local data for https-proxy-agent@https://registry.npmjs.org/https-proxy-agent/-/https-proxy-agent-5.0.1.tgz. Extracting by manifest.
2340 silly tarball no local data for nwsapi@https://registry.npmjs.org/nwsapi/-/nwsapi-2.2.23.tgz. Extracting by manifest.
2341 silly tarball no local data for is-potential-custom-element-name@https://registry.npmjs.org/is-potential-custom-element-name/-/is-potential-custom-element-name-1.0.1.tgz. Extracting by manifest.
2342 silly tarball no local data for http-proxy-agent@https://registry.npmjs.org/http-proxy-agent/-/http-proxy-agent-5.0.0.tgz. Extracting by manifest.
2343 silly tarball no local data for decimal.js@https://registry.npmjs.org/decimal.js/-/decimal.js-10.6.0.tgz. Extracting by manifest.
2344 silly tarball no local data for data-urls@https://registry.npmjs.org/data-urls/-/data-urls-4.0.0.tgz. Extracting by manifest.
2345 silly tarball no local data for domexception@https://registry.npmjs.org/domexception/-/domexception-4.0.0.tgz. Extracting by manifest.
2346 silly tarball no local data for cssstyle@https://registry.npmjs.org/cssstyle/-/cssstyle-3.0.0.tgz. Extracting by manifest.
2347 silly tarball no local data for html-escaper@https://registry.npmjs.org/html-escaper/-/html-escaper-2.0.2.tgz. Extracting by manifest.
2348 silly tarball no local data for saxes@https://registry.npmjs.org/saxes/-/saxes-6.0.0.tgz. Extracting by manifest.
2349 silly tarball no local data for set-function-name@https://registry.npmjs.org/set-function-name/-/set-function-name-2.0.2.tgz. Extracting by manifest.
2350 silly tarball no local data for abab@https://registry.npmjs.org/abab/-/abab-2.0.6.tgz. Extracting by manifest.
2351 silly tarball no local data for resolve-alpn@https://registry.npmjs.org/resolve-alpn/-/resolve-alpn-1.2.1.tgz. Extracting by manifest.
2352 silly tarball no local data for mimic-response@https://registry.npmjs.org/mimic-response/-/mimic-response-4.0.0.tgz. Extracting by manifest.
2353 silly tarball no local data for http-cache-semantics@https://registry.npmjs.org/http-cache-semantics/-/http-cache-semantics-4.2.0.tgz. Extracting by manifest.
2354 silly tarball no local data for quick-lru@https://registry.npmjs.org/quick-lru/-/quick-lru-5.1.1.tgz. Extracting by manifest.
2355 silly tarball no local data for @types/http-cache-semantics@https://registry.npmjs.org/@types/http-cache-semantics/-/http-cache-semantics-4.0.4.tgz. Extracting by manifest.
2356 silly tarball no local data for defer-to-connect@https://registry.npmjs.org/defer-to-connect/-/defer-to-connect-2.0.1.tgz. Extracting by manifest.
2357 silly tarball no local data for responselike@https://registry.npmjs.org/responselike/-/responselike-3.0.0.tgz. Extracting by manifest.
2358 silly tarball no local data for p-cancelable@https://registry.npmjs.org/p-cancelable/-/p-cancelable-3.0.0.tgz. Extracting by manifest.
2359 silly tarball no local data for http2-wrapper@https://registry.npmjs.org/http2-wrapper/-/http2-wrapper-2.2.1.tgz. Extracting by manifest.
2360 silly tarball no local data for lowercase-keys@https://registry.npmjs.org/lowercase-keys/-/lowercase-keys-3.0.0.tgz. Extracting by manifest.
2361 silly tarball no local data for form-data-encoder@https://registry.npmjs.org/form-data-encoder/-/form-data-encoder-2.1.4.tgz. Extracting by manifest.
2362 silly tarball no local data for decompress-response@https://registry.npmjs.org/decompress-response/-/decompress-response-6.0.0.tgz. Extracting by manifest.
2363 silly tarball no local data for cacheable-lookup@https://registry.npmjs.org/cacheable-lookup/-/cacheable-lookup-7.0.0.tgz. Extracting by manifest.
2364 silly tarball no local data for functions-have-names@https://registry.npmjs.org/functions-have-names/-/functions-have-names-1.2.3.tgz. Extracting by manifest.
2365 silly tarball no local data for @szmarczak/http-timer@https://registry.npmjs.org/@szmarczak/http-timer/-/http-timer-5.0.1.tgz. Extracting by manifest.
2366 silly tarball no local data for @sindresorhus/is@https://registry.npmjs.org/@sindresorhus/is/-/is-5.6.0.tgz. Extracting by manifest.
2367 silly tarball no local data for semver-regex@https://registry.npmjs.org/semver-regex/-/semver-regex-4.0.5.tgz. Extracting by manifest.
2368 silly tarball no local data for uint8array-extras@https://registry.npmjs.org/uint8array-extras/-/uint8array-extras-1.5.0.tgz. Extracting by manifest.
2369 silly tarball no local data for cacheable-request@https://registry.npmjs.org/cacheable-request/-/cacheable-request-10.2.14.tgz. Extracting by manifest.
2370 silly tarball no local data for token-types@https://registry.npmjs.org/token-types/-/token-types-6.1.2.tgz. Extracting by manifest.
2371 silly tarball no local data for filename-reserved-regex@https://registry.npmjs.org/filename-reserved-regex/-/filename-reserved-regex-3.0.0.tgz. Extracting by manifest.
2372 silly tarball no local data for strtok3@https://registry.npmjs.org/strtok3/-/strtok3-10.3.4.tgz. Extracting by manifest.
2373 silly tarball no local data for @tokenizer/inflate@https://registry.npmjs.org/@tokenizer/inflate/-/inflate-0.2.7.tgz. Extracting by manifest.
2374 silly tarball no local data for sort-keys-length@https://registry.npmjs.org/sort-keys-length/-/sort-keys-length-1.0.1.tgz. Extracting by manifest.
2375 silly tarball no local data for strip-final-newline@https://registry.npmjs.org/strip-final-newline/-/strip-final-newline-2.0.0.tgz. Extracting by manifest.
2376 silly tarball no local data for ext-list@https://registry.npmjs.org/ext-list/-/ext-list-2.2.2.tgz. Extracting by manifest.
2377 silly tarball no local data for human-signals@https://registry.npmjs.org/human-signals/-/human-signals-2.1.0.tgz. Extracting by manifest.
2378 silly tarball no local data for string.prototype.matchall@https://registry.npmjs.org/string.prototype.matchall/-/string.prototype.matchall-4.0.12.tgz. Extracting by manifest.
2379 silly tarball no local data for object.entries@https://registry.npmjs.org/object.entries/-/object.entries-1.1.9.tgz. Extracting by manifest.
2380 silly tarball no local data for array.prototype.tosorted@https://registry.npmjs.org/array.prototype.tosorted/-/array.prototype.tosorted-1.1.4.tgz. Extracting by manifest.
2381 silly tarball no local data for string.prototype.repeat@https://registry.npmjs.org/string.prototype.repeat/-/string.prototype.repeat-1.0.0.tgz. Extracting by manifest.
2382 silly tarball no local data for iterator.prototype@https://registry.npmjs.org/iterator.prototype/-/iterator.prototype-1.1.5.tgz. Extracting by manifest.
2383 silly tarball no local data for prop-types@https://registry.npmjs.org/prop-types/-/prop-types-15.8.1.tgz. Extracting by manifest.
2384 silly tarball no local data for string.prototype.includes@https://registry.npmjs.org/string.prototype.includes/-/string.prototype.includes-2.0.1.tgz. Extracting by manifest.
2385 silly tarball no local data for array.prototype.findlast@https://registry.npmjs.org/array.prototype.findlast/-/array.prototype.findlast-1.2.5.tgz. Extracting by manifest.
2386 silly tarball no local data for language-tags@https://registry.npmjs.org/language-tags/-/language-tags-1.0.9.tgz. Extracting by manifest.
2387 silly tarball no local data for es-iterator-helpers@https://registry.npmjs.org/es-iterator-helpers/-/es-iterator-helpers-1.2.2.tgz. Extracting by manifest.
2388 silly tarball no local data for jsx-ast-utils@https://registry.npmjs.org/jsx-ast-utils/-/jsx-ast-utils-3.3.5.tgz. Extracting by manifest.
2389 silly tarball no local data for ast-types-flow@https://registry.npmjs.org/ast-types-flow/-/ast-types-flow-0.0.8.tgz. Extracting by manifest.
2390 silly tarball no local data for axobject-query@https://registry.npmjs.org/axobject-query/-/axobject-query-4.1.0.tgz. Extracting by manifest.
2391 silly tarball no local data for is-symbol@https://registry.npmjs.org/is-symbol/-/is-symbol-1.1.1.tgz. Extracting by manifest.
2392 silly tarball no local data for damerau-levenshtein@https://registry.npmjs.org/damerau-levenshtein/-/damerau-levenshtein-1.0.8.tgz. Extracting by manifest.
2393 silly tarball no local data for is-date-object@https://registry.npmjs.org/is-date-object/-/is-date-object-1.1.0.tgz. Extracting by manifest.
2394 silly tarball no local data for possible-typed-array-names@https://registry.npmjs.org/possible-typed-array-names/-/possible-typed-array-names-1.1.0.tgz. Extracting by manifest.
2395 silly tarball no local data for which-typed-array@https://registry.npmjs.org/which-typed-array/-/which-typed-array-1.1.19.tgz. Extracting by manifest.
2396 silly tarball no local data for axe-core@https://registry.npmjs.org/axe-core/-/axe-core-4.11.0.tgz. Extracting by manifest.
2397 silly tarball no local data for unbox-primitive@https://registry.npmjs.org/unbox-primitive/-/unbox-primitive-1.1.0.tgz. Extracting by manifest.
2398 silly tarball no local data for typed-array-length@https://registry.npmjs.org/typed-array-length/-/typed-array-length-1.0.7.tgz. Extracting by manifest.
2399 silly tarball no local data for typed-array-byte-length@https://registry.npmjs.org/typed-array-byte-length/-/typed-array-byte-length-1.0.3.tgz. Extracting by manifest.
2400 silly tarball no local data for string.prototype.trimstart@https://registry.npmjs.org/string.prototype.trimstart/-/string.prototype.trimstart-1.0.8.tgz. Extracting by manifest.
2401 silly tarball no local data for typed-array-buffer@https://registry.npmjs.org/typed-array-buffer/-/typed-array-buffer-1.0.3.tgz. Extracting by manifest.
2402 silly tarball no local data for string.prototype.trim@https://registry.npmjs.org/string.prototype.trim/-/string.prototype.trim-1.2.10.tgz. Extracting by manifest.
2403 silly tarball no local data for stop-iteration-iterator@https://registry.npmjs.org/stop-iteration-iterator/-/stop-iteration-iterator-1.1.0.tgz. Extracting by manifest.
2404 silly tarball no local data for set-proto@https://registry.npmjs.org/set-proto/-/set-proto-1.0.0.tgz. Extracting by manifest.
2405 silly tarball no local data for typed-array-byte-offset@https://registry.npmjs.org/typed-array-byte-offset/-/typed-array-byte-offset-1.0.4.tgz. Extracting by manifest.
2406 silly tarball no local data for safe-regex-test@https://registry.npmjs.org/safe-regex-test/-/safe-regex-test-1.1.0.tgz. Extracting by manifest.
2407 silly tarball no local data for safe-array-concat@https://registry.npmjs.org/safe-array-concat/-/safe-array-concat-1.1.3.tgz. Extracting by manifest.
2408 silly tarball no local data for safe-push-apply@https://registry.npmjs.org/safe-push-apply/-/safe-push-apply-1.0.0.tgz. Extracting by manifest.
2409 silly tarball no local data for regexp.prototype.flags@https://registry.npmjs.org/regexp.prototype.flags/-/regexp.prototype.flags-1.5.4.tgz. Extracting by manifest.
2410 silly tarball no local data for own-keys@https://registry.npmjs.org/own-keys/-/own-keys-1.0.1.tgz. Extracting by manifest.
2411 silly tarball no local data for is-weakref@https://registry.npmjs.org/is-weakref/-/is-weakref-1.1.1.tgz. Extracting by manifest.
2412 silly tarball no local data for is-typed-array@https://registry.npmjs.org/is-typed-array/-/is-typed-array-1.1.15.tgz. Extracting by manifest.
2413 silly tarball no local data for object.assign@https://registry.npmjs.org/object.assign/-/object.assign-4.1.7.tgz. Extracting by manifest.
2414 silly tarball no local data for is-shared-array-buffer@https://registry.npmjs.org/is-shared-array-buffer/-/is-shared-array-buffer-1.0.4.tgz. Extracting by manifest.
2415 silly tarball no local data for is-regex@https://registry.npmjs.org/is-regex/-/is-regex-1.2.1.tgz. Extracting by manifest.
2416 silly tarball no local data for is-set@https://registry.npmjs.org/is-set/-/is-set-2.0.3.tgz. Extracting by manifest.
2417 silly tarball no local data for is-data-view@https://registry.npmjs.org/is-data-view/-/is-data-view-1.0.2.tgz. Extracting by manifest.
2418 silly tarball no local data for is-callable@https://registry.npmjs.org/is-callable/-/is-callable-1.2.7.tgz. Extracting by manifest.
2419 silly tarball no local data for is-array-buffer@https://registry.npmjs.org/is-array-buffer/-/is-array-buffer-3.0.5.tgz. Extracting by manifest.
2420 silly tarball no local data for internal-slot@https://registry.npmjs.org/internal-slot/-/internal-slot-1.1.0.tgz. Extracting by manifest.
2421 silly tarball no local data for has-proto@https://registry.npmjs.org/has-proto/-/has-proto-1.2.0.tgz. Extracting by manifest.
2422 silly tarball no local data for globalthis@https://registry.npmjs.org/globalthis/-/globalthis-1.0.4.tgz. Extracting by manifest.
2423 silly tarball no local data for get-symbol-description@https://registry.npmjs.org/get-symbol-description/-/get-symbol-description-1.1.0.tgz. Extracting by manifest.
2424 silly tarball no local data for function.prototype.name@https://registry.npmjs.org/function.prototype.name/-/function.prototype.name-1.1.8.tgz. Extracting by manifest.
2425 silly tarball no local data for es-to-primitive@https://registry.npmjs.org/es-to-primitive/-/es-to-primitive-1.3.0.tgz. Extracting by manifest.
2426 silly tarball no local data for data-view-byte-offset@https://registry.npmjs.org/data-view-byte-offset/-/data-view-byte-offset-1.0.1.tgz. Extracting by manifest.
2427 silly tarball no local data for data-view-byte-length@https://registry.npmjs.org/data-view-byte-length/-/data-view-byte-length-1.0.2.tgz. Extracting by manifest.
2428 silly tarball no local data for data-view-buffer@https://registry.npmjs.org/data-view-buffer/-/data-view-buffer-1.0.2.tgz. Extracting by manifest.
2429 silly tarball no local data for available-typed-arrays@https://registry.npmjs.org/available-typed-arrays/-/available-typed-arrays-1.0.7.tgz. Extracting by manifest.
2430 silly tarball no local data for arraybuffer.prototype.slice@https://registry.npmjs.org/arraybuffer.prototype.slice/-/arraybuffer.prototype.slice-1.0.4.tgz. Extracting by manifest.
2431 silly tarball no local data for array-buffer-byte-length@https://registry.npmjs.org/array-buffer-byte-length/-/array-buffer-byte-length-1.0.2.tgz. Extracting by manifest.
2432 silly tarball no local data for object-keys@https://registry.npmjs.org/object-keys/-/object-keys-1.1.1.tgz. Extracting by manifest.
2433 silly tarball no local data for has-property-descriptors@https://registry.npmjs.org/has-property-descriptors/-/has-property-descriptors-1.0.2.tgz. Extracting by manifest.
2434 silly tarball no local data for define-data-property@https://registry.npmjs.org/define-data-property/-/define-data-property-1.1.4.tgz. Extracting by manifest.
2435 silly tarball no local data for set-function-length@https://registry.npmjs.org/set-function-length/-/set-function-length-1.2.2.tgz. Extracting by manifest.
2436 silly tarball no local data for es-abstract@https://registry.npmjs.org/es-abstract/-/es-abstract-1.24.1.tgz. Extracting by manifest.
2437 silly tarball no local data for is-negative-zero@https://registry.npmjs.org/is-negative-zero/-/is-negative-zero-2.0.3.tgz. Extracting by manifest.
2438 silly tarball no local data for is-string@https://registry.npmjs.org/is-string/-/is-string-1.1.1.tgz. Extracting by manifest.
2439 silly tarball no local data for es-shim-unscopables@https://registry.npmjs.org/es-shim-unscopables/-/es-shim-unscopables-1.1.0.tgz. Extracting by manifest.
2440 silly tarball no local data for call-bind@https://registry.npmjs.org/call-bind/-/call-bind-1.0.8.tgz. Extracting by manifest.
2441 silly tarball no local data for string.prototype.trimend@https://registry.npmjs.org/string.prototype.trimend/-/string.prototype.trimend-1.0.9.tgz. Extracting by manifest.
2442 silly tarball no local data for define-properties@https://registry.npmjs.org/define-properties/-/define-properties-1.2.1.tgz. Extracting by manifest.
2443 silly tarball no local data for object.values@https://registry.npmjs.org/object.values/-/object.values-1.2.1.tgz. Extracting by manifest.
2444 silly tarball no local data for object.fromentries@https://registry.npmjs.org/object.fromentries/-/object.fromentries-2.0.8.tgz. Extracting by manifest.
2445 silly tarball no local data for doctrine@https://registry.npmjs.org/doctrine/-/doctrine-2.1.0.tgz. Extracting by manifest.
2446 silly tarball no local data for eslint-import-resolver-node@https://registry.npmjs.org/eslint-import-resolver-node/-/eslint-import-resolver-node-0.3.9.tgz. Extracting by manifest.
2447 silly tarball no local data for object.groupby@https://registry.npmjs.org/object.groupby/-/object.groupby-1.0.3.tgz. Extracting by manifest.
2448 silly tarball no local data for array.prototype.flatmap@https://registry.npmjs.org/array.prototype.flatmap/-/array.prototype.flatmap-1.3.3.tgz. Extracting by manifest.
2449 silly tarball no local data for eslint-module-utils@https://registry.npmjs.org/eslint-module-utils/-/eslint-module-utils-2.12.1.tgz. Extracting by manifest.
2450 silly tarball no local data for array.prototype.findlastindex@https://registry.npmjs.org/array.prototype.findlastindex/-/array.prototype.findlastindex-1.2.6.tgz. Extracting by manifest.
2451 silly tarball no local data for array.prototype.flat@https://registry.npmjs.org/array.prototype.flat/-/array.prototype.flat-1.3.3.tgz. Extracting by manifest.
2452 silly tarball no local data for array-includes@https://registry.npmjs.org/array-includes/-/array-includes-3.1.9.tgz. Extracting by manifest.
2453 silly tarball no local data for @rtsao/scc@https://registry.npmjs.org/@rtsao/scc/-/scc-1.1.0.tgz. Extracting by manifest.
2454 silly tarball no local data for find-versions@https://registry.npmjs.org/find-versions/-/find-versions-5.1.0.tgz. Extracting by manifest.
2455 silly tarball no local data for bin-version@https://registry.npmjs.org/bin-version/-/bin-version-6.0.0.tgz. Extracting by manifest.
2456 silly tarball no local data for arch@https://registry.npmjs.org/arch/-/arch-3.0.0.tgz. Extracting by manifest.
2457 silly tarball no local data for yauzl@https://registry.npmjs.org/yauzl/-/yauzl-3.2.0.tgz. Extracting by manifest.
2458 silly tarball no local data for unbzip2-stream@https://registry.npmjs.org/unbzip2-stream/-/unbzip2-stream-1.4.3.tgz. Extracting by manifest.
2459 silly tarball no local data for semver-truncate@https://registry.npmjs.org/semver-truncate/-/semver-truncate-3.0.0.tgz. Extracting by manifest.
2460 silly tarball no local data for is-stream@https://registry.npmjs.org/is-stream/-/is-stream-2.0.1.tgz. Extracting by manifest.
2461 silly tarball no local data for @xhmikosr/decompress-unzip@https://registry.npmjs.org/@xhmikosr/decompress-unzip/-/decompress-unzip-7.1.0.tgz. Extracting by manifest.
2462 silly tarball no local data for seek-bzip@https://registry.npmjs.org/seek-bzip/-/seek-bzip-2.0.0.tgz. Extracting by manifest.
2463 silly tarball no local data for strip-dirs@https://registry.npmjs.org/strip-dirs/-/strip-dirs-3.0.0.tgz. Extracting by manifest.
2464 silly tarball no local data for @xhmikosr/decompress-tarbz2@https://registry.npmjs.org/@xhmikosr/decompress-tarbz2/-/decompress-tarbz2-8.1.0.tgz. Extracting by manifest.
2465 silly tarball no local data for dequal@https://registry.npmjs.org/dequal/-/dequal-2.0.3.tgz. Extracting by manifest.
2466 silly tarball no local data for @xhmikosr/decompress-tar@https://registry.npmjs.org/@xhmikosr/decompress-tar/-/decompress-tar-8.1.0.tgz. Extracting by manifest.
2467 silly tarball no local data for @xhmikosr/decompress-targz@https://registry.npmjs.org/@xhmikosr/decompress-targz/-/decompress-targz-8.1.0.tgz. Extracting by manifest.
2468 silly tarball no local data for get-stream@https://registry.npmjs.org/get-stream/-/get-stream-6.0.1.tgz. Extracting by manifest.
2469 silly tarball no local data for filenamify@https://registry.npmjs.org/filenamify/-/filenamify-6.0.0.tgz. Extracting by manifest.
2470 silly tarball no local data for got@https://registry.npmjs.org/got/-/got-13.0.0.tgz. Extracting by manifest.
2471 silly tarball no local data for @xhmikosr/decompress@https://registry.npmjs.org/@xhmikosr/decompress/-/decompress-10.2.0.tgz. Extracting by manifest.
2472 silly tarball no local data for execa@https://registry.npmjs.org/execa/-/execa-5.1.1.tgz. Extracting by manifest.
2473 silly tarball no local data for @xhmikosr/archive-type@https://registry.npmjs.org/@xhmikosr/archive-type/-/archive-type-7.1.0.tgz. Extracting by manifest.
2474 silly tarball no local data for file-type@https://registry.npmjs.org/file-type/-/file-type-20.5.0.tgz. Extracting by manifest.
2475 silly tarball no local data for bin-version-check@https://registry.npmjs.org/bin-version-check/-/bin-version-check-5.1.0.tgz. Extracting by manifest.
2476 silly tarball no local data for @xhmikosr/os-filter-obj@https://registry.npmjs.org/@xhmikosr/os-filter-obj/-/os-filter-obj-3.0.0.tgz. Extracting by manifest.
2477 silly tarball no local data for @xhmikosr/bin-check@https://registry.npmjs.org/@xhmikosr/bin-check/-/bin-check-7.1.0.tgz. Extracting by manifest.
2478 silly tarball no local data for @xhmikosr/downloader@https://registry.npmjs.org/@xhmikosr/downloader/-/downloader-15.2.0.tgz. Extracting by manifest.
2479 silly tarball no local data for ext-name@https://registry.npmjs.org/ext-name/-/ext-name-5.0.0.tgz. Extracting by manifest.
2480 silly tarball no local data for sirv@https://registry.npmjs.org/sirv/-/sirv-3.0.2.tgz. Extracting by manifest.
2481 silly tarball no local data for magicast@https://registry.npmjs.org/magicast/-/magicast-0.5.1.tgz. Extracting by manifest.
2482 silly tarball no local data for fflate@https://registry.npmjs.org/fflate/-/fflate-0.8.2.tgz. Extracting by manifest.
2483 silly tarball no local data for istanbul-lib-source-maps@https://registry.npmjs.org/istanbul-lib-source-maps/-/istanbul-lib-source-maps-5.0.6.tgz. Extracting by manifest.
2484 silly tarball no local data for istanbul-reports@https://registry.npmjs.org/istanbul-reports/-/istanbul-reports-3.2.0.tgz. Extracting by manifest.
2485 silly tarball no local data for istanbul-lib-coverage@https://registry.npmjs.org/istanbul-lib-coverage/-/istanbul-lib-coverage-3.2.2.tgz. Extracting by manifest.
2486 silly tarball no local data for istanbul-lib-report@https://registry.npmjs.org/istanbul-lib-report/-/istanbul-lib-report-3.0.1.tgz. Extracting by manifest.
2487 silly tarball no local data for @bcoe/v8-coverage@https://registry.npmjs.org/@bcoe/v8-coverage/-/v8-coverage-1.0.2.tgz. Extracting by manifest.
2488 silly tarball no local data for ast-v8-to-istanbul@https://registry.npmjs.org/ast-v8-to-istanbul/-/ast-v8-to-istanbul-0.3.10.tgz. Extracting by manifest.
2489 silly tarball no local data for @types/babel__traverse@https://registry.npmjs.org/@types/babel__traverse/-/babel__traverse-7.28.0.tgz. Extracting by manifest.
2490 silly tarball no local data for @rolldown/pluginutils@https://registry.npmjs.org/@rolldown/pluginutils/-/pluginutils-1.0.0-beta.27.tgz. Extracting by manifest.
2491 silly tarball no local data for @types/babel__template@https://registry.npmjs.org/@types/babel__template/-/babel__template-7.4.4.tgz. Extracting by manifest.
2492 silly tarball no local data for @types/babel__generator@https://registry.npmjs.org/@types/babel__generator/-/babel__generator-7.27.0.tgz. Extracting by manifest.
2493 silly tarball no local data for @types/prop-types@https://registry.npmjs.org/@types/prop-types/-/prop-types-15.7.15.tgz. Extracting by manifest.
2494 silly tarball no local data for @babel/plugin-transform-react-jsx-self@https://registry.npmjs.org/@babel/plugin-transform-react-jsx-self/-/plugin-transform-react-jsx-self-7.27.1.tgz. Extracting by manifest.
2495 silly tarball no local data for @types/babel__core@https://registry.npmjs.org/@types/babel__core/-/babel__core-7.20.5.tgz. Extracting by manifest.
2496 silly tarball no local data for csstype@https://registry.npmjs.org/csstype/-/csstype-3.2.3.tgz. Extracting by manifest.
2497 silly tarball no local data for @babel/plugin-transform-react-jsx-source@https://registry.npmjs.org/@babel/plugin-transform-react-jsx-source/-/plugin-transform-react-jsx-source-7.27.1.tgz. Extracting by manifest.
2498 silly tarball no local data for lz-string@https://registry.npmjs.org/lz-string/-/lz-string-1.5.0.tgz. Extracting by manifest.
2499 silly tarball no local data for dom-accessibility-api@https://registry.npmjs.org/dom-accessibility-api/-/dom-accessibility-api-0.5.16.tgz. Extracting by manifest.
2500 silly tarball no local data for aria-query@https://registry.npmjs.org/aria-query/-/aria-query-5.3.0.tgz. Extracting by manifest.
2501 silly tarball no local data for @types/aria-query@https://registry.npmjs.org/@types/aria-query/-/aria-query-5.0.4.tgz. Extracting by manifest.
2502 silly tarball no local data for @swc/core-darwin-arm64@https://registry.npmjs.org/@swc/core-darwin-arm64/-/core-darwin-arm64-1.5.29.tgz. Extracting by manifest.
2503 silly tarball no local data for @xhmikosr/bin-wrapper@https://registry.npmjs.org/@xhmikosr/bin-wrapper/-/bin-wrapper-13.2.0.tgz. Extracting by manifest.
2504 silly tarball no local data for pirates@https://registry.npmjs.org/pirates/-/pirates-4.0.7.tgz. Extracting by manifest.
2505 silly tarball no local data for piscina@https://registry.npmjs.org/piscina/-/piscina-4.9.2.tgz. Extracting by manifest.
2506 silly tarball no local data for @swc-node/sourcemap-support@https://registry.npmjs.org/@swc-node/sourcemap-support/-/sourcemap-support-0.5.1.tgz. Extracting by manifest.
2507 silly tarball no local data for jsonc-eslint-parser@https://registry.npmjs.org/jsonc-eslint-parser/-/jsonc-eslint-parser-2.4.2.tgz. Extracting by manifest.
2508 silly tarball no local data for @swc/types@https://registry.npmjs.org/@swc/types/-/types-0.1.25.tgz. Extracting by manifest.
2509 silly tarball no local data for typescript-eslint@https://registry.npmjs.org/typescript-eslint/-/typescript-eslint-8.52.0.tgz. Extracting by manifest.
2510 silly tarball no local data for @swc/counter@https://registry.npmjs.org/@swc/counter/-/counter-0.1.3.tgz. Extracting by manifest.
2511 silly tarball no local data for confusing-browser-globals@https://registry.npmjs.org/confusing-browser-globals/-/confusing-browser-globals-1.0.11.tgz. Extracting by manifest.
2512 silly tarball no local data for jsdom@https://registry.npmjs.org/jsdom/-/jsdom-22.1.0.tgz. Extracting by manifest.
2513 silly tarball no local data for eslint-plugin-react-hooks@https://registry.npmjs.org/eslint-plugin-react-hooks/-/eslint-plugin-react-hooks-5.0.0.tgz. Extracting by manifest.
2514 silly tarball no local data for eslint-plugin-react@https://registry.npmjs.org/eslint-plugin-react/-/eslint-plugin-react-7.35.0.tgz. Extracting by manifest.
2515 silly tarball no local data for eslint-plugin-import@https://registry.npmjs.org/eslint-plugin-import/-/eslint-plugin-import-2.31.0.tgz. Extracting by manifest.
2516 silly tarball no local data for @vitest/ui@https://registry.npmjs.org/@vitest/ui/-/ui-4.0.16.tgz. Extracting by manifest.
2517 silly tarball no local data for @vitest/coverage-v8@https://registry.npmjs.org/@vitest/coverage-v8/-/coverage-v8-4.0.16.tgz. Extracting by manifest.
2518 silly tarball no local data for eslint-config-prettier@https://registry.npmjs.org/eslint-config-prettier/-/eslint-config-prettier-10.1.8.tgz. Extracting by manifest.
2519 silly tarball no local data for @vitejs/plugin-react@https://registry.npmjs.org/@vitejs/plugin-react/-/plugin-react-4.7.0.tgz. Extracting by manifest.
2520 silly tarball no local data for @types/react-dom@https://registry.npmjs.org/@types/react-dom/-/react-dom-18.3.0.tgz. Extracting by manifest.
2521 silly tarball no local data for eslint-plugin-jsx-a11y@https://registry.npmjs.org/eslint-plugin-jsx-a11y/-/eslint-plugin-jsx-a11y-6.10.1.tgz. Extracting by manifest.
2522 silly tarball no local data for @types/react@https://registry.npmjs.org/@types/react/-/react-18.3.1.tgz. Extracting by manifest.
2523 silly tarball no local data for react-dom@https://registry.npmjs.org/react-dom/-/react-dom-18.3.1.tgz. Extracting by manifest.
2524 silly tarball no local data for @testing-library/dom@https://registry.npmjs.org/@testing-library/dom/-/dom-10.4.0.tgz. Extracting by manifest.
2525 silly tarball no local data for @swc/cli@https://registry.npmjs.org/@swc/cli/-/cli-0.6.0.tgz. Extracting by manifest.
2526 silly tarball no local data for @swc/helpers@https://registry.npmjs.org/@swc/helpers/-/helpers-0.5.18.tgz. Extracting by manifest.
2527 silly tarball no local data for @swc-node/register@https://registry.npmjs.org/@swc-node/register/-/register-1.9.2.tgz. Extracting by manifest.
2528 silly tarball no local data for @typescript-eslint/parser@https://registry.npmjs.org/@typescript-eslint/parser/-/parser-8.52.0.tgz. Extracting by manifest.
2529 silly tarball no local data for undici-types@https://registry.npmjs.org/undici-types/-/undici-types-6.21.0.tgz. Extracting by manifest.
2530 silly tarball no local data for @nx/eslint-plugin@https://registry.npmjs.org/@nx/eslint-plugin/-/eslint-plugin-22.3.3.tgz. Extracting by manifest.
2531 silly tarball no local data for @swc/core@https://registry.npmjs.org/@swc/core/-/core-1.5.29.tgz. Extracting by manifest.
2532 silly tarball no local data for @typescript-eslint/visitor-keys@https://registry.npmjs.org/@typescript-eslint/visitor-keys/-/visitor-keys-8.52.0.tgz. Extracting by manifest.
2533 silly tarball no local data for @typescript-eslint/typescript-estree@https://registry.npmjs.org/@typescript-eslint/typescript-estree/-/typescript-estree-8.52.0.tgz. Extracting by manifest.
2534 silly tarball no local data for @typescript-eslint/utils@https://registry.npmjs.org/@typescript-eslint/utils/-/utils-8.52.0.tgz. Extracting by manifest.
2535 silly tarball no local data for @testing-library/react@https://registry.npmjs.org/@testing-library/react/-/react-16.3.0.tgz. Extracting by manifest.
2536 silly tarball no local data for @typescript-eslint/types@https://registry.npmjs.org/@typescript-eslint/types/-/types-8.52.0.tgz. Extracting by manifest.
2537 silly tarball no local data for @typescript-eslint/tsconfig-utils@https://registry.npmjs.org/@typescript-eslint/tsconfig-utils/-/tsconfig-utils-8.52.0.tgz. Extracting by manifest.
2538 silly tarball no local data for @typescript-eslint/project-service@https://registry.npmjs.org/@typescript-eslint/project-service/-/project-service-8.52.0.tgz. Extracting by manifest.
2539 silly tarball no local data for @typescript-eslint/scope-manager@https://registry.npmjs.org/@typescript-eslint/scope-manager/-/scope-manager-8.52.0.tgz. Extracting by manifest.
2540 silly tarball no local data for @types/node@https://registry.npmjs.org/@types/node/-/node-20.19.9.tgz. Extracting by manifest.
2541 silly tarball no local data for isarray@https://registry.npmjs.org/isarray/-/isarray-2.0.5.tgz. Extracting by manifest.
2542 silly tarball no local data for b4a@https://registry.npmjs.org/b4a/-/b4a-1.7.3.tgz. Extracting by manifest.
2543 silly tarball no local data for is-plain-obj@https://registry.npmjs.org/is-plain-obj/-/is-plain-obj-1.1.0.tgz. Extracting by manifest.
2544 silly tarball no local data for universalify@https://registry.npmjs.org/universalify/-/universalify-0.2.0.tgz. Extracting by manifest.
2545 silly tarball no local data for webidl-conversions@https://registry.npmjs.org/webidl-conversions/-/webidl-conversions-7.0.0.tgz. Extracting by manifest.
2546 silly tarball no local data for webidl-conversions@https://registry.npmjs.org/webidl-conversions/-/webidl-conversions-7.0.0.tgz. Extracting by manifest.
2547 silly tarball no local data for whatwg-url@https://registry.npmjs.org/whatwg-url/-/whatwg-url-12.0.1.tgz. Extracting by manifest.
2548 silly tarball no local data for tr46@https://registry.npmjs.org/tr46/-/tr46-4.1.1.tgz. Extracting by manifest.
2549 silly tarball no local data for mimic-response@https://registry.npmjs.org/mimic-response/-/mimic-response-3.1.0.tgz. Extracting by manifest.
2550 silly tarball no local data for react-is@https://registry.npmjs.org/react-is/-/react-is-16.13.1.tgz. Extracting by manifest.
2551 silly tarball no local data for @typescript-eslint/type-utils@https://registry.npmjs.org/@typescript-eslint/type-utils/-/type-utils-8.52.0.tgz. Extracting by manifest.
2552 silly tarball no local data for normalize-url@https://registry.npmjs.org/normalize-url/-/normalize-url-8.1.1.tgz. Extracting by manifest.
2553 silly tarball no local data for isarray@https://registry.npmjs.org/isarray/-/isarray-2.0.5.tgz. Extracting by manifest.
2554 silly tarball no local data for debug@https://registry.npmjs.org/debug/-/debug-3.2.7.tgz. Extracting by manifest.
2555 silly tarball no local data for commander@https://registry.npmjs.org/commander/-/commander-6.2.1.tgz. Extracting by manifest.
2556 silly tarball no local data for isarray@https://registry.npmjs.org/isarray/-/isarray-2.0.5.tgz. Extracting by manifest.
2557 silly tarball no local data for is-plain-obj@https://registry.npmjs.org/is-plain-obj/-/is-plain-obj-1.1.0.tgz. Extracting by manifest.
2558 silly tarball no local data for debug@https://registry.npmjs.org/debug/-/debug-3.2.7.tgz. Extracting by manifest.
2559 silly tarball no local data for make-dir@https://registry.npmjs.org/make-dir/-/make-dir-4.0.0.tgz. Extracting by manifest.
2560 silly tarball no local data for tar-stream@https://registry.npmjs.org/tar-stream/-/tar-stream-3.1.7.tgz. Extracting by manifest.
2561 silly tarball no local data for defaults@https://registry.npmjs.org/defaults/-/defaults-2.0.2.tgz. Extracting by manifest.
2562 silly tarball no local data for js-tokens@https://registry.npmjs.org/js-tokens/-/js-tokens-9.0.1.tgz. Extracting by manifest.
2563 silly tarball no local data for b4a@https://registry.npmjs.org/b4a/-/b4a-1.7.3.tgz. Extracting by manifest.
2564 silly tarball no local data for entities@https://registry.npmjs.org/entities/-/entities-6.0.1.tgz. Extracting by manifest.
2565 silly tarball no local data for whatwg-url@https://registry.npmjs.org/whatwg-url/-/whatwg-url-12.0.1.tgz. Extracting by manifest.
2566 silly tarball no local data for webidl-conversions@https://registry.npmjs.org/webidl-conversions/-/webidl-conversions-7.0.0.tgz. Extracting by manifest.
2567 silly tarball no local data for parse5@https://registry.npmjs.org/parse5/-/parse5-7.3.0.tgz. Extracting by manifest.
2568 silly tarball no local data for tr46@https://registry.npmjs.org/tr46/-/tr46-4.1.1.tgz. Extracting by manifest.
2569 silly tarball no local data for resolve@https://registry.npmjs.org/resolve/-/resolve-2.0.0-next.5.tgz. Extracting by manifest.
2570 silly tarball no local data for espree@https://registry.npmjs.org/espree/-/espree-9.6.1.tgz. Extracting by manifest.
2571 silly tarball no local data for emoji-regex@https://registry.npmjs.org/emoji-regex/-/emoji-regex-9.2.2.tgz. Extracting by manifest.
2572 silly tarball no local data for tsconfig-paths@https://registry.npmjs.org/tsconfig-paths/-/tsconfig-paths-3.15.0.tgz. Extracting by manifest.
2573 silly tarball no local data for json5@https://registry.npmjs.org/json5/-/json5-1.0.2.tgz. Extracting by manifest.
2574 silly tarball no local data for aria-query@https://registry.npmjs.org/aria-query/-/aria-query-5.3.2.tgz. Extracting by manifest.
2575 silly tarball no local data for scheduler@https://registry.npmjs.org/scheduler/-/scheduler-0.23.2.tgz. Extracting by manifest.
2576 silly tarball no local data for react-refresh@https://registry.npmjs.org/react-refresh/-/react-refresh-0.17.0.tgz. Extracting by manifest.
2577 silly tarball no local data for debug@https://registry.npmjs.org/debug/-/debug-3.2.7.tgz. Extracting by manifest.
2578 silly tarball no local data for pretty-format@https://registry.npmjs.org/pretty-format/-/pretty-format-27.5.1.tgz. Extracting by manifest.
2579 silly tarball no local data for react-is@https://registry.npmjs.org/react-is/-/react-is-17.0.2.tgz. Extracting by manifest.
2580 silly tarball no local data for slash@https://registry.npmjs.org/slash/-/slash-3.0.0.tgz. Extracting by manifest.
2581 silly tarball no local data for commander@https://registry.npmjs.org/commander/-/commander-8.3.0.tgz. Extracting by manifest.
2582 silly tarball no local data for globals@https://registry.npmjs.org/globals/-/globals-15.15.0.tgz. Extracting by manifest.
2583 silly tarball no local data for @swc-node/core@https://registry.npmjs.org/@swc-node/core/-/core-1.14.1.tgz. Extracting by manifest.
2584 http fetch GET 200 https://registry.npmjs.org/bare-events/-/bare-events-2.8.2.tgz 145ms (cache miss)
2585 http fetch GET 200 https://registry.npmjs.org/fast-fifo/-/fast-fifo-1.3.2.tgz 151ms (cache miss)
2586 http fetch GET 200 https://registry.npmjs.org/events-universal/-/events-universal-1.0.1.tgz 171ms (cache miss)
2587 http fetch GET 200 https://registry.npmjs.org/streamx/-/streamx-2.23.0.tgz 173ms (cache miss)
2588 http fetch GET 200 https://registry.npmjs.org/pend/-/pend-1.2.0.tgz 173ms (cache miss)
2589 http fetch GET 200 https://registry.npmjs.org/buffer-crc32/-/buffer-crc32-0.2.13.tgz 176ms (cache miss)
2590 http fetch GET 200 https://registry.npmjs.org/text-decoder/-/text-decoder-1.2.3.tgz 210ms (cache miss)
2591 http fetch GET 200 https://registry.npmjs.org/is-weakset/-/is-weakset-2.0.4.tgz 209ms (cache miss)
2592 http fetch GET 200 https://registry.npmjs.org/is-weakmap/-/is-weakmap-2.0.2.tgz 223ms (cache miss)
2593 http fetch GET 200 https://registry.npmjs.org/is-finalizationregistry/-/is-finalizationregistry-1.1.1.tgz 295ms (cache miss)
2594 http fetch GET 200 https://registry.npmjs.org/is-async-function/-/is-async-function-2.1.1.tgz 300ms (cache miss)
2595 http fetch GET 200 https://registry.npmjs.org/querystringify/-/querystringify-2.2.0.tgz 303ms (cache miss)
2596 http fetch GET 200 https://registry.npmjs.org/which-collection/-/which-collection-1.0.2.tgz 340ms (cache miss)
2597 http fetch GET 200 https://registry.npmjs.org/is-boolean-object/-/is-boolean-object-1.2.2.tgz 345ms (cache miss)
2598 http fetch GET 200 https://registry.npmjs.org/is-number-object/-/is-number-object-1.1.1.tgz 346ms (cache miss)
2599 http fetch GET 200 https://registry.npmjs.org/through/-/through-2.3.8.tgz 349ms (cache miss)
2600 http fetch GET 200 https://registry.npmjs.org/is-bigint/-/is-bigint-1.1.0.tgz 353ms (cache miss)
2601 http fetch POST 200 https://registry.npmjs.org/-/npm/v1/security/advisories/bulk 413ms
2602 silly audit report {}
2603 http fetch GET 200 https://registry.npmjs.org/which-boxed-primitive/-/which-boxed-primitive-1.1.1.tgz 394ms (cache miss)
2604 http fetch GET 200 https://registry.npmjs.org/@types/json5/-/json5-0.0.29.tgz 578ms (cache miss)
2605 http fetch GET 200 https://registry.npmjs.org/has-bigints/-/has-bigints-1.1.0.tgz 649ms (cache miss)
2606 http fetch GET 200 https://registry.npmjs.org/which-builtin-type/-/which-builtin-type-1.2.1.tgz 658ms (cache miss)
2607 http fetch GET 200 https://registry.npmjs.org/is-map/-/is-map-2.0.3.tgz 704ms (cache miss)
2608 http fetch GET 200 https://registry.npmjs.org/for-each/-/for-each-0.3.5.tgz 710ms (cache miss)
2609 http fetch GET 200 https://registry.npmjs.org/async-function/-/async-function-1.0.0.tgz 740ms (cache miss)
2610 http fetch GET 200 https://registry.npmjs.org/reflect.getprototypeof/-/reflect.getprototypeof-1.0.10.tgz 739ms (cache miss)
2611 http fetch GET 200 https://registry.npmjs.org/@typescript-eslint/eslint-plugin/-/eslint-plugin-8.52.0.tgz 750ms (cache miss)
2612 http fetch GET 200 https://registry.npmjs.org/is-generator-function/-/is-generator-function-1.1.2.tgz 755ms (cache miss)
2613 http fetch GET 200 https://registry.npmjs.org/sort-keys/-/sort-keys-1.1.2.tgz 772ms (cache miss)
2614 http fetch GET 200 https://registry.npmjs.org/url-parse/-/url-parse-1.5.10.tgz 773ms (cache miss)
2615 http fetch GET 200 https://registry.npmjs.org/@tokenizer/token/-/token-0.3.0.tgz 776ms (cache miss)
2616 http fetch GET 200 https://registry.npmjs.org/inspect-with-kind/-/inspect-with-kind-1.0.5.tgz 808ms (cache miss)
2617 http fetch GET 200 https://registry.npmjs.org/@borewit/text-codec/-/text-codec-0.2.1.tgz 814ms (cache miss)
2618 http fetch GET 200 https://registry.npmjs.org/totalist/-/totalist-3.0.1.tgz 818ms (cache miss)
2619 http fetch GET 200 https://registry.npmjs.org/xmlchars/-/xmlchars-2.2.0.tgz 825ms (cache miss)
2620 http fetch GET 200 https://registry.npmjs.org/object-assign/-/object-assign-4.1.1.tgz 827ms (cache miss)
2621 http fetch GET 200 https://registry.npmjs.org/generator-function/-/generator-function-2.0.1.tgz 831ms (cache miss)
2622 http fetch GET 200 https://registry.npmjs.org/@polka/url/-/url-1.0.0-next.29.tgz 828ms (cache miss)
2623 http fetch GET 200 https://registry.npmjs.org/mrmime/-/mrmime-2.0.1.tgz 859ms (cache miss)
2624 http fetch GET 200 https://registry.npmjs.org/@napi-rs/nice/-/nice-1.1.1.tgz 866ms (cache miss)
2625 http fetch GET 200 https://registry.npmjs.org/agent-base/-/agent-base-6.0.2.tgz 923ms (cache miss)
2626 http fetch GET 200 https://registry.npmjs.org/rrweb-cssom/-/rrweb-cssom-0.6.0.tgz 930ms (cache miss)
2627 http fetch GET 200 https://registry.npmjs.org/w3c-xmlserializer/-/w3c-xmlserializer-4.0.0.tgz 936ms (cache miss)
2628 http fetch GET 200 https://registry.npmjs.org/symbol-tree/-/symbol-tree-3.2.4.tgz 950ms (cache miss)
2629 http fetch GET 200 https://registry.npmjs.org/whatwg-mimetype/-/whatwg-mimetype-3.0.0.tgz 950ms (cache miss)
2630 http fetch GET 200 https://registry.npmjs.org/https-proxy-agent/-/https-proxy-agent-5.0.1.tgz 968ms (cache miss)
2631 http fetch GET 200 https://registry.npmjs.org/nwsapi/-/nwsapi-2.2.23.tgz 988ms (cache miss)
2632 http fetch GET 200 https://registry.npmjs.org/xml-name-validator/-/xml-name-validator-4.0.0.tgz 1018ms (cache miss)
2633 http fetch GET 200 https://registry.npmjs.org/is-potential-custom-element-name/-/is-potential-custom-element-name-1.0.1.tgz 1023ms (cache miss)
2634 http fetch GET 200 https://registry.npmjs.org/tough-cookie/-/tough-cookie-4.1.4.tgz 1029ms (cache miss)
2635 http fetch GET 200 https://registry.npmjs.org/http-proxy-agent/-/http-proxy-agent-5.0.0.tgz 1051ms (cache miss)
2636 http fetch GET 200 https://registry.npmjs.org/data-urls/-/data-urls-4.0.0.tgz 1104ms (cache miss)
2637 http fetch GET 200 https://registry.npmjs.org/cssstyle/-/cssstyle-3.0.0.tgz 1151ms (cache miss)
2638 http fetch GET 200 https://registry.npmjs.org/domexception/-/domexception-4.0.0.tgz 1160ms (cache miss)
2639 warn deprecated domexception@4.0.0: Use your platform's native DOMException instead
2640 http fetch GET 200 https://registry.npmjs.org/saxes/-/saxes-6.0.0.tgz 1254ms (cache miss)
2641 http fetch GET 200 https://registry.npmjs.org/html-escaper/-/html-escaper-2.0.2.tgz 1269ms (cache miss)
2642 http fetch GET 200 https://registry.npmjs.org/language-subtag-registry/-/language-subtag-registry-0.3.23.tgz 1295ms (cache miss)
2643 http fetch GET 200 https://registry.npmjs.org/set-function-name/-/set-function-name-2.0.2.tgz 1306ms (cache miss)
2644 http fetch GET 200 https://registry.npmjs.org/@tootallnate/once/-/once-2.0.0.tgz 1337ms (cache miss)
2645 http fetch GET 200 https://registry.npmjs.org/resolve-alpn/-/resolve-alpn-1.2.1.tgz 1340ms (cache miss)
2646 http fetch GET 200 https://registry.npmjs.org/mimic-response/-/mimic-response-4.0.0.tgz 1346ms (cache miss)
2647 http fetch GET 200 https://registry.npmjs.org/abab/-/abab-2.0.6.tgz 1452ms (cache miss)
2648 warn deprecated abab@2.0.6: Use your platform's native atob() and btoa() methods instead
2649 http fetch GET 200 https://registry.npmjs.org/http-cache-semantics/-/http-cache-semantics-4.2.0.tgz 1799ms (cache miss)
2650 http fetch GET 200 https://registry.npmjs.org/quick-lru/-/quick-lru-5.1.1.tgz 1808ms (cache miss)
2651 http fetch GET 200 https://registry.npmjs.org/@types/http-cache-semantics/-/http-cache-semantics-4.0.4.tgz 1821ms (cache miss)
2652 http fetch GET 200 https://registry.npmjs.org/defer-to-connect/-/defer-to-connect-2.0.1.tgz 1840ms (cache miss)
2653 http fetch GET 200 https://registry.npmjs.org/decimal.js/-/decimal.js-10.6.0.tgz 1892ms (cache miss)
2654 http fetch GET 200 https://registry.npmjs.org/p-cancelable/-/p-cancelable-3.0.0.tgz 1941ms (cache miss)
2655 http fetch GET 200 https://registry.npmjs.org/responselike/-/responselike-3.0.0.tgz 1942ms (cache miss)
2656 http fetch GET 200 https://registry.npmjs.org/lowercase-keys/-/lowercase-keys-3.0.0.tgz 1942ms (cache miss)
2657 http fetch GET 200 https://registry.npmjs.org/http2-wrapper/-/http2-wrapper-2.2.1.tgz 1980ms (cache miss)
2658 http fetch GET 200 https://registry.npmjs.org/decompress-response/-/decompress-response-6.0.0.tgz 1990ms (cache miss)
2659 http fetch GET 200 https://registry.npmjs.org/cacheable-lookup/-/cacheable-lookup-7.0.0.tgz 2013ms (cache miss)
2660 http fetch GET 200 https://registry.npmjs.org/form-data-encoder/-/form-data-encoder-2.1.4.tgz 2032ms (cache miss)
2661 http fetch GET 200 https://registry.npmjs.org/functions-have-names/-/functions-have-names-1.2.3.tgz 2031ms (cache miss)
2662 http fetch GET 200 https://registry.npmjs.org/@napi-rs/nice-darwin-arm64/-/nice-darwin-arm64-1.1.1.tgz 2050ms (cache miss)
2663 http fetch GET 200 https://registry.npmjs.org/psl/-/psl-1.15.0.tgz 2054ms (cache miss)
2664 http fetch GET 200 https://registry.npmjs.org/semver-regex/-/semver-regex-4.0.5.tgz 2059ms (cache miss)
2665 http fetch GET 200 https://registry.npmjs.org/@sindresorhus/is/-/is-5.6.0.tgz 2092ms (cache miss)
2666 http fetch GET 200 https://registry.npmjs.org/uint8array-extras/-/uint8array-extras-1.5.0.tgz 2122ms (cache miss)
2667 http fetch GET 200 https://registry.npmjs.org/@szmarczak/http-timer/-/http-timer-5.0.1.tgz 2126ms (cache miss)
2668 http fetch GET 200 https://registry.npmjs.org/filename-reserved-regex/-/filename-reserved-regex-3.0.0.tgz 2132ms (cache miss)
2669 http fetch GET 200 https://registry.npmjs.org/token-types/-/token-types-6.1.2.tgz 2161ms (cache miss)
2670 http fetch GET 200 https://registry.npmjs.org/strtok3/-/strtok3-10.3.4.tgz 2170ms (cache miss)
2671 http fetch GET 200 https://registry.npmjs.org/@tokenizer/inflate/-/inflate-0.2.7.tgz 2177ms (cache miss)
2672 http fetch GET 200 https://registry.npmjs.org/strip-final-newline/-/strip-final-newline-2.0.0.tgz 2177ms (cache miss)
2673 http fetch GET 200 https://registry.npmjs.org/sort-keys-length/-/sort-keys-length-1.0.1.tgz 2178ms (cache miss)
2674 http fetch GET 200 https://registry.npmjs.org/ext-list/-/ext-list-2.2.2.tgz 2179ms (cache miss)
2675 http fetch GET 200 https://registry.npmjs.org/string.prototype.matchall/-/string.prototype.matchall-4.0.12.tgz 2202ms (cache miss)
2676 http fetch GET 200 https://registry.npmjs.org/array.prototype.tosorted/-/array.prototype.tosorted-1.1.4.tgz 2206ms (cache miss)
2677 http fetch GET 200 https://registry.npmjs.org/object.entries/-/object.entries-1.1.9.tgz 2210ms (cache miss)
2678 http fetch GET 200 https://registry.npmjs.org/string.prototype.repeat/-/string.prototype.repeat-1.0.0.tgz 2210ms (cache miss)
2679 http fetch GET 200 https://registry.npmjs.org/cacheable-request/-/cacheable-request-10.2.14.tgz 2239ms (cache miss)
2680 http fetch GET 200 https://registry.npmjs.org/iterator.prototype/-/iterator.prototype-1.1.5.tgz 2294ms (cache miss)
2681 http fetch GET 200 https://registry.npmjs.org/array.prototype.findlast/-/array.prototype.findlast-1.2.5.tgz 2295ms (cache miss)
2682 http fetch GET 200 https://registry.npmjs.org/prop-types/-/prop-types-15.8.1.tgz 2295ms (cache miss)
2683 http fetch GET 200 https://registry.npmjs.org/string.prototype.includes/-/string.prototype.includes-2.0.1.tgz 2314ms (cache miss)
2684 http fetch GET 200 https://registry.npmjs.org/ast-types-flow/-/ast-types-flow-0.0.8.tgz 2332ms (cache miss)
2685 http fetch GET 200 https://registry.npmjs.org/language-tags/-/language-tags-1.0.9.tgz 2336ms (cache miss)
2686 http fetch GET 200 https://registry.npmjs.org/possible-typed-array-names/-/possible-typed-array-names-1.1.0.tgz 2378ms (cache miss)
2687 http fetch GET 200 https://registry.npmjs.org/damerau-levenshtein/-/damerau-levenshtein-1.0.8.tgz 2383ms (cache miss)
2688 http fetch GET 200 https://registry.npmjs.org/is-symbol/-/is-symbol-1.1.1.tgz 2398ms (cache miss)
2689 http fetch GET 200 https://registry.npmjs.org/es-iterator-helpers/-/es-iterator-helpers-1.2.2.tgz 2402ms (cache miss)
2690 http fetch GET 200 https://registry.npmjs.org/is-date-object/-/is-date-object-1.1.0.tgz 2430ms (cache miss)
2691 http fetch GET 200 https://registry.npmjs.org/unbox-primitive/-/unbox-primitive-1.1.0.tgz 2438ms (cache miss)
2692 http fetch GET 200 https://registry.npmjs.org/jsx-ast-utils/-/jsx-ast-utils-3.3.5.tgz 2450ms (cache miss)
2693 http fetch GET 200 https://registry.npmjs.org/typed-array-length/-/typed-array-length-1.0.7.tgz 2665ms (cache miss)
2694 http fetch GET 200 https://registry.npmjs.org/string.prototype.trimstart/-/string.prototype.trimstart-1.0.8.tgz 2785ms (cache miss)
2695 http fetch GET 200 https://registry.npmjs.org/typed-array-byte-length/-/typed-array-byte-length-1.0.3.tgz 2823ms (cache miss)
2696 http fetch GET 200 https://registry.npmjs.org/axobject-query/-/axobject-query-4.1.0.tgz 2981ms (cache miss)
2697 http fetch GET 200 https://registry.npmjs.org/typed-array-buffer/-/typed-array-buffer-1.0.3.tgz 2999ms (cache miss)
2698 http fetch GET 200 https://registry.npmjs.org/string.prototype.trim/-/string.prototype.trim-1.2.10.tgz 3015ms (cache miss)
2699 http fetch GET 200 https://registry.npmjs.org/stop-iteration-iterator/-/stop-iteration-iterator-1.1.0.tgz 3023ms (cache miss)
2700 http fetch GET 200 https://registry.npmjs.org/which-typed-array/-/which-typed-array-1.1.19.tgz 3026ms (cache miss)
2701 http fetch GET 200 https://registry.npmjs.org/set-proto/-/set-proto-1.0.0.tgz 3037ms (cache miss)
2702 http fetch GET 200 https://registry.npmjs.org/safe-array-concat/-/safe-array-concat-1.1.3.tgz 3057ms (cache miss)
2703 http fetch GET 200 https://registry.npmjs.org/typed-array-byte-offset/-/typed-array-byte-offset-1.0.4.tgz 3059ms (cache miss)
2704 http fetch GET 200 https://registry.npmjs.org/safe-regex-test/-/safe-regex-test-1.1.0.tgz 3065ms (cache miss)
2705 http fetch GET 200 https://registry.npmjs.org/safe-push-apply/-/safe-push-apply-1.0.0.tgz 3066ms (cache miss)
2706 http fetch GET 200 https://registry.npmjs.org/regexp.prototype.flags/-/regexp.prototype.flags-1.5.4.tgz 3163ms (cache miss)
2707 http fetch GET 200 https://registry.npmjs.org/own-keys/-/own-keys-1.0.1.tgz 3170ms (cache miss)
2708 http fetch GET 200 https://registry.npmjs.org/axe-core/-/axe-core-4.11.0.tgz 3181ms (cache miss)
2709 http fetch GET 200 https://registry.npmjs.org/is-weakref/-/is-weakref-1.1.1.tgz 3179ms (cache miss)
2710 http fetch GET 200 https://registry.npmjs.org/is-shared-array-buffer/-/is-shared-array-buffer-1.0.4.tgz 3204ms (cache miss)
2711 http fetch GET 200 https://registry.npmjs.org/is-regex/-/is-regex-1.2.1.tgz 3238ms (cache miss)
2712 http fetch GET 200 https://registry.npmjs.org/is-data-view/-/is-data-view-1.0.2.tgz 3249ms (cache miss)
2713 http fetch GET 200 https://registry.npmjs.org/is-callable/-/is-callable-1.2.7.tgz 3254ms (cache miss)
2714 http fetch GET 200 https://registry.npmjs.org/is-array-buffer/-/is-array-buffer-3.0.5.tgz 3259ms (cache miss)
2715 http fetch GET 200 https://registry.npmjs.org/internal-slot/-/internal-slot-1.1.0.tgz 3261ms (cache miss)
2716 http fetch GET 200 https://registry.npmjs.org/object.assign/-/object.assign-4.1.7.tgz 3269ms (cache miss)
2717 http fetch GET 200 https://registry.npmjs.org/has-proto/-/has-proto-1.2.0.tgz 3270ms (cache miss)
2718 http fetch GET 200 https://registry.npmjs.org/is-set/-/is-set-2.0.3.tgz 3283ms (cache miss)
2719 http fetch GET 200 https://registry.npmjs.org/human-signals/-/human-signals-2.1.0.tgz 3289ms (cache miss)
2720 http fetch GET 200 https://registry.npmjs.org/is-typed-array/-/is-typed-array-1.1.15.tgz 3286ms (cache miss)
2721 http fetch GET 200 https://registry.npmjs.org/globalthis/-/globalthis-1.0.4.tgz 3310ms (cache miss)
2722 http fetch GET 200 https://registry.npmjs.org/function.prototype.name/-/function.prototype.name-1.1.8.tgz 3311ms (cache miss)
2723 http fetch GET 200 https://registry.npmjs.org/get-symbol-description/-/get-symbol-description-1.1.0.tgz 3323ms (cache miss)
2724 http fetch GET 200 https://registry.npmjs.org/data-view-byte-offset/-/data-view-byte-offset-1.0.1.tgz 3325ms (cache miss)
2725 http fetch GET 200 https://registry.npmjs.org/es-to-primitive/-/es-to-primitive-1.3.0.tgz 3338ms (cache miss)
2726 http fetch GET 200 https://registry.npmjs.org/object-keys/-/object-keys-1.1.1.tgz 3372ms (cache miss)
2727 http fetch GET 200 https://registry.npmjs.org/data-view-byte-length/-/data-view-byte-length-1.0.2.tgz 3392ms (cache miss)
2728 http fetch GET 200 https://registry.npmjs.org/available-typed-arrays/-/available-typed-arrays-1.0.7.tgz 3399ms (cache miss)
2729 http fetch GET 200 https://registry.npmjs.org/arraybuffer.prototype.slice/-/arraybuffer.prototype.slice-1.0.4.tgz 3399ms (cache miss)
2730 http fetch GET 200 https://registry.npmjs.org/has-property-descriptors/-/has-property-descriptors-1.0.2.tgz 3399ms (cache miss)
2731 http fetch GET 200 https://registry.npmjs.org/array-buffer-byte-length/-/array-buffer-byte-length-1.0.2.tgz 3399ms (cache miss)
2732 http fetch GET 200 https://registry.npmjs.org/data-view-buffer/-/data-view-buffer-1.0.2.tgz 3402ms (cache miss)
2733 http fetch GET 200 https://registry.npmjs.org/string.prototype.trimend/-/string.prototype.trimend-1.0.9.tgz 3418ms (cache miss)
2734 http fetch GET 200 https://registry.npmjs.org/is-negative-zero/-/is-negative-zero-2.0.3.tgz 3418ms (cache miss)
2735 http fetch GET 200 https://registry.npmjs.org/is-string/-/is-string-1.1.1.tgz 3419ms (cache miss)
2736 http fetch GET 200 https://registry.npmjs.org/es-shim-unscopables/-/es-shim-unscopables-1.1.0.tgz 3420ms (cache miss)
2737 http fetch GET 200 https://registry.npmjs.org/call-bind/-/call-bind-1.0.8.tgz 3431ms (cache miss)
2738 http fetch GET 200 https://registry.npmjs.org/set-function-length/-/set-function-length-1.2.2.tgz 3445ms (cache miss)
2739 http fetch GET 200 https://registry.npmjs.org/define-properties/-/define-properties-1.2.1.tgz 3487ms (cache miss)
2740 http fetch GET 200 https://registry.npmjs.org/object.values/-/object.values-1.2.1.tgz 3515ms (cache miss)
2741 http fetch GET 200 https://registry.npmjs.org/object.fromentries/-/object.fromentries-2.0.8.tgz 3522ms (cache miss)
2742 http fetch GET 200 https://registry.npmjs.org/doctrine/-/doctrine-2.1.0.tgz 3530ms (cache miss)
2743 http fetch GET 200 https://registry.npmjs.org/array.prototype.flatmap/-/array.prototype.flatmap-1.3.3.tgz 3537ms (cache miss)
2744 http fetch GET 200 https://registry.npmjs.org/object.groupby/-/object.groupby-1.0.3.tgz 3537ms (cache miss)
2745 http fetch GET 200 https://registry.npmjs.org/eslint-import-resolver-node/-/eslint-import-resolver-node-0.3.9.tgz 3547ms (cache miss)
2746 http fetch GET 200 https://registry.npmjs.org/define-data-property/-/define-data-property-1.1.4.tgz 3557ms (cache miss)
2747 http fetch GET 200 https://registry.npmjs.org/eslint-module-utils/-/eslint-module-utils-2.12.1.tgz 3560ms (cache miss)
2748 http fetch GET 200 https://registry.npmjs.org/find-versions/-/find-versions-5.1.0.tgz 3568ms (cache miss)
2749 http fetch GET 200 https://registry.npmjs.org/array.prototype.flat/-/array.prototype.flat-1.3.3.tgz 3569ms (cache miss)
2750 http fetch GET 200 https://registry.npmjs.org/array.prototype.findlastindex/-/array.prototype.findlastindex-1.2.6.tgz 3570ms (cache miss)
2751 http fetch GET 200 https://registry.npmjs.org/array-includes/-/array-includes-3.1.9.tgz 3575ms (cache miss)
2752 http fetch GET 200 https://registry.npmjs.org/bin-version/-/bin-version-6.0.0.tgz 3603ms (cache miss)
2753 http fetch GET 200 https://registry.npmjs.org/arch/-/arch-3.0.0.tgz 3636ms (cache miss)
2754 http fetch GET 200 https://registry.npmjs.org/is-stream/-/is-stream-2.0.1.tgz 3644ms (cache miss)
2755 http fetch GET 200 https://registry.npmjs.org/semver-truncate/-/semver-truncate-3.0.0.tgz 3703ms (cache miss)
2756 http fetch GET 200 https://registry.npmjs.org/strip-dirs/-/strip-dirs-3.0.0.tgz 3723ms (cache miss)
2757 http fetch GET 200 https://registry.npmjs.org/yauzl/-/yauzl-3.2.0.tgz 3757ms (cache miss)
2758 http fetch GET 200 https://registry.npmjs.org/unbzip2-stream/-/unbzip2-stream-1.4.3.tgz 3758ms (cache miss)
2759 http fetch GET 200 https://registry.npmjs.org/dequal/-/dequal-2.0.3.tgz 3758ms (cache miss)
2760 http fetch GET 200 https://registry.npmjs.org/@xhmikosr/decompress-targz/-/decompress-targz-8.1.0.tgz 3765ms (cache miss)
2761 http fetch GET 200 https://registry.npmjs.org/get-stream/-/get-stream-6.0.1.tgz 3784ms (cache miss)
2762 http fetch GET 200 https://registry.npmjs.org/filenamify/-/filenamify-6.0.0.tgz 3791ms (cache miss)
2763 http fetch GET 200 https://registry.npmjs.org/@rtsao/scc/-/scc-1.1.0.tgz 3794ms (cache miss)
2764 http fetch GET 200 https://registry.npmjs.org/@xhmikosr/decompress/-/decompress-10.2.0.tgz 3814ms (cache miss)
2765 http fetch GET 200 https://registry.npmjs.org/execa/-/execa-5.1.1.tgz 3843ms (cache miss)
2766 http fetch GET 200 https://registry.npmjs.org/bin-version-check/-/bin-version-check-5.1.0.tgz 3871ms (cache miss)
2767 http fetch GET 200 https://registry.npmjs.org/ext-name/-/ext-name-5.0.0.tgz 3918ms (cache miss)
2768 http fetch GET 200 https://registry.npmjs.org/@xhmikosr/downloader/-/downloader-15.2.0.tgz 3918ms (cache miss)
2769 http fetch GET 200 https://registry.npmjs.org/file-type/-/file-type-20.5.0.tgz 3918ms (cache miss)
2770 http fetch GET 200 https://registry.npmjs.org/sirv/-/sirv-3.0.2.tgz 3940ms (cache miss)
2771 http fetch GET 200 https://registry.npmjs.org/seek-bzip/-/seek-bzip-2.0.0.tgz 4048ms (cache miss)
2772 http fetch GET 200 https://registry.npmjs.org/magicast/-/magicast-0.5.1.tgz 4049ms (cache miss)
2773 http fetch GET 200 https://registry.npmjs.org/@xhmikosr/decompress-tar/-/decompress-tar-8.1.0.tgz 4051ms (cache miss)
2774 http fetch GET 200 https://registry.npmjs.org/istanbul-lib-source-maps/-/istanbul-lib-source-maps-5.0.6.tgz 4137ms (cache miss)
2775 http fetch GET 200 https://registry.npmjs.org/got/-/got-13.0.0.tgz 4142ms (cache miss)
2776 http fetch GET 200 https://registry.npmjs.org/istanbul-reports/-/istanbul-reports-3.2.0.tgz 4182ms (cache miss)
2777 http fetch GET 200 https://registry.npmjs.org/istanbul-lib-report/-/istanbul-lib-report-3.0.1.tgz 4238ms (cache miss)
2778 http fetch GET 200 https://registry.npmjs.org/istanbul-lib-coverage/-/istanbul-lib-coverage-3.2.2.tgz 4243ms (cache miss)
2779 http fetch GET 200 https://registry.npmjs.org/@bcoe/v8-coverage/-/v8-coverage-1.0.2.tgz 4345ms (cache miss)
2780 http fetch GET 200 https://registry.npmjs.org/@xhmikosr/decompress-tarbz2/-/decompress-tarbz2-8.1.0.tgz 4363ms (cache miss)
2781 http fetch GET 200 https://registry.npmjs.org/@types/babel__traverse/-/babel__traverse-7.28.0.tgz 4371ms (cache miss)
2782 http fetch GET 200 https://registry.npmjs.org/fflate/-/fflate-0.8.2.tgz 4374ms (cache miss)
2783 http fetch GET 200 https://registry.npmjs.org/@rolldown/pluginutils/-/pluginutils-1.0.0-beta.27.tgz 4376ms (cache miss)
2784 http fetch GET 200 https://registry.npmjs.org/@xhmikosr/decompress-unzip/-/decompress-unzip-7.1.0.tgz 4397ms (cache miss)
2785 http fetch GET 200 https://registry.npmjs.org/@types/babel__template/-/babel__template-7.4.4.tgz 4394ms (cache miss)
2786 http fetch GET 200 https://registry.npmjs.org/@types/babel__generator/-/babel__generator-7.27.0.tgz 4396ms (cache miss)
2787 http fetch GET 200 https://registry.npmjs.org/@babel/plugin-transform-react-jsx-self/-/plugin-transform-react-jsx-self-7.27.1.tgz 4405ms (cache miss)
2788 http fetch GET 200 https://registry.npmjs.org/@xhmikosr/archive-type/-/archive-type-7.1.0.tgz 4409ms (cache miss)
2789 http fetch GET 200 https://registry.npmjs.org/ast-v8-to-istanbul/-/ast-v8-to-istanbul-0.3.10.tgz 4414ms (cache miss)
2790 http fetch GET 200 https://registry.npmjs.org/@types/babel__core/-/babel__core-7.20.5.tgz 4444ms (cache miss)
2791 http fetch GET 200 https://registry.npmjs.org/@babel/plugin-transform-react-jsx-source/-/plugin-transform-react-jsx-source-7.27.1.tgz 4512ms (cache miss)
2792 http fetch GET 200 https://registry.npmjs.org/pirates/-/pirates-4.0.7.tgz 4530ms (cache miss)
2793 http fetch GET 200 https://registry.npmjs.org/@types/aria-query/-/aria-query-5.0.4.tgz 4565ms (cache miss)
2794 http fetch GET 200 https://registry.npmjs.org/lz-string/-/lz-string-1.5.0.tgz 4600ms (cache miss)
2795 http fetch GET 200 https://registry.npmjs.org/aria-query/-/aria-query-5.3.0.tgz 4619ms (cache miss)
2796 http fetch GET 200 https://registry.npmjs.org/@types/prop-types/-/prop-types-15.7.15.tgz 4636ms (cache miss)
2797 http fetch GET 200 https://registry.npmjs.org/jsonc-eslint-parser/-/jsonc-eslint-parser-2.4.2.tgz 4643ms (cache miss)
2798 http fetch GET 200 https://registry.npmjs.org/@swc/types/-/types-0.1.25.tgz 4650ms (cache miss)
2799 http fetch GET 200 https://registry.npmjs.org/typescript-eslint/-/typescript-eslint-8.52.0.tgz 4680ms (cache miss)
2800 http fetch GET 200 https://registry.npmjs.org/@xhmikosr/os-filter-obj/-/os-filter-obj-3.0.0.tgz 4710ms (cache miss)
2801 http fetch GET 200 https://registry.npmjs.org/@xhmikosr/bin-check/-/bin-check-7.1.0.tgz 4715ms (cache miss)
2802 http fetch GET 200 https://registry.npmjs.org/dom-accessibility-api/-/dom-accessibility-api-0.5.16.tgz 4715ms (cache miss)
2803 http fetch GET 200 https://registry.npmjs.org/confusing-browser-globals/-/confusing-browser-globals-1.0.11.tgz 4718ms (cache miss)
2804 http fetch GET 200 https://registry.npmjs.org/@swc/counter/-/counter-0.1.3.tgz 4740ms (cache miss)
2805 http fetch GET 200 https://registry.npmjs.org/eslint-plugin-react-hooks/-/eslint-plugin-react-hooks-5.0.0.tgz 4832ms (cache miss)
2806 http fetch GET 200 https://registry.npmjs.org/eslint-config-prettier/-/eslint-config-prettier-10.1.8.tgz 5303ms (cache miss)
2807 http fetch GET 200 https://registry.npmjs.org/eslint-plugin-react/-/eslint-plugin-react-7.35.0.tgz 5381ms (cache miss)
2808 http fetch GET 200 https://registry.npmjs.org/@types/react-dom/-/react-dom-18.3.0.tgz 5388ms (cache miss)
2809 http fetch GET 200 https://registry.npmjs.org/@xhmikosr/bin-wrapper/-/bin-wrapper-13.2.0.tgz 5514ms (cache miss)
2810 http fetch GET 200 https://registry.npmjs.org/@swc-node/sourcemap-support/-/sourcemap-support-0.5.1.tgz 5516ms (cache miss)
2811 http fetch GET 200 https://registry.npmjs.org/@vitest/coverage-v8/-/coverage-v8-4.0.16.tgz 5631ms (cache miss)
2812 http fetch GET 200 https://registry.npmjs.org/jsdom/-/jsdom-22.1.0.tgz 5637ms (cache miss)
2813 http fetch GET 200 https://registry.npmjs.org/@vitejs/plugin-react/-/plugin-react-4.7.0.tgz 5846ms (cache miss)
2814 http fetch GET 200 https://registry.npmjs.org/eslint-plugin-jsx-a11y/-/eslint-plugin-jsx-a11y-6.10.1.tgz 6093ms (cache miss)
2815 http fetch GET 200 https://registry.npmjs.org/eslint-plugin-import/-/eslint-plugin-import-2.31.0.tgz 6156ms (cache miss)
2816 http fetch GET 200 https://registry.npmjs.org/@swc/cli/-/cli-0.6.0.tgz 6327ms (cache miss)
2817 http fetch GET 200 https://registry.npmjs.org/@swc-node/register/-/register-1.9.2.tgz 6573ms (cache miss)
2818 http fetch GET 200 https://registry.npmjs.org/undici-types/-/undici-types-6.21.0.tgz 6668ms (cache miss)
2819 http fetch GET 200 https://registry.npmjs.org/@types/react/-/react-18.3.1.tgz 6834ms (cache miss)
2820 http fetch GET 200 https://registry.npmjs.org/@swc/helpers/-/helpers-0.5.18.tgz 6981ms (cache miss)
2821 http fetch GET 200 https://registry.npmjs.org/@swc/core/-/core-1.5.29.tgz 7210ms (cache miss)
2822 http fetch GET 200 https://registry.npmjs.org/@typescript-eslint/parser/-/parser-8.52.0.tgz 7555ms (cache miss)
2823 http fetch GET 200 https://registry.npmjs.org/@typescript-eslint/visitor-keys/-/visitor-keys-8.52.0.tgz 7556ms (cache miss)
2824 http fetch GET 200 https://registry.npmjs.org/@typescript-eslint/utils/-/utils-8.52.0.tgz 7626ms (cache miss)
2825 http fetch GET 200 https://registry.npmjs.org/@typescript-eslint/typescript-estree/-/typescript-estree-8.52.0.tgz 7691ms (cache miss)
2826 http fetch GET 200 https://registry.npmjs.org/@typescript-eslint/types/-/types-8.52.0.tgz 7789ms (cache miss)
2827 http fetch GET 200 https://registry.npmjs.org/@testing-library/react/-/react-16.3.0.tgz 7997ms (cache miss)
2828 http fetch GET 200 https://registry.npmjs.org/@typescript-eslint/tsconfig-utils/-/tsconfig-utils-8.52.0.tgz 8087ms (cache miss)
2829 http fetch GET 200 https://registry.npmjs.org/react-dom/-/react-dom-18.3.1.tgz 8286ms (cache miss)
2830 http fetch GET 200 https://registry.npmjs.org/@nx/eslint-plugin/-/eslint-plugin-22.3.3.tgz 8291ms (cache miss)
2831 http fetch GET 200 https://registry.npmjs.org/piscina/-/piscina-4.9.2.tgz 8305ms (cache miss)
2832 http fetch GET 200 https://registry.npmjs.org/isarray/-/isarray-2.0.5.tgz 8365ms (cache miss)
2833 http fetch GET 200 https://registry.npmjs.org/b4a/-/b4a-1.7.3.tgz 8516ms (cache miss)
2834 http fetch GET 200 https://registry.npmjs.org/is-plain-obj/-/is-plain-obj-1.1.0.tgz 8618ms (cache miss)
2835 http fetch GET 200 https://registry.npmjs.org/universalify/-/universalify-0.2.0.tgz 8638ms (cache miss)
2836 http fetch GET 200 https://registry.npmjs.org/@typescript-eslint/project-service/-/project-service-8.52.0.tgz 8697ms (cache miss)
2837 http fetch GET 200 https://registry.npmjs.org/csstype/-/csstype-3.2.3.tgz 8721ms (cache miss)
2838 http fetch GET 200 https://registry.npmjs.org/@testing-library/dom/-/dom-10.4.0.tgz 8721ms (cache miss)
2839 http fetch GET 200 https://registry.npmjs.org/webidl-conversions/-/webidl-conversions-7.0.0.tgz 8718ms (cache miss)
2840 http fetch GET 200 https://registry.npmjs.org/tr46/-/tr46-4.1.1.tgz 8759ms (cache miss)
2841 http fetch GET 200 https://registry.npmjs.org/mimic-response/-/mimic-response-3.1.0.tgz 8832ms (cache miss)
2842 http fetch GET 200 https://registry.npmjs.org/react-is/-/react-is-16.13.1.tgz 8954ms (cache miss)
2843 http fetch GET 200 https://registry.npmjs.org/@typescript-eslint/type-utils/-/type-utils-8.52.0.tgz 8968ms (cache miss)
2844 http fetch GET 200 https://registry.npmjs.org/webidl-conversions/-/webidl-conversions-7.0.0.tgz 9025ms (cache miss)
2845 http fetch GET 200 https://registry.npmjs.org/whatwg-url/-/whatwg-url-12.0.1.tgz 9041ms (cache miss)
2846 http fetch GET 200 https://registry.npmjs.org/isarray/-/isarray-2.0.5.tgz 9041ms (cache miss)
2847 http fetch GET 200 https://registry.npmjs.org/normalize-url/-/normalize-url-8.1.1.tgz 9041ms (cache miss)
2848 http fetch GET 200 https://registry.npmjs.org/commander/-/commander-6.2.1.tgz 9062ms (cache miss)
2849 http fetch GET 200 https://registry.npmjs.org/isarray/-/isarray-2.0.5.tgz 9076ms (cache miss)
2850 http fetch GET 200 https://registry.npmjs.org/is-plain-obj/-/is-plain-obj-1.1.0.tgz 9115ms (cache miss)
2851 http fetch GET 200 https://registry.npmjs.org/debug/-/debug-3.2.7.tgz 9194ms (cache miss)
2852 http fetch GET 200 https://registry.npmjs.org/debug/-/debug-3.2.7.tgz 9228ms (cache miss)
2853 http fetch GET 200 https://registry.npmjs.org/make-dir/-/make-dir-4.0.0.tgz 9237ms (cache miss)
2854 http fetch GET 200 https://registry.npmjs.org/js-tokens/-/js-tokens-9.0.1.tgz 9271ms (cache miss)
2855 http fetch GET 200 https://registry.npmjs.org/tar-stream/-/tar-stream-3.1.7.tgz 9275ms (cache miss)
2856 http fetch GET 200 https://registry.npmjs.org/defaults/-/defaults-2.0.2.tgz 9275ms (cache miss)
2857 http fetch GET 200 https://registry.npmjs.org/@typescript-eslint/scope-manager/-/scope-manager-8.52.0.tgz 9284ms (cache miss)
2858 http fetch GET 200 https://registry.npmjs.org/whatwg-url/-/whatwg-url-12.0.1.tgz 9336ms (cache miss)
2859 http fetch GET 200 https://registry.npmjs.org/entities/-/entities-6.0.1.tgz 9395ms (cache miss)
2860 http fetch GET 200 https://registry.npmjs.org/webidl-conversions/-/webidl-conversions-7.0.0.tgz 9405ms (cache miss)
2861 http fetch GET 200 https://registry.npmjs.org/@vitest/ui/-/ui-4.0.16.tgz 9474ms (cache miss)
2862 http fetch GET 200 https://registry.npmjs.org/b4a/-/b4a-1.7.3.tgz 9475ms (cache miss)
2863 http fetch GET 200 https://registry.npmjs.org/tr46/-/tr46-4.1.1.tgz 9548ms (cache miss)
2864 http fetch GET 200 https://registry.npmjs.org/resolve/-/resolve-2.0.0-next.5.tgz 9574ms (cache miss)
2865 http fetch GET 200 https://registry.npmjs.org/espree/-/espree-9.6.1.tgz 9642ms (cache miss)
2866 http fetch GET 200 https://registry.npmjs.org/tsconfig-paths/-/tsconfig-paths-3.15.0.tgz 9705ms (cache miss)
2867 http fetch GET 200 https://registry.npmjs.org/aria-query/-/aria-query-5.3.2.tgz 9719ms (cache miss)
2868 http fetch GET 200 https://registry.npmjs.org/react-refresh/-/react-refresh-0.17.0.tgz 9722ms (cache miss)
2869 http fetch GET 200 https://registry.npmjs.org/scheduler/-/scheduler-0.23.2.tgz 9745ms (cache miss)
2870 http fetch GET 200 https://registry.npmjs.org/emoji-regex/-/emoji-regex-9.2.2.tgz 9774ms (cache miss)
2871 http fetch GET 200 https://registry.npmjs.org/debug/-/debug-3.2.7.tgz 9844ms (cache miss)
2872 http fetch GET 200 https://registry.npmjs.org/slash/-/slash-3.0.0.tgz 9860ms (cache miss)
2873 http fetch GET 200 https://registry.npmjs.org/react-is/-/react-is-17.0.2.tgz 9874ms (cache miss)
2874 http fetch GET 200 https://registry.npmjs.org/@types/node/-/node-20.19.9.tgz 9886ms (cache miss)
2875 http fetch GET 200 https://registry.npmjs.org/json5/-/json5-1.0.2.tgz 9903ms (cache miss)
2876 http fetch GET 200 https://registry.npmjs.org/globals/-/globals-15.15.0.tgz 9954ms (cache miss)
2877 http fetch GET 200 https://registry.npmjs.org/commander/-/commander-8.3.0.tgz 9971ms (cache miss)
2878 http fetch GET 200 https://registry.npmjs.org/pretty-format/-/pretty-format-27.5.1.tgz 9989ms (cache miss)
2879 http fetch GET 200 https://registry.npmjs.org/parse5/-/parse5-7.3.0.tgz 10402ms (cache miss)
2880 http fetch GET 200 https://registry.npmjs.org/@swc-node/core/-/core-1.14.1.tgz 10697ms (cache miss)
2881 http fetch GET 200 https://registry.npmjs.org/es-abstract/-/es-abstract-1.24.1.tgz 11474ms (cache miss)
2882 http fetch GET 200 https://registry.npmjs.org/@swc/core-darwin-arm64/-/core-darwin-arm64-1.5.29.tgz 18049ms (cache miss)
2883 info run @swc/core@1.5.29 postinstall node_modules/@swc/core node postinstall.js
2884 info run @swc/core@1.5.29 postinstall { code: 0, signal: null }
2885 silly ADD node_modules/@types/json5
2886 silly ADD node_modules/bare-events
2887 silly ADD node_modules/text-decoder
2888 silly ADD node_modules/text-decoder/node_modules/b4a
2889 silly ADD node_modules/events-universal
2890 silly ADD node_modules/streamx
2891 silly ADD node_modules/fast-fifo
2892 silly ADD node_modules/pend
2893 silly ADD node_modules/buffer-crc32
2894 silly ADD node_modules/is-weakset
2895 silly ADD node_modules/is-weakmap
2896 silly ADD node_modules/is-map
2897 silly ADD node_modules/generator-function
2898 silly ADD node_modules/async-function
2899 silly ADD node_modules/which-collection
2900 silly ADD node_modules/is-generator-function
2901 silly ADD node_modules/is-finalizationregistry
2902 silly ADD node_modules/is-async-function
2903 silly ADD node_modules/is-number-object
2904 silly ADD node_modules/is-boolean-object
2905 silly ADD node_modules/is-bigint
2906 silly ADD node_modules/querystringify
2907 silly ADD node_modules/through
2908 silly ADD node_modules/which-boxed-primitive
2909 silly ADD node_modules/has-bigints
2910 silly ADD node_modules/@typescript-eslint/eslint-plugin
2911 silly ADD node_modules/@typescript-eslint/eslint-plugin/node_modules/ignore
2912 silly ADD node_modules/which-builtin-type
2913 silly ADD node_modules/which-builtin-type/node_modules/isarray
2914 silly ADD node_modules/reflect.getprototypeof
2915 silly ADD node_modules/for-each
2916 silly ADD node_modules/url-parse
2917 silly ADD node_modules/psl
2918 silly ADD node_modules/@borewit/text-codec
2919 silly ADD node_modules/@tokenizer/token
2920 silly ADD node_modules/inspect-with-kind
2921 silly ADD node_modules/sort-keys
2922 silly ADD node_modules/sort-keys/node_modules/is-plain-obj
2923 silly ADD node_modules/totalist
2924 silly ADD node_modules/mrmime
2925 silly ADD node_modules/@polka/url
2926 silly ADD node_modules/xmlchars
2927 silly ADD node_modules/object-assign
2928 silly ADD node_modules/@napi-rs/nice-darwin-arm64
2929 silly ADD node_modules/@napi-rs/nice
2930 silly ADD node_modules/language-subtag-registry
2931 silly ADD node_modules/agent-base
2932 silly ADD node_modules/@tootallnate/once
2933 silly ADD node_modules/xml-name-validator
2934 silly ADD node_modules/whatwg-mimetype
2935 silly ADD node_modules/w3c-xmlserializer
2936 silly ADD node_modules/tough-cookie
2937 silly ADD node_modules/tough-cookie/node_modules/universalify
2938 silly ADD node_modules/symbol-tree
2939 silly ADD node_modules/saxes
2940 silly ADD node_modules/rrweb-cssom
2941 silly ADD node_modules/nwsapi
2942 silly ADD node_modules/is-potential-custom-element-name
2943 silly ADD node_modules/https-proxy-agent
2944 silly ADD node_modules/http-proxy-agent
2945 silly ADD node_modules/domexception
2946 silly ADD node_modules/domexception/node_modules/webidl-conversions
2947 silly ADD node_modules/decimal.js
2948 silly ADD node_modules/data-urls
2949 silly ADD node_modules/data-urls/node_modules/webidl-conversions
2950 silly ADD node_modules/data-urls/node_modules/tr46
2951 silly ADD node_modules/data-urls/node_modules/whatwg-url
2952 silly ADD node_modules/cssstyle
2953 silly ADD node_modules/abab
2954 silly ADD node_modules/set-function-name
2955 silly ADD node_modules/html-escaper
2956 silly ADD node_modules/resolve-alpn
2957 silly ADD node_modules/quick-lru
2958 silly ADD node_modules/mimic-response
2959 silly ADD node_modules/http-cache-semantics
2960 silly ADD node_modules/@types/http-cache-semantics
2961 silly ADD node_modules/defer-to-connect
2962 silly ADD node_modules/responselike
2963 silly ADD node_modules/p-cancelable
2964 silly ADD node_modules/lowercase-keys
2965 silly ADD node_modules/http2-wrapper
2966 silly ADD node_modules/form-data-encoder
2967 silly ADD node_modules/decompress-response
2968 silly ADD node_modules/decompress-response/node_modules/mimic-response
2969 silly ADD node_modules/cacheable-request
2970 silly ADD node_modules/cacheable-request/node_modules/normalize-url
2971 silly ADD node_modules/cacheable-lookup
2972 silly ADD node_modules/@szmarczak/http-timer
2973 silly ADD node_modules/@sindresorhus/is
2974 silly ADD node_modules/functions-have-names
2975 silly ADD node_modules/semver-regex
2976 silly ADD node_modules/filename-reserved-regex
2977 silly ADD node_modules/uint8array-extras
2978 silly ADD node_modules/token-types
2979 silly ADD node_modules/strtok3
2980 silly ADD node_modules/@tokenizer/inflate
2981 silly ADD node_modules/sort-keys-length
2982 silly ADD node_modules/ext-list
2983 silly ADD node_modules/strip-final-newline
2984 silly ADD node_modules/human-signals
2985 silly ADD node_modules/string.prototype.repeat
2986 silly ADD node_modules/string.prototype.matchall
2987 silly ADD node_modules/prop-types
2988 silly ADD node_modules/prop-types/node_modules/react-is
2989 silly ADD node_modules/object.entries
2990 silly ADD node_modules/array.prototype.tosorted
2991 silly ADD node_modules/array.prototype.findlast
2992 silly ADD node_modules/iterator.prototype
2993 silly ADD node_modules/string.prototype.includes
2994 silly ADD node_modules/language-tags
2995 silly ADD node_modules/jsx-ast-utils
2996 silly ADD node_modules/es-iterator-helpers
2997 silly ADD node_modules/damerau-levenshtein
2998 silly ADD node_modules/axobject-query
2999 silly ADD node_modules/axe-core
3000 silly ADD node_modules/ast-types-flow
3001 silly ADD node_modules/is-symbol
3002 silly ADD node_modules/is-date-object
3003 silly ADD node_modules/possible-typed-array-names
3004 silly ADD node_modules/which-typed-array
3005 silly ADD node_modules/unbox-primitive
3006 silly ADD node_modules/typed-array-length
3007 silly ADD node_modules/typed-array-byte-offset
3008 silly ADD node_modules/typed-array-byte-length
3009 silly ADD node_modules/typed-array-buffer
3010 silly ADD node_modules/string.prototype.trimstart
3011 silly ADD node_modules/string.prototype.trim
3012 silly ADD node_modules/stop-iteration-iterator
3013 silly ADD node_modules/set-proto
3014 silly ADD node_modules/safe-regex-test
3015 silly ADD node_modules/safe-push-apply
3016 silly ADD node_modules/safe-push-apply/node_modules/isarray
3017 silly ADD node_modules/safe-array-concat
3018 silly ADD node_modules/safe-array-concat/node_modules/isarray
3019 silly ADD node_modules/regexp.prototype.flags
3020 silly ADD node_modules/own-keys
3021 silly ADD node_modules/object.assign
3022 silly ADD node_modules/is-weakref
3023 silly ADD node_modules/is-typed-array
3024 silly ADD node_modules/is-shared-array-buffer
3025 silly ADD node_modules/is-set
3026 silly ADD node_modules/is-regex
3027 silly ADD node_modules/is-negative-zero
3028 silly ADD node_modules/is-data-view
3029 silly ADD node_modules/is-callable
3030 silly ADD node_modules/is-array-buffer
3031 silly ADD node_modules/internal-slot
3032 silly ADD node_modules/has-proto
3033 silly ADD node_modules/globalthis
3034 silly ADD node_modules/get-symbol-description
3035 silly ADD node_modules/function.prototype.name
3036 silly ADD node_modules/es-to-primitive
3037 silly ADD node_modules/data-view-byte-offset
3038 silly ADD node_modules/data-view-byte-length
3039 silly ADD node_modules/data-view-buffer
3040 silly ADD node_modules/available-typed-arrays
3041 silly ADD node_modules/arraybuffer.prototype.slice
3042 silly ADD node_modules/array-buffer-byte-length
3043 silly ADD node_modules/object-keys
3044 silly ADD node_modules/has-property-descriptors
3045 silly ADD node_modules/define-data-property
3046 silly ADD node_modules/set-function-length
3047 silly ADD node_modules/es-shim-unscopables
3048 silly ADD node_modules/is-string
3049 silly ADD node_modules/es-abstract
3050 silly ADD node_modules/define-properties
3051 silly ADD node_modules/call-bind
3052 silly ADD node_modules/string.prototype.trimend
3053 silly ADD node_modules/object.values
3054 silly ADD node_modules/object.groupby
3055 silly ADD node_modules/object.fromentries
3056 silly ADD node_modules/eslint-module-utils
3057 silly ADD node_modules/eslint-module-utils/node_modules/debug
3058 silly ADD node_modules/eslint-import-resolver-node
3059 silly ADD node_modules/eslint-import-resolver-node/node_modules/debug
3060 silly ADD node_modules/doctrine
3061 silly ADD node_modules/array.prototype.flatmap
3062 silly ADD node_modules/array.prototype.flat
3063 silly ADD node_modules/array.prototype.findlastindex
3064 silly ADD node_modules/array-includes
3065 silly ADD node_modules/@rtsao/scc
3066 silly ADD node_modules/find-versions
3067 silly ADD node_modules/semver-truncate
3068 silly ADD node_modules/bin-version
3069 silly ADD node_modules/dequal
3070 silly ADD node_modules/arch
3071 silly ADD node_modules/yauzl
3072 silly ADD node_modules/unbzip2-stream
3073 silly ADD node_modules/seek-bzip
3074 silly ADD node_modules/seek-bzip/node_modules/commander
3075 silly ADD node_modules/is-stream
3076 silly ADD node_modules/strip-dirs
3077 silly ADD node_modules/strip-dirs/node_modules/is-plain-obj
3078 silly ADD node_modules/@xhmikosr/decompress-unzip
3079 silly ADD node_modules/@xhmikosr/decompress-targz
3080 silly ADD node_modules/@xhmikosr/decompress-tarbz2
3081 silly ADD node_modules/@xhmikosr/decompress-tar
3082 silly ADD node_modules/@xhmikosr/decompress-tar/node_modules/b4a
3083 silly ADD node_modules/@xhmikosr/decompress-tar/node_modules/tar-stream
3084 silly ADD node_modules/got
3085 silly ADD node_modules/get-stream
3086 silly ADD node_modules/filenamify
3087 silly ADD node_modules/file-type
3088 silly ADD node_modules/ext-name
3089 silly ADD node_modules/@xhmikosr/decompress
3090 silly ADD node_modules/@xhmikosr/archive-type
3091 silly ADD node_modules/execa
3092 silly ADD node_modules/bin-version-check
3093 silly ADD node_modules/@xhmikosr/os-filter-obj
3094 silly ADD node_modules/@xhmikosr/downloader
3095 silly ADD node_modules/@xhmikosr/downloader/node_modules/defaults
3096 silly ADD node_modules/@xhmikosr/bin-check
3097 silly ADD node_modules/sirv
3098 silly ADD node_modules/fflate
3099 silly ADD node_modules/magicast
3100 silly ADD node_modules/istanbul-reports
3101 silly ADD node_modules/istanbul-lib-source-maps
3102 silly ADD node_modules/istanbul-lib-report
3103 silly ADD node_modules/istanbul-lib-report/node_modules/make-dir
3104 silly ADD node_modules/istanbul-lib-coverage
3105 silly ADD node_modules/ast-v8-to-istanbul
3106 silly ADD node_modules/ast-v8-to-istanbul/node_modules/js-tokens
3107 silly ADD node_modules/ast-v8-to-istanbul/node_modules/estree-walker
3108 silly ADD node_modules/@bcoe/v8-coverage
3109 silly ADD node_modules/@types/babel__traverse
3110 silly ADD node_modules/@types/babel__template
3111 silly ADD node_modules/@types/babel__generator
3112 silly ADD node_modules/@types/babel__core
3113 silly ADD node_modules/@rolldown/pluginutils
3114 silly ADD node_modules/@babel/plugin-transform-react-jsx-source
3115 silly ADD node_modules/@babel/plugin-transform-react-jsx-self
3116 silly ADD node_modules/csstype
3117 silly ADD node_modules/@types/prop-types
3118 silly ADD node_modules/lz-string
3119 silly ADD node_modules/dom-accessibility-api
3120 silly ADD node_modules/aria-query
3121 silly ADD node_modules/@types/aria-query
3122 silly ADD node_modules/@swc/core-darwin-arm64
3123 silly ADD node_modules/piscina
3124 silly ADD node_modules/@xhmikosr/bin-wrapper
3125 silly ADD node_modules/@swc/counter
3126 silly ADD node_modules/pirates
3127 silly ADD node_modules/@swc-node/sourcemap-support
3128 silly ADD node_modules/@swc-node/sourcemap-support/node_modules/source-map
3129 silly ADD node_modules/@swc-node/sourcemap-support/node_modules/source-map-support
3130 silly ADD node_modules/@swc/types
3131 silly ADD node_modules/jsonc-eslint-parser
3132 silly ADD node_modules/jsonc-eslint-parser/node_modules/espree
3133 silly ADD node_modules/confusing-browser-globals
3134 silly ADD node_modules/typescript-eslint
3135 silly ADD node_modules/prettier
3136 silly ADD node_modules/jsdom
3137 silly ADD node_modules/jsdom/node_modules/tr46
3138 silly ADD node_modules/jsdom/node_modules/entities
3139 silly ADD node_modules/jsdom/node_modules/whatwg-url
3140 silly ADD node_modules/jsdom/node_modules/webidl-conversions
3141 silly ADD node_modules/jsdom/node_modules/parse5
3142 silly ADD node_modules/eslint-plugin-react-hooks
3143 silly ADD node_modules/eslint-plugin-react
3144 silly ADD node_modules/eslint-plugin-react/node_modules/brace-expansion
3145 silly ADD node_modules/eslint-plugin-react/node_modules/semver
3146 silly ADD node_modules/eslint-plugin-react/node_modules/resolve
3147 silly ADD node_modules/eslint-plugin-react/node_modules/minimatch
3148 silly ADD node_modules/eslint-plugin-jsx-a11y
3149 silly ADD node_modules/eslint-plugin-jsx-a11y/node_modules/brace-expansion
3150 silly ADD node_modules/eslint-plugin-jsx-a11y/node_modules/minimatch
3151 silly ADD node_modules/eslint-plugin-jsx-a11y/node_modules/emoji-regex
3152 silly ADD node_modules/eslint-plugin-jsx-a11y/node_modules/aria-query
3153 silly ADD node_modules/eslint-plugin-import
3154 silly ADD node_modules/eslint-plugin-import/node_modules/json5
3155 silly ADD node_modules/eslint-plugin-import/node_modules/brace-expansion
3156 silly ADD node_modules/eslint-plugin-import/node_modules/tsconfig-paths
3157 silly ADD node_modules/eslint-plugin-import/node_modules/semver
3158 silly ADD node_modules/eslint-plugin-import/node_modules/minimatch
3159 silly ADD node_modules/eslint-plugin-import/node_modules/debug
3160 silly ADD node_modules/eslint-config-prettier
3161 silly ADD node_modules/@vitest/ui
3162 silly ADD node_modules/@vitest/coverage-v8
3163 silly ADD node_modules/@vitejs/plugin-react
3164 silly ADD node_modules/@vitejs/plugin-react/node_modules/react-refresh
3165 silly ADD node_modules/@types/react-dom
3166 silly ADD node_modules/@types/react
3167 silly ADD node_modules/react-dom
3168 silly ADD node_modules/react-dom/node_modules/scheduler
3169 silly ADD node_modules/@testing-library/react
3170 silly ADD node_modules/@testing-library/dom
3171 silly ADD node_modules/@testing-library/dom/node_modules/react-is
3172 silly ADD node_modules/@testing-library/dom/node_modules/pretty-format
3173 silly ADD node_modules/@testing-library/dom/node_modules/pretty-format/node_modules/ansi-styles
3174 silly ADD node_modules/@testing-library/dom/node_modules/chalk
3175 silly ADD node_modules/@swc/helpers
3176 silly ADD node_modules/@swc/cli
3177 silly ADD node_modules/@swc/cli/node_modules/slash
3178 silly ADD node_modules/@swc/cli/node_modules/commander
3179 silly ADD node_modules/@swc/core
3180 silly ADD node_modules/@swc-node/register
3181 silly ADD node_modules/@swc-node/register/node_modules/@swc-node/core
3182 silly ADD node_modules/@typescript-eslint/parser
3183 silly ADD node_modules/@nx/eslint-plugin
3184 silly ADD node_modules/@nx/eslint-plugin/node_modules/globals
3185 silly ADD node_modules/@nx/eslint-plugin/node_modules/chalk
3186 silly CHANGE node_modules/undici-types
3187 silly CHANGE node_modules/typescript
3188 silly CHANGE node_modules/@typescript-eslint/visitor-keys
3189 silly CHANGE node_modules/@typescript-eslint/utils
3190 silly CHANGE node_modules/@typescript-eslint/typescript-estree
3191 silly CHANGE node_modules/@typescript-eslint/types
3192 silly CHANGE node_modules/@typescript-eslint/type-utils
3193 silly CHANGE node_modules/@typescript-eslint/tsconfig-utils
3194 silly CHANGE node_modules/@typescript-eslint/scope-manager
3195 silly CHANGE node_modules/@typescript-eslint/project-service
3196 silly CHANGE node_modules/@types/node
3197 silly REMOVE node_modules/@nx/eslint/node_modules/typescript
3198 verbose cwd /Users/somanathkambar/IdeaProjects/OrderManagement
3199 verbose os Darwin 25.2.0
3200 verbose node v24.12.0
3201 verbose npm  v11.6.2
3202 verbose exit 0
3203 info ok
